order_id,order_date,ship_date,customer_id,segment,city,state,region,category,product_name,sales,quantity,discount,profit,unit_price,latitude,longitude,year,month,quarter,month_name,profit_margin
ORD-10001,2021-04-02,2021-04-04,CUST-13905,Consumer,New York,NY,East,Office Supplies,Binders,36.86,4,0.2,9.76,11.52,40.6685,-73.8157,2021,4,2,Apr,0.2648
ORD-10006,2020-02-24,2020-02-29,CUST-46463,Home Office,Philadelphia,PA,East,Technology,Cameras,5332.33,7,0.3,299.42,1088.23,39.8798,-75.2302,2020,2,1,Feb,0.0562
ORD-10009,2021-07-23,2021-07-25,CUST-55082,Corporate,Philadelphia,PA,East,Office Supplies,Scissors,83.72,7,0.0,40.1,11.96,40.1802,-75.3008,2021,7,3,Jul,0.479
ORD-10014,2020-09-12,2020-09-16,CUST-35203,Home Office,Chicago,IL,Central,Office Supplies,Tape,131.04,3,0.15,40.25,51.39,41.711,-87.7897,2020,9,3,Sep,0.3072
ORD-10016,2020-06-12,2020-06-19,CUST-58520,Corporate,New York,NY,East,Office Supplies,Paper Reams,265.27,8,0.15,77.48,39.01,40.136,-74.5275,2020,6,2,Jun,0.2921
ORD-10020,2023-10-31,2023-11-06,CUST-59735,Home Office,Dallas,TX,Central,Office Supplies,Binders,179.04,3,0.0,66.58,59.68,32.4762,-96.7057,2023,10,4,Oct,0.3719
ORD-10021,2023-11-03,2023-11-06,CUST-37653,Consumer,St. Louis,MO,Central,Office Supplies,Folders,51.59,2,0.1,14.17,28.66,38.2063,-89.7603,2023,11,4,Nov,0.2747
ORD-10026,2023-08-09,2023-08-13,CUST-66155,Corporate,Dallas,TX,Central,Office Supplies,Tape,211.95,5,0.1,65.43,47.1,32.8003,-97.2274,2023,8,3,Aug,0.3087
ORD-10031,2022-10-07,2022-10-08,CUST-18326,Home Office,Nashville,TN,South,Technology,Tablets,2077.76,2,0.2,68.11,1298.6,36.2033,-87.1253,2022,10,4,Oct,0.0328
ORD-10034,2021-05-29,2021-06-03,CUST-24621,Home Office,Austin,TX,South,Office Supplies,Tape,64.22,1,0.1,21.76,71.36,30.0898,-97.8275,2021,5,2,May,0.3388
ORD-10039,2021-06-23,2021-06-28,CUST-36071,Consumer,Minneapolis,MN,Central,Technology,Headphones,2830.1,6,0.4,-368.15,786.14,45.5357,-93.274,2021,6,2,Jun,-0.1301
ORD-10041,2020-01-02,2020-01-07,CUST-17592,Home Office,Seattle,WA,West,Technology,Cameras,7508.95,11,0.1,654.14,758.48,47.8568,-122.6963,2020,1,1,Jan,0.0871
ORD-10046,2022-09-22,2022-09-29,CUST-31643,Home Office,Phoenix,AZ,West,Technology,Smartphones,3082.97,3,0.3,-29.46,1468.08,32.8621,-112.4685,2022,9,3,Sep,-0.0096
ORD-10050,2023-01-09,2023-01-16,CUST-77839,Consumer,Kansas City,MO,Central,Office Supplies,Scissors,329.51,7,0.15,95.51,55.38,39.3215,-94.5286,2023,1,1,Jan,0.2899
ORD-10052,2021-11-23,2021-11-24,CUST-18834,Consumer,Atlanta,GA,South,Technology,Monitors,16210.61,19,0.0,3472.6,853.19,33.6597,-84.8336,2021,11,4,Nov,0.2142
ORD-10057,2021-07-24,2021-07-30,CUST-71953,Consumer,Boston,MA,East,Technology,Cameras,2885.12,16,0.5,-623.16,360.64,42.2218,-70.7429,2021,7,3,Jul,-0.216
ORD-10058,2020-07-17,2020-07-23,CUST-17944,Consumer,Denver,CO,West,Furniture,Filing Cabinets,4851.7,14,0.0,1538.87,346.55,39.2111,-104.8828,2020,7,3,Jul,0.3172
ORD-10059,2021-01-27,2021-01-29,CUST-68082,Consumer,Memphis,TN,South,Furniture,Desks,6067.93,18,0.05,1460.83,354.85,34.9469,-89.8665,2021,1,1,Jan,0.2407
ORD-10060,2020-07-10,2020-07-17,CUST-31579,Consumer,New York,NY,East,Office Supplies,Folders,134.59,8,0.2,39.24,21.03,40.9894,-74.2618,2020,7,3,Jul,0.2916
ORD-10061,2021-08-07,2021-08-11,CUST-85914,Corporate,Atlanta,GA,South,Furniture,Sofas,6921.05,18,0.05,1692.47,404.74,33.8494,-84.0973,2021,8,3,Aug,0.2445
ORD-10062,2023-04-11,2023-04-15,CUST-34356,Consumer,Jacksonville,FL,East,Furniture,Office Chairs,4477.49,17,0.4,-196.82,438.97,30.2743,-81.9819,2023,4,2,Apr,-0.044
ORD-10067,2020-09-02,2020-09-07,CUST-78522,Corporate,Charlotte,NC,East,Technology,Monitors,3557.72,8,0.5,-853.18,889.43,35.4738,-80.4331,2020,9,3,Sep,-0.2398
ORD-10068,2021-06-27,2021-07-01,CUST-70068,Consumer,Houston,TX,Central,Technology,Keyboards,5119.75,5,0.0,1107.91,1023.95,30.0611,-95.2615,2021,6,2,Jun,0.2164
ORD-10072,2021-06-27,2021-06-29,CUST-81200,Home Office,New York,NY,East,Office Supplies,Paper Reams,392.52,12,0.0,144.35,32.71,40.8184,-73.5486,2021,6,2,Jun,0.3678
ORD-10075,2023-09-29,2023-10-06,CUST-25129,Consumer,Kansas City,MO,Central,Office Supplies,Folders,1357.56,18,0.0,540.59,75.42,39.5694,-95.3659,2023,9,3,Sep,0.3982
ORD-10080,2021-07-31,2021-08-05,CUST-74032,Corporate,Jacksonville,FL,East,Office Supplies,Staplers,331.19,7,0.1,119.59,52.57,30.3561,-81.7397,2021,7,3,Jul,0.3611
ORD-10085,2020-03-31,2020-04-01,CUST-66057,Corporate,Chicago,IL,Central,Technology,Mice,8994.52,11,0.3,-138.62,1168.12,41.2537,-87.7159,2020,3,1,Mar,-0.0154
ORD-10088,2020-03-14,2020-03-21,CUST-15229,Home Office,New York,NY,East,Technology,Tablets,9662.11,12,0.1,1525.22,894.64,41.1534,-74.1655,2020,3,1,Mar,0.1579
ORD-10090,2020-07-29,2020-08-01,CUST-31299,Home Office,Dallas,TX,Central,Office Supplies,Paper Reams,927.9,18,0.0,333.65,51.55,32.6295,-96.5254,2020,7,3,Jul,0.3596
ORD-10092,2021-11-11,2021-11-18,CUST-24168,Home Office,Denver,CO,West,Technology,Tablets,15286.82,14,0.1,2391.43,1213.24,39.5811,-104.826,2021,11,4,Nov,0.1564
ORD-10096,2022-07-31,2022-08-03,CUST-53025,Consumer,Atlanta,GA,South,Furniture,Filing Cabinets,6658.74,10,0.05,1763.59,700.92,34.0406,-84.6006,2022,7,3,Jul,0.2649
ORD-10098,2022-11-09,2022-11-13,CUST-86099,Home Office,Chicago,IL,Central,Furniture,Conference Tables,830.25,18,0.1,169.05,51.25,41.7324,-88.0891,2022,11,4,Nov,0.2036
ORD-10100,2021-12-08,2021-12-14,CUST-43386,Corporate,Chicago,IL,Central,Technology,Smartwatches,3755.23,11,0.5,-620.34,682.77,41.9283,-87.6485,2021,12,4,Dec,-0.1652
ORD-10105,2023-01-07,2023-01-13,CUST-51145,Home Office,Jacksonville,FL,East,Furniture,Office Chairs,499.09,7,0.15,83.98,83.88,29.9054,-81.7762,2023,1,1,Jan,0.1683
ORD-10109,2023-09-27,2023-10-01,CUST-98777,Corporate,Jacksonville,FL,East,Furniture,Rugs,2267.32,11,0.2,278.57,257.65,30.0893,-81.6984,2023,9,3,Sep,0.1229
ORD-10112,2023-01-27,2023-02-03,CUST-70946,Corporate,Phoenix,AZ,West,Office Supplies,Binders,31.96,1,0.5,0.65,63.93,34.0159,-112.0176,2023,1,1,Jan,0.0203
ORD-10115,2022-08-27,2022-09-03,CUST-22240,Home Office,Austin,TX,South,Office Supplies,Paper Reams,164.37,6,0.5,2.12,54.79,30.2477,-98.3156,2022,8,3,Aug,0.0129
ORD-10119,2020-10-28,2020-10-29,CUST-64321,Consumer,Las Vegas,NV,West,Furniture,Filing Cabinets,791.7,2,0.0,236.46,395.85,36.1881,-114.401,2020,10,4,Oct,0.2987
ORD-10123,2022-03-29,2022-03-31,CUST-38683,Corporate,Las Vegas,NV,West,Office Supplies,Scissors,306.6,5,0.0,119.69,61.32,36.2605,-115.1504,2022,3,1,Mar,0.3904
ORD-10128,2023-02-15,2023-02-17,CUST-51588,Consumer,Las Vegas,NV,West,Office Supplies,Tape,132.17,4,0.4,2.85,55.07,36.5128,-114.9144,2023,2,1,Feb,0.0216
ORD-10131,2023-01-27,2023-01-31,CUST-78327,Corporate,New Orleans,LA,South,Office Supplies,Folders,139.31,6,0.05,55.66,24.44,29.6772,-89.6492,2023,1,1,Jan,0.3995
ORD-10133,2020-06-07,2020-06-13,CUST-29769,Corporate,Memphis,TN,South,Technology,Printers,3900.2,10,0.0,584.67,390.02,35.3261,-89.3929,2020,6,2,Jun,0.1499
ORD-10137,2021-03-14,2021-03-15,CUST-61049,Home Office,Denver,CO,West,Office Supplies,Staplers,481.19,14,0.05,149.4,36.18,39.5701,-104.9501,2021,3,1,Mar,0.3105
ORD-10142,2021-12-21,2021-12-24,CUST-38906,Consumer,Charlotte,NC,East,Furniture,Lamps,5960.29,13,0.4,-269.25,764.14,34.7648,-80.8194,2021,12,4,Dec,-0.0452
ORD-10144,2020-02-29,2020-03-04,CUST-91560,Corporate,Miami,FL,South,Furniture,Standing Desks,4963.19,11,0.3,34.17,644.57,25.9121,-80.4658,2020,2,1,Feb,0.0069
ORD-10147,2020-02-25,2020-02-26,CUST-37742,Home Office,Baltimore,MD,East,Office Supplies,Envelopes,98.22,14,0.2,31.18,8.77,39.055,-76.7066,2020,2,1,Feb,0.3175
ORD-10149,2022-05-13,2022-05-16,CUST-95215,Corporate,Nashville,TN,South,Furniture,Standing Desks,1547.21,3,0.15,341.43,606.75,35.8007,-86.7118,2022,5,2,May,0.2207
ORD-10154,2021-02-12,2021-02-19,CUST-38569,Consumer,Jacksonville,FL,East,Technology,Laptops,950.94,1,0.0,271.36,950.94,29.8478,-81.5946,2021,2,1,Feb,0.2854
ORD-10155,2023-05-25,2023-05-30,CUST-50888,Consumer,Memphis,TN,South,Furniture,Conference Tables,312.2,4,0.5,-27.16,156.1,35.3845,-90.4211,2023,5,2,May,-0.087
ORD-10156,2023-04-27,2023-05-03,CUST-84177,Consumer,Austin,TX,South,Office Supplies,Paper Reams,275.08,8,0.5,-18.16,68.77,30.4266,-97.6509,2023,4,2,Apr,-0.066
ORD-10157,2022-01-28,2022-01-29,CUST-66822,Home Office,Boston,MA,East,Office Supplies,Scissors,434.35,17,0.3,74.94,36.5,42.4639,-71.264,2022,1,1,Jan,0.1725
ORD-10161,2020-12-26,2021-01-01,CUST-70931,Corporate,St. Louis,MO,Central,Furniture,Bookshelves,2427.19,17,0.4,-20.36,237.96,38.7179,-90.4143,2020,12,4,Dec,-0.0084
ORD-10166,2021-05-17,2021-05-24,CUST-97580,Corporate,Memphis,TN,South,Office Supplies,Binders,91.94,3,0.5,8.58,61.29,35.2921,-90.4074,2021,5,2,May,0.0933
ORD-10169,2021-01-07,2021-01-11,CUST-82848,Corporate,Nashville,TN,South,Technology,Headphones,1975.75,7,0.5,-290.78,564.5,35.8776,-86.5439,2021,1,1,Jan,-0.1472
ORD-10173,2022-04-12,2022-04-16,CUST-12260,Consumer,Charlotte,NC,East,Technology,Smartphones,14481.68,18,0.3,549.29,1149.34,34.9838,-80.551,2022,4,2,Apr,0.0379
ORD-10176,2021-05-13,2021-05-16,CUST-56112,Home Office,Boston,MA,East,Technology,Mice,6669.91,19,0.4,-529.33,585.08,42.6066,-70.491,2021,5,2,May,-0.0794
ORD-10178,2020-09-04,2020-09-10,CUST-38361,Consumer,Nashville,TN,South,Furniture,Sofas,4214.14,7,0.0,1212.54,602.02,35.9439,-87.0469,2020,9,3,Sep,0.2877
ORD-10179,2023-05-07,2023-05-10,CUST-80010,Home Office,Nashville,TN,South,Office Supplies,Envelopes,115.45,4,0.1,32.23,32.07,36.1469,-86.6777,2023,5,2,May,0.2792
ORD-10184,2021-08-21,2021-08-27,CUST-47268,Home Office,Seattle,WA,West,Technology,Laptops,4874.55,5,0.0,1139.84,974.91,47.8582,-122.3261,2021,8,3,Aug,0.2338
ORD-10185,2020-04-15,2020-04-18,CUST-29887,Consumer,Austin,TX,South,Furniture,Conference Tables,642.48,16,0.5,-17.55,80.31,30.1906,-96.9239,2020,4,2,Apr,-0.0273
ORD-10189,2020-08-30,2020-09-04,CUST-69049,Consumer,Phoenix,AZ,West,Furniture,Desks,5366.51,14,0.4,60.55,638.87,33.1929,-112.3913,2020,8,3,Aug,0.0113
ORD-10191,2023-03-10,2023-03-15,CUST-44687,Corporate,Nashville,TN,South,Office Supplies,Scissors,144.53,2,0.05,55.52,76.07,36.103,-86.5658,2023,3,1,Mar,0.3841
ORD-10193,2020-06-02,2020-06-04,CUST-47762,Home Office,Philadelphia,PA,East,Technology,Tablets,642.35,1,0.0,156.52,642.35,39.9282,-75.414,2020,6,2,Jun,0.2437
ORD-10195,2021-04-23,2021-04-26,CUST-94886,Home Office,St. Louis,MO,Central,Furniture,Desks,8537.69,19,0.4,-817.42,748.92,38.496,-89.9431,2021,4,2,Apr,-0.0957
ORD-10196,2020-12-05,2020-12-12,CUST-71433,Consumer,Seattle,WA,West,Technology,Smartphones,6389.67,10,0.3,-59.39,912.81,47.2363,-122.278,2020,12,4,Dec,-0.0093
ORD-10201,2023-01-10,2023-01-14,CUST-42816,Home Office,St. Louis,MO,Central,Furniture,Sofas,773.8,15,0.15,154.19,60.69,38.3648,-90.1539,2023,1,1,Jan,0.1993
ORD-10205,2020-02-12,2020-02-19,CUST-46458,Home Office,New York,NY,East,Technology,Smartwatches,4782.02,9,0.4,-464.28,885.56,40.3671,-73.9027,2020,2,1,Feb,-0.0971
ORD-10209,2022-08-20,2022-08-23,CUST-74942,Consumer,Phoenix,AZ,West,Furniture,Lamps,6497.4,14,0.15,1351.71,546.0,33.7749,-111.7539,2022,8,3,Aug,0.208
ORD-10210,2022-07-20,2022-07-21,CUST-96200,Consumer,St. Louis,MO,Central,Furniture,Rugs,787.12,11,0.4,-69.96,119.26,38.3487,-90.0455,2022,7,3,Jul,-0.0889
ORD-10212,2022-01-10,2022-01-15,CUST-47752,Home Office,Austin,TX,South,Technology,Monitors,9185.66,16,0.4,-682.59,956.84,30.4245,-96.5842,2022,1,1,Jan,-0.0743
ORD-10213,2023-07-14,2023-07-19,CUST-39451,Consumer,Memphis,TN,South,Furniture,Desks,1723.39,8,0.2,290.47,269.28,35.4907,-89.7638,2023,7,3,Jul,0.1685
ORD-10218,2021-08-20,2021-08-25,CUST-28958,Corporate,Baltimore,MD,East,Technology,Tablets,4110.5,9,0.3,51.67,652.46,39.1954,-76.3823,2021,8,3,Aug,0.0126
ORD-10221,2020-10-06,2020-10-13,CUST-10336,Home Office,Miami,FL,South,Office Supplies,Folders,65.02,3,0.4,2.69,36.12,25.699,-80.3356,2020,10,4,Oct,0.0414
ORD-10225,2023-09-13,2023-09-17,CUST-69682,Home Office,St. Louis,MO,Central,Furniture,Wardrobes,1208.82,5,0.4,-19.23,402.94,39.3244,-90.7602,2023,9,3,Sep,-0.0159
ORD-10229,2022-02-23,2022-02-25,CUST-96991,Home Office,Dallas,TX,Central,Office Supplies,Paper Reams,648.37,14,0.2,177.86,57.89,32.2962,-96.9416,2022,2,1,Feb,0.2743
ORD-10230,2023-04-23,2023-04-26,CUST-28894,Home Office,Denver,CO,West,Technology,Tablets,3689.22,4,0.3,127.08,1317.58,39.7593,-105.3033,2023,4,2,Apr,0.0344
ORD-10234,2021-06-26,2021-06-29,CUST-51505,Corporate,Memphis,TN,South,Technology,Smartphones,12653.04,20,0.4,-1717.84,1054.42,35.3539,-90.2691,2021,6,2,Jun,-0.1358
ORD-10235,2021-04-25,2021-05-01,CUST-68153,Consumer,New Orleans,LA,South,Technology,Smartwatches,14962.7,10,0.0,3453.73,1496.27,29.9637,-90.2655,2021,4,2,Apr,0.2308
ORD-10239,2021-10-26,2021-11-02,CUST-84177,Consumer,Las Vegas,NV,West,Furniture,Office Chairs,382.36,2,0.4,33.34,318.63,36.3602,-115.7475,2021,10,4,Oct,0.0872
ORD-10243,2022-02-22,2022-02-27,CUST-43466,Home Office,San Francisco,CA,West,Technology,Smartphones,5555.66,8,0.1,829.59,771.62,37.5715,-122.1643,2022,2,1,Feb,0.1493
ORD-10247,2020-05-31,2020-06-04,CUST-49599,Consumer,Baltimore,MD,East,Furniture,Rugs,2811.78,12,0.1,507.17,260.35,39.2556,-76.4585,2020,5,2,May,0.1804
ORD-10250,2022-02-20,2022-02-25,CUST-11061,Consumer,Denver,CO,West,Furniture,Desks,7625.95,12,0.2,1397.74,794.37,39.3799,-105.0804,2022,2,1,Feb,0.1833
ORD-10251,2021-04-16,2021-04-21,CUST-92242,Corporate,Charlotte,NC,East,Office Supplies,Tape,285.6,12,0.0,107.46,23.8,35.034,-80.3104,2021,4,2,Apr,0.3763
ORD-10253,2022-01-17,2022-01-23,CUST-27322,Home Office,Boston,MA,East,Furniture,Office Chairs,1286.2,5,0.0,411.9,257.24,41.9817,-70.7846,2022,1,1,Jan,0.3202
ORD-10257,2021-06-10,2021-06-17,CUST-19869,Consumer,Kansas City,MO,Central,Office Supplies,Binders,1124.48,16,0.0,569.11,70.28,39.4097,-95.0358,2021,6,2,Jun,0.5061
ORD-10262,2022-01-19,2022-01-20,CUST-59941,Home Office,San Francisco,CA,West,Office Supplies,Scissors,457.59,13,0.1,135.35,39.11,38.1501,-122.6323,2022,1,1,Jan,0.2958
ORD-10265,2020-02-21,2020-02-26,CUST-95097,Corporate,Chicago,IL,Central,Office Supplies,Paper Reams,674.98,18,0.3,122.98,53.57,42.0824,-87.9281,2020,2,1,Feb,0.1822
ORD-10268,2021-09-15,2021-09-19,CUST-97881,Consumer,Atlanta,GA,South,Technology,Laptops,534.6,4,0.3,-12.28,190.93,32.7776,-84.6973,2021,9,3,Sep,-0.023
ORD-10270,2023-09-03,2023-09-04,CUST-68115,Corporate,New Orleans,LA,South,Office Supplies,Staplers,353.33,16,0.15,94.47,25.98,29.5757,-89.5803,2023,9,3,Sep,0.2674
ORD-10271,2022-01-22,2022-01-27,CUST-96870,Home Office,Miami,FL,South,Furniture,Desks,2036.41,12,0.3,-23.43,242.43,25.638,-80.1508,2022,1,1,Jan,-0.0115
ORD-10276,2020-04-13,2020-04-20,CUST-37152,Consumer,Las Vegas,NV,West,Office Supplies,Envelopes,520.74,11,0.0,245.82,47.34,35.7392,-114.7911,2020,4,2,Apr,0.4721
ORD-10277,2020-01-06,2020-01-09,CUST-27275,Home Office,San Francisco,CA,West,Furniture,Bookshelves,2229.85,5,0.0,670.1,445.97,37.4755,-122.2814,2020,1,1,Jan,0.3005
ORD-10281,2020-02-02,2020-02-04,CUST-68756,Corporate,Boston,MA,East,Technology,Smartwatches,1133.82,9,0.0,260.73,125.98,42.1799,-71.0391,2020,2,1,Feb,0.23
ORD-10284,2022-10-28,2022-10-30,CUST-70036,Corporate,Kansas City,MO,Central,Office Supplies,Notebooks,840.24,20,0.4,51.03,70.02,39.1341,-94.3814,2022,10,4,Oct,0.0607
ORD-10289,2023-11-06,2023-11-07,CUST-29442,Corporate,New York,NY,East,Furniture,Standing Desks,5052.94,16,0.15,1310.23,371.54,40.3387,-73.3701,2023,11,4,Nov,0.2593
ORD-10294,2023-04-13,2023-04-18,CUST-66387,Home Office,Philadelphia,PA,East,Furniture,Wardrobes,3233.93,11,0.4,-380.32,489.99,39.9045,-74.9835,2023,4,2,Apr,-0.1176
ORD-10298,2021-03-16,2021-03-20,CUST-22463,Home Office,Jacksonville,FL,East,Technology,Cameras,16052.76,15,0.2,1188.7,1337.73,30.1432,-81.7124,2021,3,1,Mar,0.074
ORD-10301,2020-11-08,2020-11-14,CUST-27054,Corporate,Minneapolis,MN,Central,Furniture,Sofas,10727.36,16,0.0,2953.78,670.46,44.8032,-93.0151,2020,11,4,Nov,0.2754
ORD-10304,2023-10-04,2023-10-05,CUST-88696,Corporate,Charlotte,NC,East,Office Supplies,Folders,857.78,14,0.0,358.42,61.27,35.0221,-80.5701,2023,10,4,Oct,0.4178
ORD-10305,2021-03-11,2021-03-13,CUST-46512,Home Office,Houston,TX,Central,Technology,Smartwatches,5102.18,16,0.15,588.61,375.16,30.0039,-95.1811,2021,3,1,Mar,0.1154
ORD-10306,2023-10-14,2023-10-20,CUST-33647,Home Office,Denver,CO,West,Office Supplies,Envelopes,1088.8,18,0.1,303.29,67.21,39.5719,-104.7558,2023,10,4,Oct,0.2786
ORD-10307,2020-01-13,2020-01-15,CUST-79531,Corporate,St. Louis,MO,Central,Furniture,Conference Tables,1693.0,5,0.0,559.57,338.6,38.6237,-90.1648,2020,1,1,Jan,0.3305
ORD-10308,2020-11-18,2020-11-21,CUST-30392,Corporate,Denver,CO,West,Furniture,Lamps,6281.6,10,0.0,2285.77,628.16,39.5625,-104.8159,2020,11,4,Nov,0.3639
ORD-10309,2022-06-26,2022-07-02,CUST-55242,Corporate,Phoenix,AZ,West,Technology,Smartphones,6335.36,14,0.4,-697.58,754.21,33.3847,-111.7404,2022,6,2,Jun,-0.1101
ORD-10311,2022-12-15,2022-12-21,CUST-49507,Corporate,Atlanta,GA,South,Furniture,Wardrobes,3343.5,10,0.0,1141.04,334.35,33.9941,-83.9984,2022,12,4,Dec,0.3413
ORD-10316,2020-09-02,2020-09-03,CUST-83233,Corporate,San Francisco,CA,West,Furniture,Sofas,2512.26,16,0.05,655.83,165.28,37.9746,-122.5131,2020,9,3,Sep,0.2611
ORD-10319,2020-02-08,2020-02-12,CUST-25096,Corporate,Chicago,IL,Central,Furniture,Office Chairs,1135.99,3,0.2,177.45,473.33,41.811,-87.6209,2020,2,1,Feb,0.1562
ORD-10323,2022-07-31,2022-08-07,CUST-78676,Home Office,Atlanta,GA,South,Furniture,Bookshelves,4081.5,12,0.5,-286.69,680.25,33.5045,-83.7623,2022,7,3,Jul,-0.0702
ORD-10326,2021-11-13,2021-11-20,CUST-56019,Consumer,Baltimore,MD,East,Furniture,Conference Tables,2950.21,6,0.05,618.66,517.58,38.9257,-76.2626,2021,11,4,Nov,0.2097
ORD-10330,2021-02-08,2021-02-10,CUST-83889,Corporate,San Francisco,CA,West,Technology,Tablets,3803.24,20,0.3,74.48,271.66,37.9572,-122.2315,2021,2,1,Feb,0.0196
ORD-10335,2023-07-08,2023-07-11,CUST-17362,Corporate,Memphis,TN,South,Office Supplies,Envelopes,235.58,5,0.1,75.24,52.35,34.8808,-90.0273,2023,7,3,Jul,0.3194
ORD-10340,2022-07-14,2022-07-15,CUST-87867,Corporate,Kansas City,MO,Central,Technology,Printers,1169.34,2,0.0,217.66,584.67,39.3925,-94.6241,2022,7,3,Jul,0.1861
ORD-10341,2020-03-25,2020-03-29,CUST-69050,Home Office,Austin,TX,South,Office Supplies,Folders,772.73,19,0.0,277.2,40.67,30.1736,-97.6161,2020,3,1,Mar,0.3587
ORD-10346,2023-08-16,2023-08-18,CUST-30807,Home Office,Boston,MA,East,Office Supplies,Notebooks,45.55,2,0.4,2.36,37.96,42.1133,-70.9869,2023,8,3,Aug,0.0518
ORD-10347,2021-11-23,2021-11-29,CUST-83133,Corporate,Houston,TX,Central,Furniture,Standing Desks,8768.26,20,0.15,1685.68,515.78,29.6079,-95.5113,2021,11,4,Nov,0.1922
ORD-10349,2021-11-13,2021-11-14,CUST-87993,Consumer,Nashville,TN,South,Furniture,Wardrobes,11185.53,19,0.2,1695.75,735.89,35.7356,-87.2022,2021,11,4,Nov,0.1516
ORD-10350,2021-11-03,2021-11-10,CUST-94675,Home Office,Boston,MA,East,Office Supplies,Scissors,181.23,5,0.4,7.99,60.41,42.296,-70.9667,2021,11,4,Nov,0.0441
ORD-10352,2021-09-24,2021-09-26,CUST-20114,Corporate,New Orleans,LA,South,Furniture,Office Chairs,4339.58,7,0.0,1622.0,619.94,30.2073,-90.118,2021,9,3,Sep,0.3738
ORD-10354,2022-12-14,2022-12-15,CUST-33703,Home Office,Chicago,IL,Central,Office Supplies,Folders,547.69,11,0.0,218.56,49.79,41.5492,-87.6556,2022,12,4,Dec,0.3991
ORD-10356,2022-01-16,2022-01-22,CUST-79993,Corporate,Las Vegas,NV,West,Furniture,Office Chairs,2800.9,8,0.3,127.63,500.16,36.2668,-115.3882,2022,1,1,Jan,0.0456
ORD-10360,2023-10-21,2023-10-26,CUST-31241,Corporate,Seattle,WA,West,Furniture,Filing Cabinets,2222.64,15,0.4,13.26,246.96,48.0698,-122.3626,2023,10,4,Oct,0.006
ORD-10363,2023-08-06,2023-08-10,CUST-20993,Consumer,Phoenix,AZ,West,Technology,Printers,10248.96,12,0.0,2460.63,854.08,33.657,-112.1904,2023,8,3,Aug,0.2401
ORD-10364,2022-06-14,2022-06-15,CUST-61964,Consumer,Seattle,WA,West,Furniture,Rugs,4551.42,8,0.2,688.2,711.16,47.6138,-122.3007,2022,6,2,Jun,0.1512
ORD-10366,2021-04-04,2021-04-05,CUST-15020,Corporate,Dallas,TX,Central,Furniture,Desks,7437.87,11,0.0,1943.88,676.17,32.7874,-96.6506,2021,4,2,Apr,0.2613
ORD-10371,2022-08-18,2022-08-22,CUST-89807,Home Office,Minneapolis,MN,Central,Office Supplies,Staplers,483.8,20,0.0,228.62,24.19,45.2678,-92.624,2022,8,3,Aug,0.4726
ORD-10375,2020-09-06,2020-09-07,CUST-88215,Corporate,Atlanta,GA,South,Furniture,Filing Cabinets,5130.4,8,0.0,1342.28,641.3,34.0117,-84.335,2020,9,3,Sep,0.2616
ORD-10376,2020-10-21,2020-10-24,CUST-78614,Consumer,Jacksonville,FL,East,Office Supplies,Envelopes,669.2,14,0.0,340.95,47.8,30.0875,-81.9019,2020,10,4,Oct,0.5095
ORD-10379,2022-11-05,2022-11-10,CUST-12128,Home Office,Chicago,IL,Central,Office Supplies,Folders,44.78,1,0.15,11.2,52.68,41.2128,-87.8077,2022,11,4,Nov,0.2501
ORD-10382,2023-09-07,2023-09-13,CUST-81567,Home Office,Chicago,IL,Central,Furniture,Filing Cabinets,2384.36,4,0.0,624.81,596.09,41.8951,-87.5475,2023,9,3,Sep,0.262
ORD-10383,2022-09-07,2022-09-13,CUST-48462,Home Office,St. Louis,MO,Central,Technology,Headphones,5152.01,6,0.3,380.26,1226.67,38.9151,-90.3731,2022,9,3,Sep,0.0738
ORD-10386,2021-09-27,2021-10-02,CUST-56789,Corporate,Los Angeles,CA,West,Technology,Laptops,18330.24,13,0.05,2476.04,1484.23,34.1976,-118.6361,2021,9,3,Sep,0.1351
ORD-10390,2022-01-23,2022-01-27,CUST-75211,Consumer,Jacksonville,FL,East,Furniture,Sofas,9345.31,13,0.0,3659.37,718.87,30.6838,-81.7908,2022,1,1,Jan,0.3916
ORD-10391,2022-05-19,2022-05-20,CUST-20494,Home Office,Kansas City,MO,Central,Furniture,Desks,7892.08,14,0.15,744.56,663.2,39.5062,-94.6144,2022,5,2,May,0.0943
ORD-10396,2023-05-19,2023-05-25,CUST-67008,Corporate,St. Louis,MO,Central,Furniture,Sofas,4424.54,14,0.15,1070.26,371.81,38.1517,-90.3798,2023,5,2,May,0.2419
ORD-10398,2023-07-29,2023-08-02,CUST-89635,Home Office,St. Louis,MO,Central,Technology,Smartphones,9527.64,12,0.0,2098.58,793.97,38.6441,-90.335,2023,7,3,Jul,0.2203
ORD-10401,2023-08-14,2023-08-17,CUST-58760,Consumer,Atlanta,GA,South,Technology,Smartphones,5083.18,12,0.3,56.64,605.14,33.4297,-84.4327,2023,8,3,Aug,0.0111
ORD-10405,2022-01-21,2022-01-25,CUST-77861,Home Office,Atlanta,GA,South,Office Supplies,Staplers,148.61,11,0.0,60.34,13.51,33.9043,-84.1765,2022,1,1,Jan,0.406
ORD-10407,2023-12-12,2023-12-16,CUST-26074,Corporate,New Orleans,LA,South,Technology,Printers,7324.18,7,0.3,-558.34,1494.73,29.4898,-89.6867,2023,12,4,Dec,-0.0762
ORD-10410,2022-06-30,2022-07-01,CUST-30644,Home Office,Los Angeles,CA,West,Furniture,Bookshelves,5705.87,11,0.1,1350.1,576.35,33.8255,-117.7747,2022,6,2,Jun,0.2366
ORD-10413,2021-02-15,2021-02-22,CUST-71263,Consumer,Seattle,WA,West,Office Supplies,Paper Reams,80.17,5,0.5,0.46,32.07,47.9638,-122.3097,2021,2,1,Feb,0.0057
ORD-10415,2022-03-26,2022-04-01,CUST-51553,Corporate,Phoenix,AZ,West,Technology,Smartphones,12996.16,16,0.0,4198.25,812.26,33.9766,-112.1447,2022,3,1,Mar,0.323
ORD-10420,2020-09-19,2020-09-26,CUST-17263,Corporate,Baltimore,MD,East,Furniture,Rugs,2449.58,18,0.2,461.94,170.11,39.4836,-76.1994,2020,9,3,Sep,0.1886
ORD-10423,2020-11-27,2020-11-30,CUST-35729,Consumer,Charlotte,NC,East,Technology,Printers,4413.84,8,0.0,758.09,551.73,35.4358,-80.5225,2020,11,4,Nov,0.1718
ORD-10428,2022-12-28,2022-12-29,CUST-89316,Home Office,Dallas,TX,Central,Office Supplies,Binders,825.35,17,0.0,257.56,48.55,32.425,-97.4118,2022,12,4,Dec,0.3121
ORD-10429,2020-04-03,2020-04-09,CUST-75278,Consumer,Kansas City,MO,Central,Technology,Laptops,4120.62,19,0.5,-797.22,433.75,39.3153,-94.1293,2020,4,2,Apr,-0.1935
ORD-10433,2023-11-03,2023-11-07,CUST-70875,Consumer,St. Louis,MO,Central,Furniture,Lamps,4481.84,10,0.2,644.06,560.23,39.1186,-90.614,2023,11,4,Nov,0.1437
ORD-10434,2021-10-15,2021-10-21,CUST-51827,Corporate,Seattle,WA,West,Office Supplies,Staplers,236.09,12,0.4,-1.22,32.79,47.5933,-122.2148,2021,10,4,Oct,-0.0052
ORD-10436,2021-05-22,2021-05-24,CUST-30932,Corporate,Denver,CO,West,Technology,Printers,394.82,4,0.2,23.04,123.38,39.1198,-105.0067,2021,5,2,May,0.0584
ORD-10440,2020-11-22,2020-11-26,CUST-76249,Consumer,Kansas City,MO,Central,Office Supplies,Sticky Notes,719.1,17,0.0,240.74,42.3,39.3009,-94.47,2020,11,4,Nov,0.3348
ORD-10443,2020-04-09,2020-04-10,CUST-80345,Corporate,Miami,FL,South,Technology,Smartwatches,5373.2,10,0.3,-359.97,767.6,25.6158,-80.5078,2020,4,2,Apr,-0.067
ORD-10446,2022-01-19,2022-01-26,CUST-82512,Corporate,New York,NY,East,Furniture,Bookshelves,4179.86,13,0.05,1073.66,338.45,40.9965,-74.3057,2022,1,1,Jan,0.2569
ORD-10449,2023-01-31,2023-02-03,CUST-54444,Corporate,Chicago,IL,Central,Furniture,Rugs,1943.68,20,0.2,321.1,121.48,41.6909,-87.8879,2023,1,1,Jan,0.1652
ORD-10454,2022-04-02,2022-04-07,CUST-69898,Home Office,Dallas,TX,Central,Technology,Smartwatches,161.97,2,0.3,-4.11,115.69,32.4694,-96.9661,2022,4,2,Apr,-0.0254
ORD-10457,2023-06-09,2023-06-12,CUST-76494,Corporate,Phoenix,AZ,West,Office Supplies,Staplers,204.6,6,0.5,-12.25,68.2,34.0394,-112.0594,2023,6,2,Jun,-0.0599
ORD-10462,2020-02-04,2020-02-07,CUST-72205,Corporate,Memphis,TN,South,Office Supplies,Binders,536.58,11,0.0,195.86,48.78,35.2142,-90.0837,2020,2,1,Feb,0.365
ORD-10464,2020-04-15,2020-04-20,CUST-99224,Consumer,St. Louis,MO,Central,Office Supplies,Envelopes,658.94,16,0.2,150.87,51.48,38.8143,-89.9727,2020,4,2,Apr,0.229
ORD-10469,2020-02-08,2020-02-12,CUST-71814,Consumer,Los Angeles,CA,West,Office Supplies,Notebooks,133.91,11,0.4,7.16,20.29,33.8773,-118.3225,2020,2,1,Feb,0.0535
ORD-10472,2023-02-22,2023-02-25,CUST-81601,Consumer,Jacksonville,FL,East,Technology,Cameras,7794.62,16,0.4,-1676.59,811.94,29.8754,-81.2399,2023,2,1,Feb,-0.2151
ORD-10475,2022-09-18,2022-09-20,CUST-37168,Home Office,St. Louis,MO,Central,Office Supplies,Binders,544.39,8,0.1,218.98,75.61,38.5553,-90.027,2022,9,3,Sep,0.4022
ORD-10478,2021-07-14,2021-07-17,CUST-29198,Home Office,Nashville,TN,South,Furniture,Conference Tables,1434.43,4,0.2,223.14,448.26,37.0937,-86.4441,2021,7,3,Jul,0.1556
ORD-10483,2022-06-24,2022-06-30,CUST-45601,Corporate,Chicago,IL,Central,Furniture,Desks,1577.64,9,0.1,336.99,194.77,41.5633,-88.1319,2022,6,2,Jun,0.2136
ORD-10487,2021-05-11,2021-05-12,CUST-23178,Consumer,Los Angeles,CA,West,Office Supplies,Envelopes,180.77,17,0.15,52.45,12.51,33.8231,-118.6667,2021,5,2,May,0.2901
ORD-10488,2023-08-30,2023-09-03,CUST-21725,Corporate,Los Angeles,CA,West,Office Supplies,Staplers,382.18,16,0.1,109.94,26.54,33.7255,-117.7339,2023,8,3,Aug,0.2877
ORD-10490,2022-05-05,2022-05-12,CUST-47941,Consumer,Phoenix,AZ,West,Office Supplies,Pens,284.42,6,0.3,58.04,67.72,33.4476,-111.626,2022,5,2,May,0.2041
ORD-10495,2020-08-07,2020-08-10,CUST-71344,Home Office,New York,NY,East,Furniture,Wardrobes,5238.1,10,0.0,1591.69,523.81,40.4516,-73.5531,2020,8,3,Aug,0.3039
ORD-10500,2022-07-28,2022-08-03,CUST-98395,Consumer,Dallas,TX,Central,Technology,Keyboards,8844.96,9,0.1,1476.63,1091.97,32.4688,-96.8571,2022,7,3,Jul,0.1669
ORD-10503,2022-11-21,2022-11-24,CUST-42512,Corporate,San Francisco,CA,West,Office Supplies,Scissors,165.12,3,0.3,19.19,78.63,37.3552,-122.1421,2022,11,4,Nov,0.1162
ORD-10505,2021-06-30,2021-07-03,CUST-18142,Corporate,Boston,MA,East,Furniture,Filing Cabinets,4004.52,10,0.15,1103.13,471.12,41.9404,-70.8911,2021,6,2,Jun,0.2755
ORD-10510,2023-11-06,2023-11-11,CUST-38947,Corporate,Baltimore,MD,East,Furniture,Bookshelves,4435.38,10,0.15,654.08,521.81,39.1439,-76.7877,2023,11,4,Nov,0.1475
ORD-10512,2023-05-25,2023-05-28,CUST-99173,Corporate,San Francisco,CA,West,Furniture,Bookshelves,9746.9,14,0.05,2113.13,732.85,37.7846,-122.6693,2023,5,2,May,0.2168
ORD-10517,2022-01-10,2022-01-11,CUST-80341,Home Office,Charlotte,NC,East,Furniture,Rugs,12060.29,19,0.05,3298.76,668.16,35.2149,-80.9117,2022,1,1,Jan,0.2735
ORD-10518,2020-08-26,2020-09-01,CUST-69432,Corporate,San Francisco,CA,West,Furniture,Rugs,1991.36,7,0.3,29.12,406.4,37.597,-122.1934,2020,8,3,Aug,0.0146
ORD-10519,2020-04-28,2020-05-03,CUST-38560,Home Office,Phoenix,AZ,West,Furniture,Lamps,3608.42,15,0.1,884.23,267.29,33.1567,-112.0402,2020,4,2,Apr,0.245
ORD-10522,2020-05-10,2020-05-15,CUST-63591,Home Office,New York,NY,East,Furniture,Conference Tables,166.28,2,0.0,56.13,83.14,40.2092,-73.847,2020,5,2,May,0.3376
ORD-10524,2022-02-22,2022-02-26,CUST-95660,Corporate,San Francisco,CA,West,Office Supplies,Scissors,426.11,13,0.4,19.97,54.63,37.9412,-122.649,2022,2,1,Feb,0.0469
ORD-10529,2022-12-19,2022-12-21,CUST-65591,Corporate,Chicago,IL,Central,Technology,Cameras,7058.74,8,0.3,-778.18,1260.49,41.3617,-87.6356,2022,12,4,Dec,-0.1102
ORD-10534,2020-11-13,2020-11-16,CUST-12050,Corporate,Miami,FL,South,Technology,Headphones,7891.8,7,0.2,575.99,1409.25,25.4987,-79.9984,2020,11,4,Nov,0.073
ORD-10538,2020-03-09,2020-03-13,CUST-67535,Home Office,San Francisco,CA,West,Technology,Smartphones,20488.6,20,0.0,2805.38,1024.43,37.7502,-122.7833,2020,3,1,Mar,0.1369
ORD-10541,2022-10-28,2022-10-31,CUST-41051,Consumer,Phoenix,AZ,West,Technology,Laptops,4931.56,8,0.5,-1048.41,1232.89,33.4642,-112.3281,2022,10,4,Oct,-0.2126
ORD-10545,2022-04-26,2022-04-29,CUST-82856,Consumer,Dallas,TX,Central,Office Supplies,Folders,638.82,9,0.0,243.24,70.98,33.0819,-96.9731,2022,4,2,Apr,0.3808
ORD-10549,2021-10-14,2021-10-20,CUST-41584,Home Office,Atlanta,GA,South,Furniture,Standing Desks,2191.64,14,0.4,47.74,260.91,33.4111,-84.2311,2021,10,4,Oct,0.0218
ORD-10552,2020-04-28,2020-05-03,CUST-36651,Corporate,Seattle,WA,West,Office Supplies,Staplers,200.3,14,0.05,86.55,15.06,46.8685,-122.5691,2020,4,2,Apr,0.4321
ORD-10553,2020-07-08,2020-07-13,CUST-34662,Corporate,St. Louis,MO,Central,Technology,Headphones,873.11,7,0.0,217.28,124.73,38.5691,-90.0887,2020,7,3,Jul,0.2489
ORD-10555,2020-02-01,2020-02-03,CUST-89220,Corporate,Denver,CO,West,Technology,Keyboards,7080.55,7,0.3,-355.44,1445.01,39.766,-105.0267,2020,2,1,Feb,-0.0502
ORD-10559,2021-08-02,2021-08-06,CUST-71080,Corporate,Denver,CO,West,Technology,Cameras,7414.11,15,0.4,-308.51,823.79,39.8163,-104.8787,2021,8,3,Aug,-0.0416
ORD-10562,2022-01-29,2022-02-01,CUST-82523,Consumer,Jacksonville,FL,East,Furniture,Conference Tables,9734.9,14,0.0,2719.99,695.35,30.1837,-81.7798,2022,1,1,Jan,0.2794
ORD-10565,2021-04-16,2021-04-20,CUST-74044,Corporate,Nashville,TN,South,Technology,Monitors,20322.84,19,0.15,2433.1,1258.38,36.0437,-86.6931,2021,4,2,Apr,0.1197
ORD-10570,2020-10-13,2020-10-19,CUST-14433,Consumer,Austin,TX,South,Technology,Keyboards,13645.08,18,0.0,4417.87,758.06,30.5313,-97.8378,2020,10,4,Oct,0.3238
ORD-10573,2020-10-08,2020-10-15,CUST-17923,Corporate,Jacksonville,FL,East,Technology,Laptops,831.88,8,0.3,33.33,148.55,30.2076,-82.2614,2020,10,4,Oct,0.0401
ORD-10574,2022-12-25,2022-12-30,CUST-75826,Consumer,Memphis,TN,South,Furniture,Office Chairs,5514.39,14,0.1,935.22,437.65,34.5888,-90.1555,2022,12,4,Dec,0.1696
ORD-10575,2020-10-31,2020-11-02,CUST-58896,Home Office,Miami,FL,South,Technology,Smartphones,5312.61,7,0.2,323.65,948.68,26.2729,-80.0919,2020,10,4,Oct,0.0609
ORD-10579,2021-04-07,2021-04-10,CUST-59710,Home Office,Austin,TX,South,Office Supplies,Paper Reams,185.91,3,0.0,72.33,61.97,30.5188,-98.4033,2021,4,2,Apr,0.3891
ORD-10584,2020-01-20,2020-01-26,CUST-22499,Home Office,New Orleans,LA,South,Furniture,Office Chairs,3472.59,6,0.15,665.98,680.9,30.1813,-90.5136,2020,1,1,Jan,0.1918
ORD-10586,2021-07-09,2021-07-10,CUST-51220,Corporate,Philadelphia,PA,East,Technology,Smartwatches,3127.26,3,0.0,866.84,1042.42,40.0515,-75.2846,2021,7,3,Jul,0.2772
ORD-10591,2022-03-26,2022-03-27,CUST-53480,Home Office,Philadelphia,PA,East,Office Supplies,Staplers,540.8,10,0.2,146.9,67.6,40.6312,-75.1054,2022,3,1,Mar,0.2716
ORD-10596,2021-12-09,2021-12-10,CUST-61996,Home Office,Memphis,TN,South,Technology,Smartphones,1367.56,4,0.5,-229.19,683.78,35.0122,-90.305,2021,12,4,Dec,-0.1676
ORD-10600,2022-10-01,2022-10-03,CUST-21232,Corporate,Chicago,IL,Central,Office Supplies,Binders,113.58,12,0.5,4.72,18.93,41.5932,-87.6285,2022,10,4,Oct,0.0416
ORD-10603,2021-07-02,2021-07-04,CUST-23965,Consumer,Dallas,TX,Central,Office Supplies,Notebooks,668.19,13,0.15,171.13,60.47,32.9237,-96.6999,2021,7,3,Jul,0.2561
ORD-10607,2021-07-06,2021-07-07,CUST-23538,Corporate,New York,NY,East,Furniture,Lamps,1085.55,5,0.4,34.6,361.85,40.557,-74.091,2021,7,3,Jul,0.0319
ORD-10612,2023-05-07,2023-05-12,CUST-41816,Consumer,New York,NY,East,Furniture,Rugs,434.5,11,0.0,109.09,39.5,40.5767,-73.8968,2023,5,2,May,0.2511
ORD-10615,2021-07-04,2021-07-07,CUST-73469,Consumer,Las Vegas,NV,West,Furniture,Bookshelves,566.78,9,0.2,100.8,78.72,35.8934,-114.8791,2021,7,3,Jul,0.1778
ORD-10619,2023-07-04,2023-07-08,CUST-53544,Home Office,Boston,MA,East,Furniture,Filing Cabinets,7651.0,20,0.0,2813.9,382.55,42.484,-70.497,2023,7,3,Jul,0.3678
ORD-10622,2023-08-26,2023-08-31,CUST-33283,Corporate,Nashville,TN,South,Furniture,Conference Tables,1730.65,5,0.3,36.88,494.47,35.7966,-87.3136,2023,8,3,Aug,0.0213
ORD-10624,2021-05-11,2021-05-14,CUST-87624,Home Office,Nashville,TN,South,Furniture,Lamps,4128.28,13,0.5,-104.02,635.12,36.3663,-86.7967,2021,5,2,May,-0.0252
ORD-10628,2022-08-03,2022-08-09,CUST-28242,Home Office,Las Vegas,NV,West,Office Supplies,Pens,318.98,7,0.2,81.02,56.96,35.8324,-114.4063,2022,8,3,Aug,0.254
ORD-10633,2022-05-16,2022-05-23,CUST-76402,Home Office,Dallas,TX,Central,Furniture,Bookshelves,8245.54,13,0.2,1207.65,792.84,32.8128,-96.5823,2022,5,2,May,0.1465
ORD-10638,2023-01-04,2023-01-09,CUST-15806,Home Office,New Orleans,LA,South,Technology,Keyboards,625.77,3,0.0,152.72,208.59,30.0172,-90.3071,2023,1,1,Jan,0.2441
ORD-10640,2020-07-20,2020-07-23,CUST-68429,Consumer,Nashville,TN,South,Furniture,Desks,1717.88,8,0.5,-131.29,429.47,36.7346,-86.3764,2020,7,3,Jul,-0.0764
ORD-10641,2022-10-21,2022-10-23,CUST-28569,Home Office,Minneapolis,MN,Central,Furniture,Wardrobes,4820.76,12,0.0,1830.25,401.73,44.8266,-93.5669,2022,10,4,Oct,0.3797
ORD-10642,2022-12-03,2022-12-07,CUST-49356,Consumer,Houston,TX,Central,Furniture,Lamps,3747.38,12,0.15,650.96,367.39,29.7767,-95.0417,2022,12,4,Dec,0.1737
ORD-10644,2023-08-20,2023-08-21,CUST-53383,Corporate,Jacksonville,FL,East,Technology,Laptops,5034.2,6,0.4,-929.43,1398.39,30.7889,-81.6974,2023,8,3,Aug,-0.1846
ORD-10649,2021-01-12,2021-01-14,CUST-66302,Home Office,Austin,TX,South,Technology,Mice,6111.18,14,0.3,-252.66,623.59,29.9664,-98.2365,2021,1,1,Jan,-0.0413
ORD-10652,2021-07-24,2021-07-31,CUST-35830,Consumer,Atlanta,GA,South,Office Supplies,Paper Reams,115.44,3,0.15,37.07,45.27,33.772,-84.777,2021,7,3,Jul,0.3211
ORD-10656,2023-08-01,2023-08-04,CUST-90918,Home Office,Atlanta,GA,South,Furniture,Lamps,5648.42,20,0.15,650.96,332.26,33.6493,-83.8893,2023,8,3,Aug,0.1152
ORD-10658,2023-04-23,2023-04-24,CUST-76954,Home Office,Las Vegas,NV,West,Office Supplies,Binders,58.52,5,0.15,15.63,13.77,35.7191,-115.2137,2023,4,2,Apr,0.2671
ORD-10663,2022-02-24,2022-02-28,CUST-31871,Home Office,Austin,TX,South,Office Supplies,Staplers,443.64,6,0.0,171.41,73.94,29.4609,-97.7563,2022,2,1,Feb,0.3864
ORD-10667,2022-07-12,2022-07-17,CUST-83607,Corporate,Nashville,TN,South,Technology,Tablets,2479.52,2,0.05,417.68,1305.01,36.3789,-86.2253,2022,7,3,Jul,0.1685
ORD-10670,2023-12-25,2024-01-01,CUST-14285,Corporate,Austin,TX,South,Office Supplies,Tape,104.17,15,0.05,43.37,7.31,30.1893,-98.072,2023,12,4,Dec,0.4163
ORD-10673,2022-07-25,2022-07-30,CUST-81046,Consumer,Dallas,TX,Central,Office Supplies,Binders,130.27,16,0.4,27.18,13.57,32.7978,-96.7958,2022,7,3,Jul,0.2086
ORD-10674,2022-05-20,2022-05-21,CUST-67549,Consumer,Jacksonville,FL,East,Furniture,Rugs,5436.4,8,0.15,971.99,799.47,30.3894,-81.6933,2022,5,2,May,0.1788
ORD-10676,2021-12-19,2021-12-26,CUST-17780,Home Office,Philadelphia,PA,East,Technology,Smartwatches,18382.88,20,0.05,2781.64,967.52,39.7859,-75.1698,2021,12,4,Dec,0.1513
ORD-10678,2020-12-10,2020-12-13,CUST-63948,Home Office,Kansas City,MO,Central,Furniture,Wardrobes,2358.5,10,0.0,643.47,235.85,38.8861,-94.5481,2020,12,4,Dec,0.2728
ORD-10682,2020-09-28,2020-09-30,CUST-28634,Home Office,Boston,MA,East,Office Supplies,Staplers,248.44,5,0.2,56.46,62.11,42.8112,-71.8553,2020,9,3,Sep,0.2273
ORD-10686,2020-06-03,2020-06-09,CUST-73968,Corporate,St. Louis,MO,Central,Furniture,Standing Desks,1548.74,3,0.15,363.3,607.35,39.0038,-90.822,2020,6,2,Jun,0.2346
ORD-10688,2022-07-27,2022-08-02,CUST-74843,Home Office,Kansas City,MO,Central,Technology,Smartphones,12313.44,12,0.2,527.82,1282.65,38.9886,-95.0023,2022,7,3,Jul,0.0429
ORD-10689,2023-03-29,2023-03-31,CUST-23051,Home Office,Houston,TX,Central,Furniture,Conference Tables,12102.81,19,0.0,3160.15,636.99,29.4268,-94.8443,2023,3,1,Mar,0.2611
ORD-10691,2022-07-23,2022-07-24,CUST-45916,Corporate,Atlanta,GA,South,Technology,Tablets,4326.34,14,0.1,808.09,343.36,34.1315,-84.1735,2022,7,3,Jul,0.1868
ORD-10695,2022-01-31,2022-02-06,CUST-95915,Consumer,Jacksonville,FL,East,Furniture,Sofas,2916.8,6,0.05,593.71,511.72,30.1726,-81.5032,2022,1,1,Jan,0.2035
ORD-10698,2022-09-03,2022-09-04,CUST-25806,Consumer,Jacksonville,FL,East,Technology,Laptops,4554.2,5,0.0,723.63,910.84,30.5439,-81.7221,2022,9,3,Sep,0.1589
ORD-10700,2021-04-13,2021-04-17,CUST-60164,Consumer,Memphis,TN,South,Technology,Headphones,2995.95,3,0.1,363.29,1109.61,35.3633,-89.9167,2021,4,2,Apr,0.1213
ORD-10702,2022-12-22,2022-12-27,CUST-63963,Consumer,Las Vegas,NV,West,Office Supplies,Staplers,29.77,1,0.05,10.18,31.34,36.5178,-115.4643,2022,12,4,Dec,0.342
ORD-10705,2020-09-09,2020-09-14,CUST-94491,Consumer,Miami,FL,South,Technology,Smartphones,6912.67,13,0.05,1457.17,559.73,25.9479,-80.2829,2020,9,3,Sep,0.2108
ORD-10710,2023-05-29,2023-06-01,CUST-76784,Home Office,Philadelphia,PA,East,Office Supplies,Envelopes,16.57,1,0.4,1.6,27.62,39.5747,-74.8828,2023,5,2,May,0.0966
ORD-10711,2020-04-21,2020-04-28,CUST-79243,Home Office,Las Vegas,NV,West,Furniture,Sofas,467.24,8,0.5,-51.04,116.81,36.0132,-114.8253,2020,4,2,Apr,-0.1092
ORD-10712,2023-03-10,2023-03-14,CUST-86986,Corporate,Boston,MA,East,Furniture,Bookshelves,1956.36,12,0.0,518.01,163.03,41.9375,-71.527,2023,3,1,Mar,0.2648
ORD-10716,2020-05-03,2020-05-10,CUST-62727,Consumer,New York,NY,East,Furniture,Filing Cabinets,5345.6,13,0.2,910.36,514.0,40.3259,-73.4836,2020,5,2,May,0.1703
ORD-10721,2020-11-08,2020-11-11,CUST-52827,Home Office,Jacksonville,FL,East,Office Supplies,Folders,60.72,3,0.0,17.97,20.24,30.8389,-81.5867,2020,11,4,Nov,0.2959
ORD-10726,2023-12-01,2023-12-05,CUST-89800,Corporate,New Orleans,LA,South,Office Supplies,Notebooks,210.5,8,0.3,32.66,37.59,29.7865,-89.9503,2023,12,4,Dec,0.1552
ORD-10731,2020-01-26,2020-02-01,CUST-43980,Consumer,Boston,MA,East,Office Supplies,Staplers,229.44,5,0.4,17.92,76.48,42.691,-71.0257,2020,1,1,Jan,0.0781
ORD-10736,2020-08-29,2020-09-05,CUST-92251,Home Office,Seattle,WA,West,Technology,Printers,482.19,1,0.1,71.13,535.77,47.5009,-122.3471,2020,8,3,Aug,0.1475
ORD-10737,2020-04-23,2020-04-27,CUST-39937,Corporate,Baltimore,MD,East,Furniture,Rugs,1435.73,19,0.5,-121.48,151.13,38.7769,-77.0145,2020,4,2,Apr,-0.0846
ORD-10742,2022-08-24,2022-08-27,CUST-95944,Consumer,New York,NY,East,Technology,Monitors,17996.29,13,0.0,4627.98,1384.33,40.7613,-74.0652,2022,8,3,Aug,0.2572
ORD-10744,2021-10-17,2021-10-20,CUST-39253,Corporate,Miami,FL,South,Furniture,Filing Cabinets,365.82,3,0.0,110.08,121.94,25.8743,-80.3519,2021,10,4,Oct,0.3009
ORD-10747,2021-09-28,2021-10-01,CUST-91620,Corporate,Baltimore,MD,East,Technology,Headphones,1277.97,3,0.5,-279.77,851.98,39.3488,-76.9035,2021,9,3,Sep,-0.2189
ORD-10748,2021-02-04,2021-02-10,CUST-40539,Corporate,Denver,CO,West,Furniture,Wardrobes,3150.0,18,0.2,505.3,218.75,39.2292,-104.6713,2021,2,1,Feb,0.1604
ORD-10750,2020-01-03,2020-01-10,CUST-65026,Corporate,St. Louis,MO,Central,Office Supplies,Pens,99.84,13,0.4,10.35,12.8,38.7068,-89.9052,2020,1,1,Jan,0.1037
ORD-10755,2020-03-30,2020-04-01,CUST-22527,Consumer,Atlanta,GA,South,Technology,Printers,11031.81,17,0.0,3345.66,648.93,34.0543,-84.9423,2020,3,1,Mar,0.3033
ORD-10759,2023-03-08,2023-03-09,CUST-52762,Home Office,Las Vegas,NV,West,Furniture,Desks,1554.74,14,0.15,180.38,130.65,35.9826,-115.1322,2023,3,1,Mar,0.116
ORD-10763,2021-02-19,2021-02-21,CUST-25825,Consumer,Minneapolis,MN,Central,Furniture,Filing Cabinets,1798.46,19,0.15,370.27,111.36,44.7623,-93.214,2021,2,1,Feb,0.2059
ORD-10764,2021-06-26,2021-07-03,CUST-38183,Corporate,Dallas,TX,Central,Furniture,Sofas,1303.7,4,0.5,-179.61,651.85,32.5965,-97.222,2021,6,2,Jun,-0.1378
ORD-10768,2022-03-22,2022-03-27,CUST-69270,Corporate,Dallas,TX,Central,Technology,Monitors,2063.84,2,0.0,358.77,1031.92,32.3745,-97.0928,2022,3,1,Mar,0.1738
ORD-10771,2020-09-05,2020-09-06,CUST-99952,Consumer,Los Angeles,CA,West,Furniture,Desks,1258.53,2,0.2,242.5,786.58,33.7652,-117.4503,2020,9,3,Sep,0.1927
ORD-10772,2020-02-14,2020-02-15,CUST-15596,Consumer,Charlotte,NC,East,Office Supplies,Binders,87.23,7,0.15,26.58,14.66,35.2855,-81.0975,2020,2,1,Feb,0.3047
ORD-10775,2022-03-19,2022-03-23,CUST-46681,Corporate,Atlanta,GA,South,Technology,Smartwatches,604.96,1,0.0,154.27,604.96,33.5773,-84.3534,2022,3,1,Mar,0.255
ORD-10778,2023-06-17,2023-06-19,CUST-60202,Home Office,Miami,FL,South,Technology,Smartwatches,7733.9,10,0.0,2691.43,773.39,25.7412,-79.8452,2023,6,2,Jun,0.348
ORD-10782,2023-07-15,2023-07-22,CUST-81371,Consumer,Denver,CO,West,Technology,Cameras,18398.71,18,0.15,1192.99,1202.53,39.7295,-104.4488,2023,7,3,Jul,0.0648
ORD-10783,2022-03-06,2022-03-09,CUST-71824,Corporate,Nashville,TN,South,Office Supplies,Folders,38.88,6,0.1,11.22,7.2,36.7137,-86.5677,2022,3,1,Mar,0.2886
ORD-10785,2021-05-22,2021-05-28,CUST-85457,Consumer,Kansas City,MO,Central,Technology,Tablets,3491.68,8,0.0,669.97,436.46,39.2897,-94.2882,2021,5,2,May,0.1919
ORD-10790,2023-04-28,2023-05-01,CUST-28625,Consumer,Nashville,TN,South,Technology,Tablets,8251.62,12,0.5,-1228.74,1375.27,35.6989,-86.9981,2023,4,2,Apr,-0.1489
ORD-10791,2022-10-01,2022-10-02,CUST-53481,Consumer,Denver,CO,West,Office Supplies,Binders,13.63,3,0.3,2.01,6.49,39.7177,-104.7938,2022,10,4,Oct,0.1475
ORD-10794,2020-05-01,2020-05-02,CUST-19506,Corporate,San Francisco,CA,West,Furniture,Bookshelves,2208.78,5,0.4,-24.55,736.26,37.3694,-122.3059,2020,5,2,May,-0.0111
ORD-10798,2020-07-25,2020-07-28,CUST-95089,Home Office,St. Louis,MO,Central,Office Supplies,Scissors,479.44,10,0.2,129.7,59.93,38.7979,-89.8758,2020,7,3,Jul,0.2705
ORD-10801,2023-06-10,2023-06-17,CUST-26691,Home Office,Dallas,TX,Central,Office Supplies,Folders,196.02,12,0.1,70.9,18.15,32.9178,-96.821,2023,6,2,Jun,0.3617
ORD-10806,2023-03-08,2023-03-09,CUST-23645,Corporate,Las Vegas,NV,West,Technology,Smartwatches,5263.72,6,0.05,510.33,923.46,36.2989,-115.0777,2023,3,1,Mar,0.097
ORD-10810,2021-12-11,2021-12-14,CUST-11493,Consumer,Miami,FL,South,Furniture,Desks,3935.01,6,0.15,761.74,771.57,25.387,-80.5143,2021,12,4,Dec,0.1936
ORD-10812,2021-06-09,2021-06-16,CUST-64266,Corporate,Dallas,TX,Central,Technology,Smartphones,3502.72,4,0.2,394.61,1094.6,32.7681,-96.5955,2021,6,2,Jun,0.1127
ORD-10814,2020-07-26,2020-08-02,CUST-69151,Corporate,Austin,TX,South,Furniture,Rugs,7221.52,16,0.05,1887.82,475.1,30.2789,-97.4585,2020,7,3,Jul,0.2614
ORD-10819,2021-06-18,2021-06-19,CUST-22203,Corporate,New York,NY,East,Furniture,Office Chairs,2141.13,3,0.0,587.09,713.71,40.7388,-74.1487,2021,6,2,Jun,0.2742
ORD-10821,2020-03-04,2020-03-08,CUST-34901,Home Office,Kansas City,MO,Central,Office Supplies,Tape,46.0,6,0.15,11.88,9.02,39.0072,-94.5134,2020,3,1,Mar,0.2583
ORD-10823,2023-09-14,2023-09-17,CUST-17144,Corporate,Memphis,TN,South,Office Supplies,Folders,335.16,10,0.3,45.6,47.88,35.5267,-90.3184,2023,9,3,Sep,0.1361
ORD-10824,2023-09-17,2023-09-23,CUST-72071,Corporate,Chicago,IL,Central,Furniture,Desks,1884.24,20,0.1,396.93,104.68,41.7181,-87.2159,2023,9,3,Sep,0.2107
ORD-10827,2023-09-15,2023-09-18,CUST-34455,Corporate,Boston,MA,East,Furniture,Lamps,788.16,3,0.2,118.09,328.4,42.6696,-71.5057,2023,9,3,Sep,0.1498
ORD-10828,2021-06-23,2021-06-25,CUST-97574,Corporate,Atlanta,GA,South,Furniture,Lamps,1317.33,9,0.0,412.79,146.37,34.0169,-84.3653,2021,6,2,Jun,0.3134
ORD-10833,2023-02-07,2023-02-08,CUST-40886,Consumer,Kansas City,MO,Central,Furniture,Wardrobes,3206.38,13,0.3,363.2,352.35,38.9448,-94.1572,2023,2,1,Feb,0.1133
ORD-10835,2020-03-12,2020-03-17,CUST-25765,Home Office,Nashville,TN,South,Technology,Mice,12878.77,19,0.5,-837.83,1355.66,36.0611,-86.9137,2020,3,1,Mar,-0.0651
ORD-10840,2020-09-15,2020-09-16,CUST-43801,Consumer,Miami,FL,South,Technology,Monitors,2290.82,14,0.0,670.45,163.63,26.2439,-80.3469,2020,9,3,Sep,0.2927
ORD-10845,2023-02-13,2023-02-17,CUST-87014,Corporate,St. Louis,MO,Central,Technology,Smartphones,9411.84,18,0.0,1872.87,522.88,38.5455,-90.6033,2023,2,1,Feb,0.199
ORD-10846,2023-03-06,2023-03-11,CUST-47498,Consumer,Atlanta,GA,South,Furniture,Bookshelves,7158.53,19,0.5,-1044.66,753.53,33.4488,-84.6203,2023,3,1,Mar,-0.1459
ORD-10851,2022-09-21,2022-09-26,CUST-99235,Home Office,Minneapolis,MN,Central,Furniture,Standing Desks,1625.9,20,0.5,-165.41,162.59,45.0503,-92.8048,2022,9,3,Sep,-0.1017
ORD-10854,2021-05-01,2021-05-02,CUST-46745,Home Office,Atlanta,GA,South,Furniture,Conference Tables,10378.22,16,0.1,1765.15,720.71,34.0453,-84.4542,2021,5,2,May,0.1701
ORD-10855,2020-10-02,2020-10-05,CUST-34633,Consumer,Memphis,TN,South,Office Supplies,Notebooks,447.45,15,0.5,-1.11,59.66,35.3524,-90.3868,2020,10,4,Oct,-0.0025
ORD-10859,2022-02-04,2022-02-11,CUST-27779,Home Office,Miami,FL,South,Furniture,Lamps,182.89,2,0.4,-0.16,152.41,25.8199,-80.0423,2022,2,1,Feb,-0.0009
ORD-10863,2021-05-25,2021-05-26,CUST-76207,Consumer,Philadelphia,PA,East,Technology,Monitors,1572.2,15,0.15,179.95,123.31,40.6866,-75.3513,2021,5,2,May,0.1145
ORD-10866,2022-02-01,2022-02-05,CUST-55121,Consumer,Memphis,TN,South,Technology,Laptops,8362.2,20,0.4,-1058.24,696.85,34.9631,-90.2166,2022,2,1,Feb,-0.1266
ORD-10868,2020-02-26,2020-03-01,CUST-98826,Corporate,Seattle,WA,West,Office Supplies,Notebooks,147.0,2,0.05,48.24,77.37,47.9667,-121.9038,2020,2,1,Feb,0.3282
ORD-10870,2020-02-11,2020-02-18,CUST-43081,Home Office,Seattle,WA,West,Office Supplies,Scissors,17.99,1,0.0,6.68,17.99,47.3603,-122.1886,2020,2,1,Feb,0.3713
ORD-10875,2022-02-10,2022-02-17,CUST-62055,Corporate,St. Louis,MO,Central,Office Supplies,Binders,199.15,12,0.4,10.43,27.66,38.8199,-90.1391,2022,2,1,Feb,0.0524
ORD-10878,2023-08-18,2023-08-23,CUST-93964,Home Office,New York,NY,East,Office Supplies,Sticky Notes,699.21,20,0.15,142.79,41.13,41.1743,-73.4712,2023,8,3,Aug,0.2042
ORD-10882,2020-11-03,2020-11-08,CUST-96577,Consumer,Houston,TX,Central,Furniture,Sofas,2600.72,8,0.5,-339.76,650.18,29.6437,-95.2842,2020,11,4,Nov,-0.1306
ORD-10887,2022-10-15,2022-10-18,CUST-34892,Home Office,St. Louis,MO,Central,Technology,Laptops,6142.59,9,0.5,-1002.94,1365.02,38.8276,-89.5969,2022,10,4,Oct,-0.1633
ORD-10892,2022-12-30,2023-01-05,CUST-33741,Home Office,St. Louis,MO,Central,Office Supplies,Paper Reams,688.8,16,0.0,269.43,43.05,38.3905,-90.6138,2022,12,4,Dec,0.3912
ORD-10893,2021-06-13,2021-06-19,CUST-39131,Home Office,Chicago,IL,Central,Furniture,Bookshelves,2615.69,18,0.15,375.23,170.96,41.8401,-87.1116,2021,6,2,Jun,0.1435
ORD-10898,2021-11-09,2021-11-12,CUST-86062,Corporate,Dallas,TX,Central,Office Supplies,Binders,124.47,9,0.0,46.57,13.83,32.8471,-96.8049,2021,11,4,Nov,0.3741
ORD-10900,2023-10-26,2023-10-30,CUST-54914,Consumer,Baltimore,MD,East,Technology,Cameras,8204.54,17,0.0,2292.51,482.62,40.0481,-76.7693,2023,10,4,Oct,0.2794
ORD-10901,2021-01-04,2021-01-11,CUST-69251,Corporate,New Orleans,LA,South,Furniture,Bookshelves,1547.7,3,0.0,426.43,515.9,30.2632,-89.8654,2021,1,1,Jan,0.2755
ORD-10905,2022-09-29,2022-10-06,CUST-60242,Consumer,Dallas,TX,Central,Technology,Smartwatches,570.34,3,0.2,86.88,237.64,32.9552,-96.9078,2022,9,3,Sep,0.1523
ORD-10907,2022-02-03,2022-02-04,CUST-39657,Home Office,New York,NY,East,Office Supplies,Paper Reams,69.74,11,0.0,29.96,6.34,41.0426,-73.7639,2022,2,1,Feb,0.4296
ORD-10911,2022-10-27,2022-11-01,CUST-78195,Corporate,Houston,TX,Central,Technology,Smartphones,2629.62,10,0.1,434.84,292.18,30.08,-95.0192,2022,10,4,Oct,0.1654
ORD-10913,2022-09-30,2022-10-03,CUST-39402,Corporate,Minneapolis,MN,Central,Office Supplies,Staplers,461.3,7,0.0,216.4,65.9,45.1746,-93.3201,2022,9,3,Sep,0.4691
ORD-10918,2022-10-30,2022-11-01,CUST-91675,Home Office,San Francisco,CA,West,Office Supplies,Pens,28.08,4,0.1,9.19,7.8,38.132,-122.6651,2022,10,4,Oct,0.3273
ORD-10920,2020-02-10,2020-02-11,CUST-36934,Home Office,Charlotte,NC,East,Technology,Smartphones,1832.1,4,0.3,-2.87,654.32,35.112,-80.8314,2020,2,1,Feb,-0.0016
ORD-10925,2022-12-01,2022-12-04,CUST-90962,Home Office,Boston,MA,East,Furniture,Desks,2712.4,20,0.0,987.1,135.62,42.4173,-71.0461,2022,12,4,Dec,0.3639
ORD-10929,2021-02-10,2021-02-15,CUST-48712,Corporate,Boston,MA,East,Technology,Smartphones,7009.34,7,0.15,224.35,1178.04,42.5839,-70.8664,2021,2,1,Feb,0.032
ORD-10934,2023-11-10,2023-11-14,CUST-97690,Consumer,Los Angeles,CA,West,Office Supplies,Tape,128.48,11,0.0,65.29,11.68,33.9577,-118.1743,2023,11,4,Nov,0.5082
ORD-10935,2020-07-26,2020-07-29,CUST-32898,Consumer,Miami,FL,South,Technology,Cameras,5698.32,8,0.0,1324.68,712.29,26.2432,-80.2186,2020,7,3,Jul,0.2325
ORD-10938,2020-08-25,2020-08-26,CUST-67372,Corporate,Boston,MA,East,Furniture,Conference Tables,232.15,2,0.15,45.03,136.56,42.5424,-71.004,2020,8,3,Aug,0.194
ORD-10942,2021-01-09,2021-01-10,CUST-95045,Corporate,St. Louis,MO,Central,Technology,Keyboards,5736.28,13,0.3,-242.77,630.36,38.6882,-89.8779,2021,1,1,Jan,-0.0423
ORD-10946,2020-07-31,2020-08-04,CUST-57002,Consumer,Los Angeles,CA,West,Technology,Laptops,7123.86,19,0.5,-1647.93,749.88,34.0899,-118.45,2020,7,3,Jul,-0.2313
ORD-10951,2022-09-26,2022-09-27,CUST-85582,Corporate,Jacksonville,FL,East,Office Supplies,Staplers,757.68,14,0.0,348.35,54.12,29.873,-81.8177,2022,9,3,Sep,0.4598
ORD-10955,2023-11-10,2023-11-16,CUST-29484,Home Office,Las Vegas,NV,West,Furniture,Rugs,9171.84,20,0.15,1823.92,539.52,36.6397,-115.1597,2023,11,4,Nov,0.1989
ORD-10958,2022-08-19,2022-08-26,CUST-46458,Home Office,New York,NY,East,Office Supplies,Staplers,636.42,16,0.05,211.44,41.87,41.2743,-74.4444,2022,8,3,Aug,0.3322
ORD-10962,2022-02-14,2022-02-18,CUST-68598,Home Office,Charlotte,NC,East,Technology,Cameras,1314.4,8,0.0,144.66,164.3,35.362,-80.9906,2022,2,1,Feb,0.1101
ORD-10967,2022-04-06,2022-04-10,CUST-93563,Consumer,Chicago,IL,Central,Furniture,Office Chairs,30.13,2,0.5,-4.55,30.13,42.0625,-87.5769,2022,4,2,Apr,-0.151
ORD-10970,2023-10-07,2023-10-11,CUST-83420,Home Office,Kansas City,MO,Central,Office Supplies,Paper Reams,167.24,11,0.3,22.04,21.72,38.7159,-94.3183,2023,10,4,Oct,0.1318
ORD-10975,2022-07-15,2022-07-16,CUST-78417,Home Office,Memphis,TN,South,Office Supplies,Sticky Notes,110.16,4,0.1,38.83,30.6,35.1202,-89.496,2022,7,3,Jul,0.3525
ORD-10977,2022-10-05,2022-10-07,CUST-69905,Consumer,St. Louis,MO,Central,Technology,Laptops,2297.01,14,0.2,14.92,205.09,38.1723,-90.4076,2022,10,4,Oct,0.0065
ORD-10982,2020-04-05,2020-04-11,CUST-27647,Corporate,Las Vegas,NV,West,Furniture,Desks,6808.18,19,0.5,-696.34,716.65,36.243,-115.2124,2020,4,2,Apr,-0.1023
ORD-10987,2022-06-05,2022-06-12,CUST-32760,Home Office,Atlanta,GA,South,Office Supplies,Pens,1407.71,19,0.0,587.86,74.09,33.3745,-83.9569,2022,6,2,Jun,0.4176
ORD-10990,2021-10-21,2021-10-26,CUST-62149,Home Office,Los Angeles,CA,West,Furniture,Wardrobes,6161.79,13,0.05,1576.76,498.93,34.3852,-118.1372,2021,10,4,Oct,0.2559
ORD-10992,2022-04-25,2022-04-30,CUST-36330,Consumer,Houston,TX,Central,Furniture,Bookshelves,5815.53,17,0.4,16.5,570.15,29.9309,-95.2357,2022,4,2,Apr,0.0028
ORD-10997,2021-12-08,2021-12-14,CUST-93476,Home Office,Phoenix,AZ,West,Office Supplies,Binders,230.61,5,0.4,25.86,76.87,33.8487,-112.011,2021,12,4,Dec,0.1121
ORD-11000,2022-09-10,2022-09-15,CUST-65363,Home Office,St. Louis,MO,Central,Technology,Keyboards,16152.43,19,0.4,-1042.64,1416.88,38.6031,-89.768,2022,9,3,Sep,-0.0646
ORD-11003,2020-10-24,2020-10-25,CUST-29192,Corporate,Charlotte,NC,East,Technology,Laptops,611.75,2,0.1,64.96,339.86,35.7703,-80.852,2020,10,4,Oct,0.1062
ORD-11008,2020-03-07,2020-03-10,CUST-60972,Home Office,Jacksonville,FL,East,Furniture,Filing Cabinets,9952.06,15,0.05,1875.58,698.39,30.3684,-81.8543,2020,3,1,Mar,0.1885
ORD-11013,2023-09-22,2023-09-23,CUST-17051,Home Office,Phoenix,AZ,West,Office Supplies,Binders,864.0,13,0.15,278.24,78.19,33.2542,-112.2039,2023,9,3,Sep,0.322
ORD-11018,2022-06-26,2022-07-03,CUST-89087,Home Office,Jacksonville,FL,East,Furniture,Filing Cabinets,2290.24,8,0.5,-445.4,572.56,30.1943,-82.3772,2022,6,2,Jun,-0.1945
ORD-11019,2020-12-29,2021-01-04,CUST-66165,Corporate,Las Vegas,NV,West,Technology,Printers,770.69,3,0.2,-14.79,321.12,36.3981,-114.9043,2020,12,4,Dec,-0.0192
ORD-11021,2023-04-11,2023-04-18,CUST-52287,Consumer,Kansas City,MO,Central,Furniture,Bookshelves,3501.72,9,0.0,1125.01,389.08,38.8099,-94.5943,2023,4,2,Apr,0.3213
ORD-11026,2023-03-18,2023-03-23,CUST-18936,Corporate,Jacksonville,FL,East,Office Supplies,Binders,532.8,12,0.0,213.02,44.4,29.9825,-81.199,2023,3,1,Mar,0.3998
ORD-11028,2020-07-07,2020-07-10,CUST-91039,Corporate,Denver,CO,West,Office Supplies,Folders,214.78,8,0.1,78.15,29.83,39.6737,-104.9719,2020,7,3,Jul,0.3639
ORD-11029,2023-10-01,2023-10-04,CUST-99463,Consumer,New Orleans,LA,South,Office Supplies,Pens,1053.08,15,0.05,390.08,73.9,29.3375,-90.1442,2023,10,4,Oct,0.3704
ORD-11034,2023-01-11,2023-01-17,CUST-68400,Corporate,Minneapolis,MN,Central,Technology,Mice,514.92,10,0.4,-69.05,85.82,44.6795,-93.3543,2023,1,1,Jan,-0.1341
ORD-11035,2022-11-18,2022-11-19,CUST-37627,Corporate,Atlanta,GA,South,Furniture,Filing Cabinets,3065.32,4,0.0,1195.12,766.33,33.9423,-84.5614,2022,11,4,Nov,0.3899
ORD-11036,2023-01-06,2023-01-13,CUST-70191,Consumer,Las Vegas,NV,West,Furniture,Desks,10550.54,14,0.0,3467.21,753.61,36.5898,-114.8626,2023,1,1,Jan,0.3286
ORD-11040,2020-12-30,2021-01-06,CUST-60860,Consumer,Chicago,IL,Central,Technology,Smartphones,6959.68,9,0.1,995.11,859.22,41.6559,-87.4405,2020,12,4,Dec,0.143
ORD-11041,2020-02-04,2020-02-08,CUST-19514,Corporate,Memphis,TN,South,Furniture,Standing Desks,1047.8,4,0.5,-84.17,523.9,35.4186,-89.8594,2020,2,1,Feb,-0.0803
ORD-11045,2021-09-09,2021-09-14,CUST-30489,Home Office,Kansas City,MO,Central,Technology,Printers,1374.6,3,0.0,374.55,458.2,38.9394,-94.1848,2021,9,3,Sep,0.2725
ORD-11046,2021-08-27,2021-09-02,CUST-82551,Home Office,San Francisco,CA,West,Office Supplies,Scissors,328.95,5,0.15,95.36,77.4,38.3926,-122.6268,2021,8,3,Aug,0.2899
ORD-11048,2023-05-06,2023-05-10,CUST-64087,Home Office,Los Angeles,CA,West,Technology,Laptops,12911.82,18,0.15,2411.9,843.91,34.1094,-118.4354,2023,5,2,May,0.1868
ORD-11052,2021-06-01,2021-06-03,CUST-94498,Home Office,San Francisco,CA,West,Technology,Monitors,751.13,4,0.4,-93.29,312.97,37.6739,-122.2928,2021,6,2,Jun,-0.1242
ORD-11053,2020-07-20,2020-07-22,CUST-47373,Corporate,Boston,MA,East,Office Supplies,Notebooks,263.89,19,0.05,101.9,14.62,42.1879,-71.0673,2020,7,3,Jul,0.3861
ORD-11057,2021-11-03,2021-11-08,CUST-32103,Corporate,Philadelphia,PA,East,Furniture,Lamps,1252.39,10,0.15,359.58,147.34,40.4683,-75.0291,2021,11,4,Nov,0.2871
ORD-11061,2023-08-05,2023-08-09,CUST-68373,Home Office,Boston,MA,East,Technology,Monitors,7989.41,9,0.3,-144.61,1268.16,42.396,-70.8759,2023,8,3,Aug,-0.0181
ORD-11063,2020-12-25,2020-12-31,CUST-44502,Consumer,Houston,TX,Central,Furniture,Rugs,2952.84,20,0.4,-210.06,246.07,29.6828,-95.8706,2020,12,4,Dec,-0.0711
ORD-11068,2023-07-17,2023-07-18,CUST-44159,Home Office,Jacksonville,FL,East,Technology,Laptops,16898.79,19,0.0,4055.05,889.41,30.5242,-81.795,2023,7,3,Jul,0.24
ORD-11069,2021-04-02,2021-04-09,CUST-62007,Corporate,Memphis,TN,South,Technology,Keyboards,12690.25,19,0.4,-270.31,1113.18,34.7823,-90.4893,2021,4,2,Apr,-0.0213
ORD-11071,2023-11-02,2023-11-04,CUST-73373,Home Office,Kansas City,MO,Central,Technology,Monitors,2155.09,17,0.5,-363.73,253.54,39.4141,-94.0748,2023,11,4,Nov,-0.1688
ORD-11075,2020-05-08,2020-05-11,CUST-71561,Consumer,Chicago,IL,Central,Technology,Headphones,3971.17,12,0.15,306.0,389.33,42.1736,-87.6616,2020,5,2,May,0.0771
ORD-11079,2023-12-12,2023-12-17,CUST-95678,Consumer,Atlanta,GA,South,Technology,Keyboards,11345.04,9,0.0,2397.99,1260.56,34.0151,-84.1943,2023,12,4,Dec,0.2114
ORD-11083,2021-05-30,2021-06-03,CUST-89195,Home Office,Nashville,TN,South,Office Supplies,Notebooks,392.45,8,0.3,31.86,70.08,36.613,-86.366,2021,5,2,May,0.0812
ORD-11088,2021-04-16,2021-04-17,CUST-25509,Consumer,Charlotte,NC,East,Technology,Headphones,14204.93,17,0.15,976.19,983.04,35.3487,-80.6918,2021,4,2,Apr,0.0687
ORD-11090,2023-10-14,2023-10-18,CUST-15655,Corporate,Denver,CO,West,Furniture,Desks,2466.56,16,0.0,772.12,154.16,39.5749,-105.1815,2023,10,4,Oct,0.313
ORD-11095,2023-07-13,2023-07-18,CUST-63143,Consumer,Phoenix,AZ,West,Office Supplies,Staplers,34.96,2,0.0,13.94,17.48,33.8018,-111.9069,2023,7,3,Jul,0.3987
ORD-11100,2021-03-19,2021-03-23,CUST-28705,Consumer,Jacksonville,FL,East,Office Supplies,Binders,284.64,20,0.2,63.04,17.79,30.5615,-82.5046,2021,3,1,Mar,0.2215
ORD-11104,2020-12-09,2020-12-15,CUST-27329,Corporate,Phoenix,AZ,West,Office Supplies,Folders,89.41,11,0.2,26.59,10.16,32.9281,-112.1787,2020,12,4,Dec,0.2974
ORD-11105,2023-11-02,2023-11-06,CUST-79655,Home Office,New York,NY,East,Technology,Cameras,2319.97,5,0.5,-547.47,927.99,40.3216,-73.6618,2023,11,4,Nov,-0.236
ORD-11109,2023-01-09,2023-01-16,CUST-58546,Home Office,New York,NY,East,Furniture,Bookshelves,375.99,1,0.4,-16.31,626.65,40.814,-74.0241,2023,1,1,Jan,-0.0434
ORD-11110,2022-09-14,2022-09-21,CUST-65769,Consumer,Jacksonville,FL,East,Office Supplies,Scissors,475.09,13,0.5,11.33,73.09,30.353,-82.0349,2022,9,3,Sep,0.0238
ORD-11115,2021-08-03,2021-08-08,CUST-78490,Consumer,Seattle,WA,West,Furniture,Filing Cabinets,3159.9,18,0.0,1105.38,175.55,47.4619,-122.797,2021,8,3,Aug,0.3498
ORD-11118,2021-02-24,2021-03-02,CUST-44249,Home Office,Charlotte,NC,East,Technology,Mice,3535.57,11,0.5,-712.08,642.83,35.6802,-80.5849,2021,2,1,Feb,-0.2014
ORD-11123,2023-10-25,2023-10-29,CUST-82733,Corporate,New Orleans,LA,South,Furniture,Wardrobes,3769.44,7,0.15,612.79,633.52,29.8452,-90.1665,2023,10,4,Oct,0.1626
ORD-11125,2023-12-15,2023-12-19,CUST-23143,Corporate,Nashville,TN,South,Furniture,Wardrobes,1881.77,5,0.3,308.3,537.65,36.2846,-86.651,2023,12,4,Dec,0.1638
ORD-11127,2023-06-11,2023-06-17,CUST-71822,Home Office,Phoenix,AZ,West,Furniture,Conference Tables,1545.44,2,0.0,543.24,772.72,33.5216,-112.1477,2023,6,2,Jun,0.3515
ORD-11132,2022-01-29,2022-01-30,CUST-47548,Consumer,Atlanta,GA,South,Technology,Printers,1047.5,20,0.5,-198.83,104.75,33.7285,-84.4012,2022,1,1,Jan,-0.1898
ORD-11134,2020-01-22,2020-01-24,CUST-90634,Corporate,Philadelphia,PA,East,Office Supplies,Tape,509.59,17,0.4,59.31,49.96,39.9656,-74.9402,2020,1,1,Jan,0.1164
ORD-11138,2023-09-03,2023-09-04,CUST-86818,Consumer,Las Vegas,NV,West,Technology,Keyboards,844.42,6,0.2,47.26,175.92,36.1936,-115.7395,2023,9,3,Sep,0.056
ORD-11140,2023-01-30,2023-02-02,CUST-89477,Consumer,Phoenix,AZ,West,Technology,Smartphones,22303.51,18,0.1,4144.36,1376.76,33.5539,-111.7706,2023,1,1,Jan,0.1858
ORD-11141,2021-06-18,2021-06-20,CUST-77277,Consumer,Denver,CO,West,Furniture,Wardrobes,5475.78,14,0.15,192.68,460.15,40.3665,-105.0219,2021,6,2,Jun,0.0352
ORD-11145,2022-06-25,2022-06-29,CUST-86916,Home Office,Kansas City,MO,Central,Office Supplies,Binders,405.25,19,0.3,87.29,30.47,38.788,-94.3962,2022,6,2,Jun,0.2154
ORD-11150,2022-02-22,2022-02-28,CUST-80208,Consumer,Baltimore,MD,East,Technology,Printers,7014.34,8,0.15,331.98,1031.52,39.1029,-76.0358,2022,2,1,Feb,0.0473
ORD-11152,2020-07-09,2020-07-13,CUST-85197,Corporate,Jacksonville,FL,East,Furniture,Filing Cabinets,6986.13,11,0.15,1190.9,747.18,30.3952,-81.389,2020,7,3,Jul,0.1705
ORD-11157,2021-02-12,2021-02-14,CUST-56665,Corporate,Dallas,TX,Central,Office Supplies,Paper Reams,153.6,8,0.05,59.1,20.21,32.8251,-96.6905,2021,2,1,Feb,0.3848
ORD-11160,2023-09-20,2023-09-24,CUST-91352,Home Office,Los Angeles,CA,West,Technology,Smartphones,834.4,20,0.3,83.58,59.6,34.0327,-118.1797,2023,9,3,Sep,0.1002
ORD-11165,2021-01-09,2021-01-16,CUST-65466,Corporate,Minneapolis,MN,Central,Office Supplies,Binders,820.25,17,0.0,371.19,48.25,45.3117,-92.9139,2021,1,1,Jan,0.4525
ORD-11166,2022-03-17,2022-03-24,CUST-11549,Corporate,New Orleans,LA,South,Technology,Cameras,3635.94,6,0.15,479.71,712.93,29.6071,-89.58,2022,3,1,Mar,0.1319
ORD-11169,2022-01-10,2022-01-15,CUST-57962,Corporate,Denver,CO,West,Office Supplies,Notebooks,113.45,9,0.5,-6.5,25.21,39.8308,-105.2063,2022,1,1,Jan,-0.0573
ORD-11171,2023-12-06,2023-12-13,CUST-85483,Corporate,Denver,CO,West,Furniture,Filing Cabinets,2030.76,12,0.5,-209.59,338.46,39.8386,-104.8836,2023,12,4,Dec,-0.1032
ORD-11172,2023-02-11,2023-02-15,CUST-33148,Consumer,Los Angeles,CA,West,Office Supplies,Binders,549.55,13,0.3,99.52,60.39,34.5341,-118.1039,2023,2,1,Feb,0.1811
ORD-11173,2021-10-08,2021-10-15,CUST-31409,Home Office,Austin,TX,South,Technology,Cameras,6208.64,16,0.2,296.72,485.05,30.5592,-97.3832,2021,10,4,Oct,0.0478
ORD-11176,2020-07-16,2020-07-20,CUST-12599,Home Office,Philadelphia,PA,East,Furniture,Lamps,3043.66,11,0.1,482.78,307.44,40.1292,-74.9496,2020,7,3,Jul,0.1586
ORD-11180,2023-03-27,2023-04-01,CUST-68580,Consumer,Atlanta,GA,South,Furniture,Wardrobes,6813.07,18,0.4,-237.63,630.84,34.1627,-84.435,2023,3,1,Mar,-0.0349
ORD-11185,2023-07-17,2023-07-19,CUST-63054,Corporate,Baltimore,MD,East,Office Supplies,Binders,109.92,6,0.5,0.69,36.64,39.2381,-76.6053,2023,7,3,Jul,0.0063
ORD-11188,2021-10-04,2021-10-07,CUST-86928,Consumer,New York,NY,East,Technology,Keyboards,7560.91,10,0.3,-565.66,1080.13,40.278,-73.5316,2021,10,4,Oct,-0.0748
ORD-11190,2020-09-13,2020-09-19,CUST-31877,Consumer,Austin,TX,South,Technology,Tablets,8079.44,8,0.0,1435.33,1009.93,29.9726,-98.386,2020,9,3,Sep,0.1777
ORD-11193,2023-01-28,2023-01-29,CUST-91015,Corporate,Atlanta,GA,South,Technology,Smartphones,1167.85,1,0.0,219.62,1167.85,33.3531,-83.8974,2023,1,1,Jan,0.1881
ORD-11194,2021-04-14,2021-04-16,CUST-14607,Corporate,Los Angeles,CA,West,Office Supplies,Scissors,445.1,10,0.0,200.51,44.51,33.8436,-117.5643,2021,4,2,Apr,0.4505
ORD-11199,2021-07-11,2021-07-16,CUST-69840,Home Office,Houston,TX,Central,Furniture,Lamps,5702.48,15,0.5,-290.32,760.33,29.6626,-96.1198,2021,7,3,Jul,-0.0509
ORD-11202,2021-12-12,2021-12-16,CUST-30410,Corporate,New Orleans,LA,South,Office Supplies,Folders,404.5,18,0.2,143.41,28.09,29.5331,-90.5636,2021,12,4,Dec,0.3545
ORD-11205,2021-12-05,2021-12-08,CUST-11197,Consumer,Chicago,IL,Central,Technology,Cameras,9249.97,16,0.3,287.94,825.89,42.5819,-87.2347,2021,12,4,Dec,0.0311
ORD-11209,2023-01-27,2023-01-30,CUST-59592,Consumer,Nashville,TN,South,Office Supplies,Paper Reams,242.27,7,0.0,103.74,34.61,36.3484,-86.524,2023,1,1,Jan,0.4282
ORD-11212,2021-05-05,2021-05-10,CUST-64120,Home Office,Seattle,WA,West,Technology,Mice,14651.76,20,0.4,-909.19,1220.98,47.6944,-122.2987,2021,5,2,May,-0.0621
ORD-11215,2020-08-14,2020-08-20,CUST-12542,Corporate,Los Angeles,CA,West,Technology,Tablets,13476.37,15,0.05,2383.57,945.71,33.8238,-118.3242,2020,8,3,Aug,0.1769
ORD-11217,2020-07-28,2020-07-31,CUST-11930,Consumer,Los Angeles,CA,West,Office Supplies,Pens,50.58,9,0.0,15.95,5.62,34.0205,-118.5366,2020,7,3,Jul,0.3153
ORD-11218,2022-10-17,2022-10-20,CUST-44931,Corporate,Miami,FL,South,Furniture,Standing Desks,816.6,15,0.0,199.92,54.44,25.824,-79.7724,2022,10,4,Oct,0.2448
ORD-11222,2021-01-28,2021-02-04,CUST-68059,Consumer,Atlanta,GA,South,Office Supplies,Tape,120.98,9,0.05,49.11,14.15,33.2788,-84.6869,2021,1,1,Jan,0.4059
ORD-11224,2020-07-11,2020-07-16,CUST-92465,Corporate,Las Vegas,NV,West,Technology,Monitors,4376.82,7,0.15,643.56,735.6,35.8753,-115.2074,2020,7,3,Jul,0.147
ORD-11225,2021-06-02,2021-06-06,CUST-40928,Consumer,Jacksonville,FL,East,Office Supplies,Folders,662.81,10,0.05,256.84,69.77,30.0395,-81.6184,2021,6,2,Jun,0.3875
ORD-11230,2023-04-12,2023-04-13,CUST-30315,Corporate,Nashville,TN,South,Technology,Tablets,10867.77,13,0.3,-942.25,1194.26,35.9896,-86.6841,2023,4,2,Apr,-0.0867
ORD-11231,2020-07-06,2020-07-12,CUST-56598,Corporate,Chicago,IL,Central,Technology,Tablets,10814.2,20,0.0,1517.78,540.71,41.9821,-87.6559,2020,7,3,Jul,0.1404
ORD-11233,2022-09-26,2022-09-28,CUST-12798,Consumer,Las Vegas,NV,West,Office Supplies,Notebooks,475.47,11,0.3,89.21,61.75,36.2372,-114.7308,2022,9,3,Sep,0.1876
ORD-11235,2020-03-21,2020-03-25,CUST-81253,Corporate,Nashville,TN,South,Office Supplies,Staplers,313.2,15,0.5,1.96,41.76,36.0412,-86.7433,2020,3,1,Mar,0.0063
ORD-11240,2023-05-11,2023-05-18,CUST-58118,Corporate,Houston,TX,Central,Office Supplies,Tape,626.94,18,0.1,217.65,38.7,29.7747,-95.3578,2023,5,2,May,0.3472
ORD-11245,2021-01-14,2021-01-15,CUST-60789,Corporate,Atlanta,GA,South,Office Supplies,Folders,458.2,20,0.0,167.2,22.91,33.5511,-84.8108,2021,1,1,Jan,0.3649
ORD-11246,2020-11-11,2020-11-16,CUST-15737,Home Office,Phoenix,AZ,West,Office Supplies,Tape,79.68,10,0.4,13.34,13.28,33.0768,-112.2779,2020,11,4,Nov,0.1674
ORD-11251,2022-09-21,2022-09-23,CUST-91785,Consumer,San Francisco,CA,West,Technology,Monitors,269.16,4,0.3,-15.05,96.13,38.0385,-122.5085,2022,9,3,Sep,-0.0559
ORD-11252,2020-05-25,2020-05-26,CUST-57307,Home Office,Chicago,IL,Central,Furniture,Filing Cabinets,3649.86,7,0.3,446.7,744.87,41.648,-87.5663,2020,5,2,May,0.1224
ORD-11257,2021-06-28,2021-07-03,CUST-22729,Home Office,Nashville,TN,South,Office Supplies,Pens,20.61,2,0.05,6.56,10.85,36.8135,-87.1363,2021,6,2,Jun,0.3183
ORD-11262,2021-01-23,2021-01-25,CUST-64419,Corporate,Jacksonville,FL,East,Technology,Cameras,10225.19,17,0.4,-864.12,1002.47,30.5201,-81.5259,2021,1,1,Jan,-0.0845
ORD-11267,2022-07-28,2022-08-03,CUST-54238,Home Office,Jacksonville,FL,East,Office Supplies,Sticky Notes,207.54,14,0.2,47.89,18.53,30.2911,-81.6369,2022,7,3,Jul,0.2308
ORD-11272,2021-10-07,2021-10-12,CUST-41551,Corporate,Phoenix,AZ,West,Office Supplies,Tape,490.78,11,0.15,133.81,52.49,33.7392,-111.4068,2021,10,4,Oct,0.2726
ORD-11277,2022-07-15,2022-07-19,CUST-27705,Corporate,Denver,CO,West,Office Supplies,Binders,342.42,13,0.0,127.42,26.34,39.3291,-105.0065,2022,7,3,Jul,0.3721
ORD-11279,2021-10-06,2021-10-07,CUST-22358,Consumer,Chicago,IL,Central,Furniture,Filing Cabinets,1906.56,9,0.5,55.26,423.68,41.6089,-87.1583,2021,10,4,Oct,0.029
ORD-11283,2021-06-26,2021-06-29,CUST-84588,Consumer,Baltimore,MD,East,Furniture,Bookshelves,2159.45,19,0.5,-34.8,227.31,39.1239,-76.4393,2021,6,2,Jun,-0.0161
ORD-11288,2020-12-20,2020-12-24,CUST-60010,Corporate,Las Vegas,NV,West,Technology,Keyboards,23527.7,19,0.0,7091.72,1238.3,36.0563,-115.2011,2020,12,4,Dec,0.3014
ORD-11289,2022-05-03,2022-05-10,CUST-93084,Corporate,New York,NY,East,Furniture,Conference Tables,409.14,4,0.5,-52.81,204.57,40.4056,-74.2048,2022,5,2,May,-0.1291
ORD-11293,2021-10-15,2021-10-20,CUST-68407,Consumer,Atlanta,GA,South,Furniture,Rugs,7920.15,19,0.0,1891.36,416.85,33.7602,-84.621,2021,10,4,Oct,0.2388
ORD-11296,2020-10-30,2020-11-01,CUST-21151,Corporate,Philadelphia,PA,East,Furniture,Sofas,4136.09,11,0.2,627.4,470.01,39.4832,-75.0607,2020,10,4,Oct,0.1517
ORD-11301,2022-09-11,2022-09-16,CUST-42275,Consumer,New Orleans,LA,South,Furniture,Bookshelves,1862.81,7,0.5,-108.65,532.23,29.3519,-89.9578,2022,9,3,Sep,-0.0583
ORD-11304,2023-11-03,2023-11-08,CUST-55157,Corporate,Los Angeles,CA,West,Furniture,Standing Desks,993.11,3,0.05,319.17,348.46,33.6871,-117.7382,2023,11,4,Nov,0.3214
ORD-11306,2022-06-24,2022-06-29,CUST-21247,Home Office,Boston,MA,East,Technology,Keyboards,2926.85,5,0.15,354.01,688.67,42.1485,-71.0767,2022,6,2,Jun,0.121
ORD-11310,2020-10-29,2020-11-05,CUST-12981,Home Office,Jacksonville,FL,East,Technology,Monitors,489.37,10,0.3,3.87,69.91,30.3528,-81.4884,2020,10,4,Oct,0.0079
ORD-11311,2021-02-21,2021-02-26,CUST-59362,Consumer,Dallas,TX,Central,Office Supplies,Folders,879.41,17,0.0,311.28,51.73,32.8308,-97.2241,2021,2,1,Feb,0.354
ORD-11315,2021-02-15,2021-02-22,CUST-96556,Corporate,Boston,MA,East,Technology,Laptops,8867.2,20,0.0,1901.47,443.36,42.0888,-71.2807,2021,2,1,Feb,0.2144
ORD-11318,2020-02-09,2020-02-12,CUST-73525,Consumer,St. Louis,MO,Central,Office Supplies,Sticky Notes,1017.25,13,0.0,469.77,78.25,38.9574,-90.0173,2020,2,1,Feb,0.4618
ORD-11322,2023-02-22,2023-02-28,CUST-30578,Corporate,Philadelphia,PA,East,Technology,Cameras,75.35,1,0.3,-5.62,107.64,39.8551,-74.7961,2023,2,1,Feb,-0.0746
ORD-11325,2023-07-04,2023-07-07,CUST-60747,Corporate,Boston,MA,East,Office Supplies,Sticky Notes,205.52,8,0.0,83.66,25.69,43.0558,-70.942,2023,7,3,Jul,0.4071
ORD-11327,2021-11-30,2021-12-04,CUST-64700,Consumer,Charlotte,NC,East,Furniture,Filing Cabinets,810.75,5,0.5,-73.29,324.3,35.1373,-80.7999,2021,11,4,Nov,-0.0904
ORD-11329,2023-05-24,2023-05-27,CUST-28102,Corporate,Phoenix,AZ,West,Technology,Mice,7526.16,15,0.4,-809.99,836.24,33.6624,-111.783,2023,5,2,May,-0.1076
ORD-11334,2022-05-30,2022-06-06,CUST-79856,Consumer,St. Louis,MO,Central,Office Supplies,Folders,84.25,5,0.0,30.39,16.85,38.2306,-90.7509,2022,5,2,May,0.3607
ORD-11337,2020-03-01,2020-03-08,CUST-29917,Home Office,Philadelphia,PA,East,Furniture,Bookshelves,2685.84,11,0.3,229.37,348.81,39.619,-75.8059,2020,3,1,Mar,0.0854
ORD-11338,2023-06-07,2023-06-12,CUST-57089,Consumer,Los Angeles,CA,West,Technology,Tablets,7935.51,9,0.05,1582.57,928.13,34.7979,-118.2418,2023,6,2,Jun,0.1994
ORD-11340,2023-05-23,2023-05-27,CUST-39658,Home Office,Jacksonville,FL,East,Furniture,Bookshelves,3940.08,12,0.0,1347.21,328.34,30.3545,-81.6797,2023,5,2,May,0.3419
ORD-11345,2021-03-31,2021-04-06,CUST-74217,Corporate,Baltimore,MD,East,Technology,Printers,5629.02,7,0.3,146.09,1148.78,39.2029,-76.5298,2021,3,1,Mar,0.026
ORD-11350,2020-03-26,2020-03-31,CUST-80275,Corporate,Minneapolis,MN,Central,Technology,Mice,7112.89,13,0.5,-1165.91,1094.29,44.7796,-92.9724,2020,3,1,Mar,-0.1639
ORD-11355,2020-03-27,2020-03-29,CUST-92660,Corporate,Charlotte,NC,East,Technology,Headphones,11286.78,17,0.2,578.47,829.91,35.0033,-80.679,2020,3,1,Mar,0.0513
ORD-11360,2021-09-15,2021-09-22,CUST-28643,Corporate,Philadelphia,PA,East,Furniture,Lamps,3553.0,10,0.0,906.29,355.3,39.9585,-75.1627,2021,9,3,Sep,0.2551
ORD-11364,2022-10-22,2022-10-23,CUST-64206,Home Office,Memphis,TN,South,Furniture,Desks,4512.84,6,0.0,1598.88,752.14,35.2924,-90.0575,2022,10,4,Oct,0.3543
ORD-11365,2023-04-23,2023-04-29,CUST-21952,Corporate,Minneapolis,MN,Central,Technology,Tablets,9307.9,7,0.0,2428.32,1329.7,45.3971,-93.1027,2023,4,2,Apr,0.2609
ORD-11369,2022-12-08,2022-12-14,CUST-82134,Consumer,Jacksonville,FL,East,Furniture,Conference Tables,10151.7,13,0.0,3050.76,780.9,29.9364,-81.9695,2022,12,4,Dec,0.3005
ORD-11373,2023-09-12,2023-09-19,CUST-50378,Home Office,Atlanta,GA,South,Technology,Keyboards,1425.4,5,0.0,291.83,285.08,33.5671,-84.4461,2023,9,3,Sep,0.2047
ORD-11377,2021-01-05,2021-01-06,CUST-75225,Home Office,St. Louis,MO,Central,Furniture,Sofas,163.6,5,0.0,49.54,32.72,38.7889,-90.2211,2021,1,1,Jan,0.3028
ORD-11382,2021-05-02,2021-05-04,CUST-10861,Corporate,New Orleans,LA,South,Technology,Smartwatches,9559.18,19,0.5,-1488.12,1006.23,29.9693,-90.6626,2021,5,2,May,-0.1557
ORD-11384,2023-02-15,2023-02-22,CUST-14250,Home Office,Phoenix,AZ,West,Furniture,Wardrobes,1009.12,7,0.0,255.34,144.16,33.4068,-112.4329,2023,2,1,Feb,0.253
ORD-11389,2022-05-03,2022-05-05,CUST-83685,Consumer,Houston,TX,Central,Technology,Laptops,3073.59,6,0.5,-461.05,1024.53,30.2192,-95.0044,2022,5,2,May,-0.15
ORD-11394,2020-03-14,2020-03-15,CUST-18509,Corporate,Denver,CO,West,Office Supplies,Envelopes,532.16,10,0.2,122.04,66.52,40.1872,-104.9354,2020,3,1,Mar,0.2293
ORD-11395,2021-07-16,2021-07-19,CUST-84890,Home Office,Minneapolis,MN,Central,Technology,Smartphones,11049.15,17,0.0,2244.59,649.95,44.796,-93.3607,2021,7,3,Jul,0.2031
ORD-11398,2021-08-11,2021-08-15,CUST-27001,Home Office,Baltimore,MD,East,Office Supplies,Envelopes,481.4,20,0.5,-9.34,48.14,39.3411,-76.5618,2021,8,3,Aug,-0.0194
ORD-11402,2021-01-03,2021-01-08,CUST-91980,Corporate,New Orleans,LA,South,Office Supplies,Tape,40.96,8,0.0,16.39,5.12,30.0811,-89.7128,2021,1,1,Jan,0.4001
ORD-11405,2022-04-27,2022-04-28,CUST-43347,Corporate,Jacksonville,FL,East,Technology,Smartwatches,5820.55,11,0.05,1324.05,556.99,29.8845,-82.4162,2022,4,2,Apr,0.2275
ORD-11410,2021-10-25,2021-11-01,CUST-13816,Home Office,Boston,MA,East,Furniture,Rugs,143.31,1,0.5,-7.64,286.63,41.9499,-71.1274,2021,10,4,Oct,-0.0533
ORD-11413,2022-09-08,2022-09-12,CUST-70616,Home Office,San Francisco,CA,West,Furniture,Conference Tables,480.9,2,0.4,-37.75,400.75,37.2294,-122.2576,2022,9,3,Sep,-0.0785
ORD-11416,2023-03-03,2023-03-09,CUST-18678,Corporate,Memphis,TN,South,Technology,Cameras,7994.34,11,0.15,1102.88,855.01,34.977,-90.8273,2023,3,1,Mar,0.138
ORD-11419,2023-07-07,2023-07-12,CUST-14145,Corporate,Seattle,WA,West,Technology,Keyboards,4740.77,6,0.1,534.23,877.92,47.7275,-122.7737,2023,7,3,Jul,0.1127
ORD-11421,2022-01-31,2022-02-04,CUST-22137,Consumer,Minneapolis,MN,Central,Technology,Headphones,3634.0,10,0.0,832.8,363.4,44.9754,-93.0962,2022,1,1,Jan,0.2292
ORD-11423,2020-11-11,2020-11-13,CUST-22878,Home Office,New Orleans,LA,South,Technology,Headphones,12989.67,11,0.15,1376.63,1389.27,29.6581,-89.711,2020,11,4,Nov,0.106
ORD-11424,2022-03-04,2022-03-10,CUST-53684,Corporate,San Francisco,CA,West,Office Supplies,Pens,70.55,17,0.5,-0.56,8.3,37.7618,-122.7,2022,3,1,Mar,-0.0079
ORD-11426,2021-10-01,2021-10-02,CUST-47560,Home Office,Atlanta,GA,South,Technology,Cameras,20754.25,19,0.05,3275.77,1149.82,33.4846,-84.4419,2021,10,4,Oct,0.1578
ORD-11431,2020-08-28,2020-08-31,CUST-23418,Home Office,Kansas City,MO,Central,Furniture,Lamps,354.39,5,0.4,23.24,118.13,38.6884,-95.0641,2020,8,3,Aug,0.0656
ORD-11436,2021-07-09,2021-07-11,CUST-68149,Corporate,Phoenix,AZ,West,Furniture,Rugs,1375.98,10,0.15,348.89,161.88,33.3872,-112.2707,2021,7,3,Jul,0.2536
ORD-11441,2020-04-13,2020-04-14,CUST-92505,Home Office,Philadelphia,PA,East,Technology,Headphones,832.06,13,0.5,-106.51,128.01,39.7683,-74.6122,2020,4,2,Apr,-0.128
ORD-11443,2021-02-09,2021-02-15,CUST-22178,Corporate,New Orleans,LA,South,Furniture,Sofas,6664.86,18,0.5,-440.57,740.54,29.8036,-89.4228,2021,2,1,Feb,-0.0661
ORD-11446,2023-08-12,2023-08-18,CUST-57638,Home Office,Atlanta,GA,South,Furniture,Sofas,5696.55,15,0.5,-742.18,759.54,33.9726,-84.3002,2023,8,3,Aug,-0.1303
ORD-11449,2022-07-17,2022-07-21,CUST-55693,Corporate,Miami,FL,South,Office Supplies,Sticky Notes,40.9,1,0.0,19.02,40.9,26.2385,-80.1804,2022,7,3,Jul,0.465
ORD-11454,2020-08-07,2020-08-10,CUST-64190,Home Office,Phoenix,AZ,West,Technology,Mice,14280.48,18,0.2,318.87,991.7,33.588,-112.2733,2020,8,3,Aug,0.0223
ORD-11459,2022-09-14,2022-09-18,CUST-54852,Consumer,Phoenix,AZ,West,Technology,Cameras,1305.7,3,0.2,209.79,544.04,33.491,-112.1796,2022,9,3,Sep,0.1607
ORD-11463,2023-12-28,2024-01-02,CUST-33091,Home Office,San Francisco,CA,West,Office Supplies,Notebooks,470.4,16,0.0,192.5,29.4,37.3659,-122.7115,2023,12,4,Dec,0.4092
ORD-11464,2023-11-04,2023-11-11,CUST-38522,Consumer,Minneapolis,MN,Central,Technology,Smartwatches,23369.0,20,0.0,6543.8,1168.45,44.7829,-93.5841,2023,11,4,Nov,0.28
ORD-11466,2023-09-15,2023-09-17,CUST-99327,Consumer,Phoenix,AZ,West,Office Supplies,Pens,688.85,15,0.05,266.47,48.34,33.8057,-111.8543,2023,9,3,Sep,0.3868
ORD-11469,2021-12-06,2021-12-07,CUST-18180,Corporate,Houston,TX,Central,Office Supplies,Binders,670.89,19,0.0,301.77,35.31,29.533,-95.7965,2021,12,4,Dec,0.4498
ORD-11474,2023-02-20,2023-02-27,CUST-61677,Home Office,Kansas City,MO,Central,Technology,Laptops,2006.98,12,0.2,271.08,209.06,39.0032,-94.6552,2023,2,1,Feb,0.1351
ORD-11477,2022-06-10,2022-06-15,CUST-64687,Corporate,St. Louis,MO,Central,Furniture,Standing Desks,2215.64,7,0.2,457.33,395.65,38.7969,-90.0632,2022,6,2,Jun,0.2064
ORD-11478,2020-01-24,2020-01-25,CUST-27985,Consumer,Seattle,WA,West,Office Supplies,Staplers,54.34,1,0.0,27.62,54.34,47.4169,-122.0516,2020,1,1,Jan,0.5083
ORD-11480,2023-06-30,2023-07-02,CUST-34352,Corporate,Austin,TX,South,Office Supplies,Envelopes,494.06,15,0.15,139.75,38.75,30.3506,-97.2815,2023,6,2,Jun,0.2829
ORD-11481,2021-04-29,2021-05-05,CUST-84468,Corporate,New Orleans,LA,South,Technology,Smartwatches,7486.97,17,0.0,1837.24,440.41,30.1115,-89.7482,2021,4,2,Apr,0.2454
ORD-11485,2022-09-13,2022-09-19,CUST-77757,Home Office,Memphis,TN,South,Furniture,Desks,1601.37,3,0.1,323.08,593.1,34.8982,-90.3634,2022,9,3,Sep,0.2018
ORD-11486,2022-08-25,2022-08-31,CUST-55029,Consumer,Charlotte,NC,East,Office Supplies,Notebooks,72.7,3,0.5,-7.15,48.47,35.8469,-81.171,2022,8,3,Aug,-0.0983
ORD-11488,2023-03-21,2023-03-27,CUST-14630,Corporate,Baltimore,MD,East,Furniture,Rugs,7619.53,11,0.1,1592.0,769.65,39.207,-76.5178,2023,3,1,Mar,0.2089
ORD-11489,2023-07-12,2023-07-16,CUST-47593,Consumer,St. Louis,MO,Central,Office Supplies,Binders,753.16,19,0.5,30.72,79.28,38.8881,-90.3749,2023,7,3,Jul,0.0408
ORD-11494,2021-07-23,2021-07-26,CUST-32886,Consumer,Atlanta,GA,South,Technology,Cameras,4714.55,5,0.0,997.81,942.91,33.8348,-84.4646,2021,7,3,Jul,0.2116
ORD-11495,2021-06-19,2021-06-26,CUST-29014,Consumer,Las Vegas,NV,West,Furniture,Conference Tables,4389.54,8,0.15,1142.89,645.52,36.3173,-114.9195,2021,6,2,Jun,0.2604
ORD-11496,2023-09-15,2023-09-19,CUST-16884,Consumer,Denver,CO,West,Furniture,Standing Desks,3215.48,6,0.1,813.98,595.46,40.092,-104.9257,2023,9,3,Sep,0.2531
ORD-11498,2022-09-02,2022-09-08,CUST-79526,Corporate,Denver,CO,West,Furniture,Lamps,9012.06,18,0.1,1398.3,556.3,39.8599,-105.1754,2022,9,3,Sep,0.1552
ORD-11502,2023-10-21,2023-10-24,CUST-90017,Corporate,Atlanta,GA,South,Furniture,Lamps,889.83,17,0.15,136.65,61.58,33.9259,-84.0185,2023,10,4,Oct,0.1536
ORD-11504,2021-06-06,2021-06-12,CUST-78151,Consumer,Houston,TX,Central,Furniture,Sofas,5940.64,19,0.5,-587.75,625.33,29.8526,-94.8593,2021,6,2,Jun,-0.0989
ORD-11508,2023-01-26,2023-01-27,CUST-56073,Corporate,St. Louis,MO,Central,Office Supplies,Staplers,12.33,1,0.0,5.08,12.33,39.4105,-90.0303,2023,1,1,Jan,0.412
ORD-11513,2020-03-10,2020-03-11,CUST-93634,Consumer,Las Vegas,NV,West,Furniture,Sofas,14300.35,20,0.05,2459.11,752.65,36.396,-115.0257,2020,3,1,Mar,0.172
ORD-11516,2020-09-23,2020-09-27,CUST-48609,Home Office,Jacksonville,FL,East,Technology,Smartphones,23078.16,19,0.0,6565.45,1214.64,30.532,-81.6915,2020,9,3,Sep,0.2845
ORD-11520,2022-05-24,2022-05-30,CUST-60933,Corporate,Memphis,TN,South,Technology,Headphones,4654.54,11,0.0,739.07,423.14,35.0873,-90.3052,2022,5,2,May,0.1588
ORD-11521,2022-06-21,2022-06-22,CUST-28857,Consumer,Chicago,IL,Central,Furniture,Sofas,2066.62,16,0.3,64.01,184.52,42.0266,-87.149,2022,6,2,Jun,0.031
ORD-11522,2021-06-14,2021-06-15,CUST-75234,Corporate,Miami,FL,South,Office Supplies,Notebooks,33.31,2,0.3,5.99,23.79,25.4112,-80.0566,2021,6,2,Jun,0.1798
ORD-11527,2023-09-23,2023-09-27,CUST-74314,Consumer,Las Vegas,NV,West,Office Supplies,Pens,309.15,9,0.0,142.16,34.35,35.9871,-115.1802,2023,9,3,Sep,0.4598
ORD-11532,2021-04-07,2021-04-08,CUST-57044,Home Office,Austin,TX,South,Furniture,Desks,4288.96,13,0.5,-425.75,659.84,30.0345,-97.5455,2021,4,2,Apr,-0.0993
ORD-11535,2023-07-18,2023-07-24,CUST-94907,Consumer,St. Louis,MO,Central,Furniture,Standing Desks,1442.85,3,0.3,77.85,687.07,38.7559,-90.4662,2023,7,3,Jul,0.054
ORD-11539,2023-09-15,2023-09-17,CUST-21123,Corporate,San Francisco,CA,West,Office Supplies,Pens,444.55,10,0.15,114.75,52.3,37.9867,-122.5318,2023,9,3,Sep,0.2581
ORD-11543,2021-01-30,2021-01-31,CUST-79984,Consumer,Memphis,TN,South,Technology,Tablets,6768.18,19,0.1,1531.97,395.8,35.0301,-89.9826,2021,1,1,Jan,0.2263
ORD-11547,2021-11-22,2021-11-29,CUST-98877,Consumer,Atlanta,GA,South,Technology,Keyboards,765.59,2,0.4,-40.86,637.99,33.3245,-84.9182,2021,11,4,Nov,-0.0534
ORD-11548,2020-03-16,2020-03-22,CUST-41808,Consumer,Las Vegas,NV,West,Office Supplies,Paper Reams,182.6,5,0.5,-13.93,73.04,36.5488,-115.3056,2020,3,1,Mar,-0.0763
ORD-11549,2020-07-18,2020-07-22,CUST-75161,Corporate,Los Angeles,CA,West,Technology,Laptops,5950.0,20,0.0,2070.06,297.5,33.8807,-118.1846,2020,7,3,Jul,0.3479
ORD-11551,2023-10-21,2023-10-25,CUST-15975,Corporate,Los Angeles,CA,West,Technology,Mice,2105.25,11,0.15,372.85,225.16,34.6518,-117.6215,2023,10,4,Oct,0.1771
ORD-11556,2020-10-16,2020-10-23,CUST-15334,Corporate,Seattle,WA,West,Technology,Smartphones,3905.81,14,0.05,939.03,293.67,47.9172,-122.1522,2020,10,4,Oct,0.2404
ORD-11559,2020-11-19,2020-11-20,CUST-64555,Corporate,Los Angeles,CA,West,Office Supplies,Envelopes,595.68,16,0.5,23.18,74.46,33.8846,-118.4855,2020,11,4,Nov,0.0389
ORD-11564,2023-08-03,2023-08-06,CUST-33593,Consumer,Memphis,TN,South,Technology,Monitors,11952.87,17,0.0,2627.61,703.11,35.0989,-90.186,2023,8,3,Aug,0.2198
ORD-11569,2022-05-07,2022-05-08,CUST-57435,Corporate,New Orleans,LA,South,Technology,Printers,7050.24,18,0.0,1796.54,391.68,30.2366,-90.0435,2022,5,2,May,0.2548
ORD-11573,2020-04-18,2020-04-20,CUST-33111,Corporate,Denver,CO,West,Office Supplies,Paper Reams,217.39,4,0.3,50.84,77.64,39.3975,-105.0381,2020,4,2,Apr,0.2339
ORD-11574,2022-01-15,2022-01-18,CUST-23686,Home Office,Las Vegas,NV,West,Technology,Laptops,3333.32,7,0.3,-186.14,680.27,35.61,-115.1648,2022,1,1,Jan,-0.0558
ORD-11577,2022-09-20,2022-09-25,CUST-64927,Consumer,Charlotte,NC,East,Technology,Tablets,305.5,4,0.5,-56.85,152.75,35.684,-80.6508,2022,9,3,Sep,-0.1861
ORD-11579,2020-08-13,2020-08-16,CUST-19637,Consumer,Las Vegas,NV,West,Office Supplies,Sticky Notes,449.54,8,0.2,84.87,70.24,36.7262,-114.7737,2020,8,3,Aug,0.1888
ORD-11582,2020-10-23,2020-10-25,CUST-45349,Corporate,New Orleans,LA,South,Furniture,Office Chairs,6236.56,20,0.05,1803.02,328.24,29.8821,-90.3578,2020,10,4,Oct,0.2891
ORD-11585,2023-03-10,2023-03-11,CUST-38816,Home Office,Seattle,WA,West,Technology,Laptops,2231.37,9,0.0,449.37,247.93,47.9366,-121.7646,2023,3,1,Mar,0.2014
ORD-11590,2023-03-29,2023-04-03,CUST-72061,Consumer,Kansas City,MO,Central,Technology,Smartwatches,1332.96,8,0.05,342.79,175.39,38.9533,-94.9159,2023,3,1,Mar,0.2572
ORD-11595,2021-05-20,2021-05-22,CUST-10665,Home Office,Nashville,TN,South,Technology,Mice,7476.26,11,0.0,1697.44,679.66,35.6395,-86.683,2021,5,2,May,0.227
ORD-11599,2022-10-29,2022-10-30,CUST-74918,Home Office,Atlanta,GA,South,Technology,Headphones,11481.82,14,0.0,2441.26,820.13,33.6102,-84.8684,2022,10,4,Oct,0.2126
ORD-11603,2022-04-12,2022-04-14,CUST-97691,Home Office,Los Angeles,CA,West,Office Supplies,Pens,399.6,5,0.0,170.1,79.92,33.8902,-118.591,2022,4,2,Apr,0.4257
ORD-11606,2023-04-10,2023-04-11,CUST-92157,Home Office,Dallas,TX,Central,Office Supplies,Tape,866.1,15,0.0,222.06,57.74,32.7717,-96.2683,2023,4,2,Apr,0.2564
ORD-11611,2020-05-24,2020-05-28,CUST-85396,Home Office,Memphis,TN,South,Office Supplies,Pens,338.08,11,0.5,28.08,61.47,35.0129,-90.2307,2020,5,2,May,0.0831
ORD-11612,2020-04-22,2020-04-27,CUST-57916,Corporate,Las Vegas,NV,West,Technology,Smartwatches,8025.42,12,0.5,-1256.47,1337.57,35.8705,-115.0495,2020,4,2,Apr,-0.1566
ORD-11617,2020-05-17,2020-05-22,CUST-37498,Home Office,Dallas,TX,Central,Office Supplies,Folders,222.8,7,0.3,44.18,45.47,33.1481,-96.83,2020,5,2,May,0.1983
ORD-11622,2023-10-25,2023-10-29,CUST-26083,Home Office,Seattle,WA,West,Furniture,Sofas,1712.18,9,0.4,-51.68,317.07,47.3466,-122.5781,2023,10,4,Oct,-0.0302
ORD-11624,2022-07-14,2022-07-19,CUST-70014,Corporate,Memphis,TN,South,Office Supplies,Folders,787.92,12,0.0,306.25,65.66,35.2602,-89.7759,2022,7,3,Jul,0.3887
ORD-11629,2020-06-06,2020-06-07,CUST-92218,Corporate,New York,NY,East,Furniture,Bookshelves,3230.47,6,0.05,710.19,566.75,41.1578,-74.0913,2020,6,2,Jun,0.2198
ORD-11630,2022-08-28,2022-08-31,CUST-40451,Consumer,Boston,MA,East,Furniture,Rugs,7369.74,14,0.0,2203.05,526.41,42.1358,-71.7873,2022,8,3,Aug,0.2989
ORD-11634,2023-08-16,2023-08-23,CUST-70031,Home Office,Minneapolis,MN,Central,Office Supplies,Sticky Notes,295.42,11,0.4,36.69,44.76,45.2011,-93.3544,2023,8,3,Aug,0.1242
ORD-11637,2021-06-16,2021-06-18,CUST-47274,Consumer,Kansas City,MO,Central,Technology,Printers,9428.16,16,0.0,2105.78,589.26,39.2548,-95.0488,2021,6,2,Jun,0.2234
ORD-11639,2023-01-01,2023-01-04,CUST-41182,Home Office,Miami,FL,South,Office Supplies,Staplers,341.76,6,0.0,127.66,56.96,26.0083,-80.5663,2023,1,1,Jan,0.3735
ORD-11642,2022-06-21,2022-06-24,CUST-29391,Consumer,New York,NY,East,Furniture,Wardrobes,4723.82,12,0.15,919.62,463.12,40.303,-73.8701,2022,6,2,Jun,0.1947
ORD-11645,2021-09-09,2021-09-10,CUST-30454,Home Office,Minneapolis,MN,Central,Office Supplies,Staplers,11.13,1,0.3,1.76,15.9,44.4955,-92.9206,2021,9,3,Sep,0.1581
ORD-11647,2023-08-18,2023-08-24,CUST-84086,Corporate,Jacksonville,FL,East,Office Supplies,Folders,379.0,10,0.5,-13.92,75.8,30.0869,-81.5898,2023,8,3,Aug,-0.0367
ORD-11649,2022-09-07,2022-09-08,CUST-68454,Home Office,Nashville,TN,South,Office Supplies,Notebooks,17.15,5,0.5,0.98,6.86,35.8653,-86.7615,2022,9,3,Sep,0.0571
ORD-11650,2023-08-06,2023-08-08,CUST-20956,Home Office,Chicago,IL,Central,Furniture,Office Chairs,11400.2,19,0.05,3208.48,631.59,42.0579,-87.5971,2023,8,3,Aug,0.2814
ORD-11654,2022-03-18,2022-03-20,CUST-29391,Home Office,Memphis,TN,South,Office Supplies,Notebooks,1030.34,16,0.15,269.59,75.76,34.9017,-90.0242,2022,3,1,Mar,0.2617
ORD-11658,2021-08-05,2021-08-08,CUST-64474,Consumer,Nashville,TN,South,Furniture,Conference Tables,4253.23,12,0.05,877.84,373.09,35.2936,-86.649,2021,8,3,Aug,0.2064
ORD-11661,2022-04-28,2022-04-30,CUST-18665,Home Office,Nashville,TN,South,Technology,Mice,10453.91,19,0.4,-572.91,917.01,35.4611,-87.0829,2022,4,2,Apr,-0.0548
ORD-11663,2021-07-13,2021-07-17,CUST-34380,Home Office,Atlanta,GA,South,Technology,Mice,5135.58,6,0.0,1288.81,855.93,34.3672,-84.3838,2021,7,3,Jul,0.251
ORD-11664,2021-09-10,2021-09-17,CUST-30188,Consumer,Nashville,TN,South,Office Supplies,Tape,755.44,19,0.0,274.68,39.76,36.1151,-86.3675,2021,9,3,Sep,0.3636
ORD-11665,2023-09-01,2023-09-07,CUST-25644,Consumer,Houston,TX,Central,Office Supplies,Tape,537.61,10,0.05,176.18,56.59,29.5202,-95.5148,2023,9,3,Sep,0.3277
ORD-11666,2022-01-10,2022-01-15,CUST-58916,Home Office,Minneapolis,MN,Central,Technology,Smartwatches,9744.9,16,0.3,-659.4,870.08,45.0168,-92.7826,2022,1,1,Jan,-0.0677
ORD-11669,2020-10-26,2020-10-29,CUST-64986,Consumer,Boston,MA,East,Technology,Smartwatches,17868.06,15,0.1,2790.17,1323.56,42.2843,-71.1475,2020,10,4,Oct,0.1562
ORD-11671,2023-08-01,2023-08-02,CUST-81265,Home Office,Chicago,IL,Central,Furniture,Sofas,4365.43,17,0.5,-777.74,513.58,42.1149,-87.6734,2023,8,3,Aug,-0.1782
ORD-11673,2023-11-04,2023-11-10,CUST-77917,Corporate,Houston,TX,Central,Office Supplies,Binders,801.0,12,0.0,313.17,66.75,30.7179,-95.2804,2023,11,4,Nov,0.391
ORD-11678,2020-11-29,2020-11-30,CUST-78898,Corporate,Houston,TX,Central,Furniture,Standing Desks,841.09,7,0.4,-48.44,200.26,29.6321,-95.0255,2020,11,4,Nov,-0.0576
ORD-11683,2020-09-25,2020-09-26,CUST-78566,Consumer,Baltimore,MD,East,Furniture,Desks,6295.63,16,0.3,413.39,562.11,38.8585,-76.3342,2020,9,3,Sep,0.0657
ORD-11685,2020-08-30,2020-09-01,CUST-27067,Consumer,Dallas,TX,Central,Office Supplies,Binders,109.95,5,0.0,40.31,21.99,33.342,-96.476,2020,8,3,Aug,0.3666
ORD-11690,2020-02-08,2020-02-15,CUST-17768,Consumer,Baltimore,MD,East,Office Supplies,Notebooks,125.66,16,0.4,7.24,13.09,39.6743,-76.5896,2020,2,1,Feb,0.0576
ORD-11695,2021-09-09,2021-09-15,CUST-36217,Consumer,Atlanta,GA,South,Furniture,Office Chairs,600.81,1,0.05,181.83,632.43,33.8954,-84.6439,2021,9,3,Sep,0.3026
ORD-11700,2020-10-25,2020-11-01,CUST-41696,Consumer,Las Vegas,NV,West,Furniture,Office Chairs,1608.28,9,0.4,-83.92,297.83,36.479,-115.2404,2020,10,4,Oct,-0.0522
ORD-11701,2021-03-20,2021-03-26,CUST-38051,Home Office,New York,NY,East,Office Supplies,Pens,430.85,7,0.0,163.64,61.55,40.4235,-73.8829,2021,3,1,Mar,0.3798
ORD-11706,2022-06-19,2022-06-25,CUST-39825,Consumer,Nashville,TN,South,Office Supplies,Envelopes,127.19,4,0.05,58.91,33.47,35.8497,-86.7727,2022,6,2,Jun,0.4632
ORD-11707,2020-08-13,2020-08-18,CUST-53006,Corporate,Atlanta,GA,South,Furniture,Desks,1540.8,5,0.0,571.04,308.16,33.7261,-84.2543,2020,8,3,Aug,0.3706
ORD-11710,2023-05-14,2023-05-20,CUST-66093,Corporate,Atlanta,GA,South,Furniture,Sofas,5421.12,10,0.2,470.99,677.64,33.8785,-84.4461,2023,5,2,May,0.0869
ORD-11711,2020-01-27,2020-02-02,CUST-28791,Consumer,Los Angeles,CA,West,Furniture,Conference Tables,5363.2,16,0.0,1873.29,335.2,34.4062,-117.4631,2020,1,1,Jan,0.3493
ORD-11712,2020-12-11,2020-12-12,CUST-40522,Consumer,Austin,TX,South,Office Supplies,Envelopes,476.35,12,0.2,128.13,49.62,30.3677,-97.6817,2020,12,4,Dec,0.269
ORD-11716,2023-04-06,2023-04-11,CUST-97382,Home Office,Memphis,TN,South,Furniture,Sofas,4947.71,9,0.15,803.22,646.76,35.2515,-90.1386,2023,4,2,Apr,0.1623
ORD-11717,2022-07-20,2022-07-21,CUST-23055,Consumer,Austin,TX,South,Office Supplies,Binders,208.52,4,0.0,85.16,52.13,30.6653,-98.042,2022,7,3,Jul,0.4084
ORD-11722,2022-02-22,2022-02-27,CUST-74512,Consumer,New York,NY,East,Furniture,Office Chairs,5598.01,11,0.0,1998.46,508.91,41.1051,-74.0454,2022,2,1,Feb,0.357
ORD-11726,2022-10-30,2022-11-02,CUST-25615,Corporate,Miami,FL,South,Furniture,Lamps,12455.1,18,0.0,2415.13,691.95,25.5877,-79.8009,2022,10,4,Oct,0.1939
ORD-11730,2022-07-30,2022-07-31,CUST-66450,Corporate,Austin,TX,South,Furniture,Standing Desks,1075.5,2,0.0,321.42,537.75,29.9702,-97.8914,2022,7,3,Jul,0.2989
ORD-11735,2020-08-12,2020-08-17,CUST-30487,Corporate,Seattle,WA,West,Office Supplies,Scissors,536.7,16,0.3,108.43,47.92,47.774,-122.4017,2020,8,3,Aug,0.202
ORD-11736,2022-02-12,2022-02-17,CUST-26803,Home Office,Baltimore,MD,East,Furniture,Lamps,1494.12,12,0.5,-176.82,249.02,39.1725,-76.8867,2022,2,1,Feb,-0.1183
ORD-11737,2023-07-04,2023-07-07,CUST-96670,Consumer,Houston,TX,Central,Office Supplies,Envelopes,351.39,13,0.15,126.77,31.8,29.6633,-95.0049,2023,7,3,Jul,0.3608
ORD-11740,2020-06-22,2020-06-28,CUST-14899,Home Office,San Francisco,CA,West,Technology,Printers,2357.93,3,0.4,-56.44,1309.96,38.0695,-122.5495,2020,6,2,Jun,-0.0239
ORD-11745,2022-05-12,2022-05-15,CUST-61157,Home Office,Memphis,TN,South,Furniture,Wardrobes,386.2,1,0.2,61.86,482.75,35.1427,-90.3211,2022,5,2,May,0.1602
ORD-11747,2023-11-15,2023-11-21,CUST-90586,Consumer,Kansas City,MO,Central,Technology,Headphones,3196.04,7,0.15,371.44,537.15,38.7463,-94.2237,2023,11,4,Nov,0.1162
ORD-11750,2023-07-25,2023-08-01,CUST-85172,Corporate,Houston,TX,Central,Furniture,Filing Cabinets,1327.77,3,0.0,367.49,442.59,29.8203,-95.285,2023,7,3,Jul,0.2768
ORD-11754,2023-03-30,2023-03-31,CUST-37490,Home Office,Miami,FL,South,Office Supplies,Notebooks,865.7,19,0.3,127.31,65.09,25.946,-80.3325,2023,3,1,Mar,0.1471
ORD-11758,2021-09-06,2021-09-10,CUST-98022,Home Office,Chicago,IL,Central,Office Supplies,Binders,257.47,18,0.4,31.81,23.84,41.4462,-87.6121,2021,9,3,Sep,0.1235
ORD-11763,2023-03-27,2023-03-31,CUST-90533,Consumer,Los Angeles,CA,West,Office Supplies,Folders,474.77,7,0.1,197.95,75.36,33.7499,-118.4433,2023,3,1,Mar,0.4169
ORD-11767,2021-02-14,2021-02-17,CUST-63773,Home Office,New Orleans,LA,South,Office Supplies,Pens,761.4,15,0.1,263.21,56.4,30.0039,-89.9648,2021,2,1,Feb,0.3457
ORD-11769,2021-06-30,2021-07-07,CUST-24884,Corporate,Chicago,IL,Central,Office Supplies,Paper Reams,400.72,10,0.2,105.97,50.09,42.0404,-87.3171,2021,6,2,Jun,0.2644
ORD-11771,2022-08-08,2022-08-12,CUST-45744,Corporate,San Francisco,CA,West,Technology,Monitors,25434.2,18,0.05,5099.33,1487.38,37.6976,-122.2182,2022,8,3,Aug,0.2005
ORD-11774,2023-02-01,2023-02-03,CUST-88852,Home Office,Los Angeles,CA,West,Furniture,Sofas,808.2,2,0.0,319.23,404.1,34.0102,-118.5324,2023,2,1,Feb,0.395
ORD-11779,2023-09-08,2023-09-09,CUST-75568,Home Office,Chicago,IL,Central,Furniture,Conference Tables,7639.58,13,0.0,2714.76,587.66,41.8139,-88.3018,2023,9,3,Sep,0.3554
ORD-11784,2021-05-30,2021-06-03,CUST-61111,Home Office,Charlotte,NC,East,Office Supplies,Envelopes,167.03,3,0.15,53.85,65.5,35.0694,-80.8672,2021,5,2,May,0.3224
ORD-11789,2020-12-24,2020-12-26,CUST-59113,Consumer,Denver,CO,West,Technology,Tablets,4329.61,9,0.3,-14.72,687.24,39.7971,-104.7672,2020,12,4,Dec,-0.0034
ORD-11792,2023-10-30,2023-11-01,CUST-12762,Corporate,Boston,MA,East,Office Supplies,Scissors,246.48,9,0.15,63.65,32.22,42.5139,-71.1379,2023,10,4,Oct,0.2582
ORD-11793,2023-10-07,2023-10-09,CUST-80111,Home Office,Jacksonville,FL,East,Office Supplies,Pens,588.21,9,0.15,186.43,76.89,30.5146,-81.9306,2023,10,4,Oct,0.3169
ORD-11797,2021-06-07,2021-06-10,CUST-92752,Corporate,Denver,CO,West,Furniture,Office Chairs,1837.89,3,0.0,651.16,612.63,39.5792,-104.7376,2021,6,2,Jun,0.3543
ORD-11798,2020-06-13,2020-06-20,CUST-31016,Corporate,St. Louis,MO,Central,Furniture,Office Chairs,4454.14,16,0.2,705.38,347.98,39.1815,-90.267,2020,6,2,Jun,0.1584
ORD-11800,2023-05-18,2023-05-24,CUST-92595,Corporate,Kansas City,MO,Central,Technology,Keyboards,20156.22,18,0.0,4082.32,1119.79,39.0942,-94.671,2023,5,2,May,0.2025
ORD-11802,2021-02-13,2021-02-19,CUST-87858,Corporate,Memphis,TN,South,Technology,Laptops,3029.4,10,0.4,-181.77,504.9,34.6651,-90.3661,2021,2,1,Feb,-0.06
ORD-11803,2020-09-30,2020-10-03,CUST-64328,Home Office,Nashville,TN,South,Furniture,Lamps,3799.68,6,0.05,785.05,666.61,36.4551,-86.2668,2020,9,3,Sep,0.2066
ORD-11807,2021-04-04,2021-04-05,CUST-35987,Home Office,Dallas,TX,Central,Furniture,Standing Desks,528.27,1,0.0,155.72,528.27,32.7294,-96.779,2021,4,2,Apr,0.2948
ORD-11808,2023-06-19,2023-06-23,CUST-11850,Corporate,St. Louis,MO,Central,Technology,Laptops,4272.3,20,0.5,-520.82,427.23,38.3518,-90.1285,2023,6,2,Jun,-0.1219
ORD-11812,2021-04-04,2021-04-10,CUST-60079,Consumer,Austin,TX,South,Office Supplies,Tape,401.06,7,0.1,147.89,63.66,30.4203,-97.6831,2021,4,2,Apr,0.3687
ORD-11815,2021-08-02,2021-08-08,CUST-40865,Consumer,Denver,CO,West,Technology,Smartwatches,4136.45,7,0.1,786.14,656.58,38.929,-104.7766,2021,8,3,Aug,0.1901
ORD-11817,2023-08-18,2023-08-22,CUST-60265,Home Office,Miami,FL,South,Furniture,Wardrobes,318.17,3,0.2,34.14,132.57,25.2208,-80.0366,2023,8,3,Aug,0.1073
ORD-11822,2020-07-14,2020-07-19,CUST-97921,Consumer,Memphis,TN,South,Office Supplies,Binders,68.54,2,0.15,23.9,40.32,35.1088,-89.7641,2020,7,3,Jul,0.3487
ORD-11827,2022-02-19,2022-02-22,CUST-33510,Home Office,New York,NY,East,Furniture,Rugs,1713.66,13,0.0,652.24,131.82,41.1045,-73.518,2022,2,1,Feb,0.3806
ORD-11830,2022-08-16,2022-08-18,CUST-15788,Corporate,Dallas,TX,Central,Office Supplies,Tape,46.89,3,0.0,20.5,15.63,32.8026,-97.2806,2022,8,3,Aug,0.4372
ORD-11832,2021-08-02,2021-08-05,CUST-51358,Corporate,Denver,CO,West,Furniture,Conference Tables,11897.12,20,0.2,1519.23,743.57,39.487,-104.3287,2021,8,3,Aug,0.1277
ORD-11836,2021-01-21,2021-01-23,CUST-25207,Consumer,Miami,FL,South,Office Supplies,Tape,34.33,2,0.3,5.19,24.52,25.807,-80.0246,2021,1,1,Jan,0.1512
ORD-11839,2023-02-22,2023-02-26,CUST-22265,Home Office,Atlanta,GA,South,Furniture,Conference Tables,10219.5,15,0.0,3088.13,681.3,34.2585,-84.5768,2023,2,1,Feb,0.3022
ORD-11844,2022-11-07,2022-11-14,CUST-84814,Home Office,Seattle,WA,West,Technology,Tablets,7800.39,9,0.0,1791.99,866.71,47.3873,-122.726,2022,11,4,Nov,0.2297
ORD-11847,2023-10-18,2023-10-19,CUST-87376,Corporate,Denver,CO,West,Technology,Monitors,771.32,11,0.2,22.69,87.65,39.7289,-105.1088,2023,10,4,Oct,0.0294
ORD-11850,2022-07-31,2022-08-07,CUST-15747,Consumer,Boston,MA,East,Technology,Laptops,11334.08,16,0.0,2101.1,708.38,41.9381,-71.0849,2022,7,3,Jul,0.1854
ORD-11855,2021-03-08,2021-03-15,CUST-88943,Consumer,Nashville,TN,South,Office Supplies,Envelopes,129.72,2,0.0,42.13,64.86,36.398,-86.7553,2021,3,1,Mar,0.3248
ORD-11858,2021-05-06,2021-05-13,CUST-94825,Consumer,Atlanta,GA,South,Furniture,Sofas,7137.62,13,0.2,479.09,686.31,33.6572,-84.6156,2021,5,2,May,0.0671
ORD-11860,2021-09-27,2021-10-03,CUST-74175,Corporate,Los Angeles,CA,West,Furniture,Lamps,6509.4,20,0.4,-26.31,542.45,34.4521,-118.8026,2021,9,3,Sep,-0.004
ORD-11864,2023-05-14,2023-05-18,CUST-22182,Home Office,Austin,TX,South,Furniture,Sofas,1570.73,3,0.2,228.94,654.47,30.222,-97.5386,2023,5,2,May,0.1458
ORD-11867,2021-04-04,2021-04-10,CUST-71370,Home Office,Charlotte,NC,East,Furniture,Lamps,2180.0,5,0.0,677.24,436.0,35.0044,-80.9357,2021,4,2,Apr,0.3107
ORD-11872,2020-09-18,2020-09-24,CUST-20031,Consumer,Atlanta,GA,South,Furniture,Sofas,4327.8,10,0.0,1126.09,432.78,34.0728,-84.3836,2020,9,3,Sep,0.2602
ORD-11877,2022-04-25,2022-04-26,CUST-20717,Corporate,Charlotte,NC,East,Technology,Cameras,13611.24,15,0.1,3199.45,1008.24,35.2118,-81.0525,2022,4,2,Apr,0.2351
ORD-11882,2021-01-08,2021-01-15,CUST-69637,Consumer,New York,NY,East,Office Supplies,Tape,639.02,13,0.15,130.56,57.83,40.1691,-74.4852,2021,1,1,Jan,0.2043
ORD-11886,2021-03-08,2021-03-10,CUST-80041,Consumer,New Orleans,LA,South,Furniture,Conference Tables,1485.36,3,0.0,465.45,495.12,30.1026,-90.5444,2021,3,1,Mar,0.3134
ORD-11890,2020-12-17,2020-12-23,CUST-49688,Consumer,New York,NY,East,Furniture,Desks,2735.36,16,0.5,-151.12,341.92,40.5651,-73.966,2020,12,4,Dec,-0.0552
ORD-11891,2020-06-28,2020-06-30,CUST-37424,Corporate,St. Louis,MO,Central,Office Supplies,Scissors,29.4,5,0.05,12.95,6.19,38.8991,-90.2806,2020,6,2,Jun,0.4405
ORD-11895,2023-07-06,2023-07-13,CUST-12859,Corporate,Memphis,TN,South,Technology,Monitors,4118.06,18,0.3,-265.86,326.83,34.5045,-90.2657,2023,7,3,Jul,-0.0646
ORD-11896,2022-08-23,2022-08-24,CUST-53758,Corporate,Philadelphia,PA,East,Technology,Headphones,10782.96,15,0.2,533.15,898.58,39.6538,-75.1994,2022,8,3,Aug,0.0494
ORD-11900,2022-10-12,2022-10-18,CUST-73714,Corporate,New York,NY,East,Office Supplies,Scissors,356.57,19,0.3,58.42,26.81,40.6425,-74.205,2022,10,4,Oct,0.1638
ORD-11904,2020-02-08,2020-02-12,CUST-25327,Home Office,Miami,FL,South,Office Supplies,Pens,1093.94,19,0.2,271.77,71.97,25.9026,-80.5171,2020,2,1,Feb,0.2484
ORD-11906,2023-11-29,2023-12-03,CUST-76536,Corporate,New Orleans,LA,South,Office Supplies,Sticky Notes,28.13,1,0.3,6.49,40.19,29.9204,-90.0643,2023,11,4,Nov,0.2307
ORD-11909,2023-09-07,2023-09-11,CUST-71908,Home Office,Phoenix,AZ,West,Office Supplies,Sticky Notes,137.12,5,0.2,37.76,34.28,33.52,-111.7841,2023,9,3,Sep,0.2754
ORD-11913,2020-06-25,2020-07-01,CUST-74713,Home Office,Phoenix,AZ,West,Technology,Printers,3795.04,16,0.0,889.39,237.19,33.2663,-111.9615,2020,6,2,Jun,0.2344
ORD-11914,2020-02-07,2020-02-10,CUST-18344,Consumer,Dallas,TX,Central,Technology,Cameras,3065.63,9,0.4,-481.88,567.71,32.8126,-96.81,2020,2,1,Feb,-0.1572
ORD-11919,2020-09-04,2020-09-09,CUST-45060,Consumer,Minneapolis,MN,Central,Technology,Smartwatches,6041.84,8,0.0,1266.33,755.23,44.9414,-93.8346,2020,9,3,Sep,0.2096
ORD-11920,2020-08-01,2020-08-07,CUST-90028,Home Office,Las Vegas,NV,West,Office Supplies,Envelopes,78.58,2,0.0,29.28,39.29,36.1979,-115.092,2020,8,3,Aug,0.3726
ORD-11924,2020-12-08,2020-12-14,CUST-76308,Consumer,Charlotte,NC,East,Technology,Cameras,4725.94,4,0.1,418.8,1312.76,35.6097,-81.0999,2020,12,4,Dec,0.0886
ORD-11926,2022-01-14,2022-01-17,CUST-72084,Home Office,Memphis,TN,South,Technology,Tablets,1141.65,5,0.0,306.5,228.33,35.2782,-90.2439,2022,1,1,Jan,0.2685
ORD-11930,2021-06-28,2021-07-01,CUST-39908,Consumer,Houston,TX,Central,Office Supplies,Staplers,137.51,14,0.4,23.21,16.37,29.4019,-95.0943,2021,6,2,Jun,0.1688
ORD-11931,2022-11-23,2022-11-30,CUST-21112,Corporate,Denver,CO,West,Furniture,Standing Desks,2669.69,12,0.4,80.17,370.79,39.5388,-104.5623,2022,11,4,Nov,0.03
ORD-11936,2020-05-05,2020-05-09,CUST-48761,Corporate,Houston,TX,Central,Furniture,Bookshelves,1047.86,2,0.0,301.26,523.93,29.8466,-95.2919,2020,5,2,May,0.2875
ORD-11940,2021-10-04,2021-10-07,CUST-68482,Corporate,Austin,TX,South,Office Supplies,Folders,50.78,1,0.0,19.97,50.78,30.5132,-97.502,2021,10,4,Oct,0.3933
ORD-11943,2022-06-24,2022-06-30,CUST-21046,Home Office,Phoenix,AZ,West,Office Supplies,Envelopes,402.88,12,0.05,109.81,35.34,33.8413,-112.5687,2022,6,2,Jun,0.2726
ORD-11946,2020-09-15,2020-09-20,CUST-93320,Home Office,Charlotte,NC,East,Furniture,Standing Desks,1095.88,18,0.4,34.66,101.47,35.568,-81.1673,2020,9,3,Sep,0.0316
ORD-11949,2021-06-13,2021-06-15,CUST-44046,Home Office,Los Angeles,CA,West,Technology,Cameras,11034.4,10,0.0,2200.91,1103.44,33.7183,-118.3045,2021,6,2,Jun,0.1995
ORD-11954,2021-09-02,2021-09-07,CUST-92279,Corporate,Chicago,IL,Central,Technology,Smartphones,353.53,1,0.5,-69.08,707.06,42.0839,-87.2569,2021,9,3,Sep,-0.1954
ORD-11959,2023-03-19,2023-03-25,CUST-86332,Home Office,Seattle,WA,West,Furniture,Sofas,1828.09,5,0.15,456.63,430.14,47.4413,-122.3928,2023,3,1,Mar,0.2498
ORD-11961,2023-12-28,2024-01-01,CUST-68479,Consumer,Seattle,WA,West,Furniture,Desks,763.32,14,0.3,-18.45,77.89,47.3682,-122.0405,2023,12,4,Dec,-0.0242
ORD-11965,2023-04-19,2023-04-24,CUST-74165,Corporate,Boston,MA,East,Office Supplies,Folders,663.95,17,0.2,212.98,48.82,41.9897,-71.2377,2023,4,2,Apr,0.3208
ORD-11967,2022-09-19,2022-09-25,CUST-69694,Consumer,Miami,FL,South,Technology,Cameras,3564.15,15,0.0,779.41,237.61,25.854,-80.4329,2022,9,3,Sep,0.2187
ORD-11968,2022-01-26,2022-01-27,CUST-78521,Home Office,Atlanta,GA,South,Office Supplies,Staplers,588.96,20,0.1,200.95,32.72,33.6078,-84.3943,2022,1,1,Jan,0.3412
ORD-11969,2021-09-13,2021-09-16,CUST-49998,Corporate,Los Angeles,CA,West,Furniture,Sofas,1792.13,16,0.2,299.85,140.01,34.0519,-118.3709,2021,9,3,Sep,0.1673
ORD-11974,2020-09-07,2020-09-12,CUST-69293,Consumer,Dallas,TX,Central,Technology,Headphones,1598.08,12,0.1,214.97,147.97,32.7535,-96.911,2020,9,3,Sep,0.1345
ORD-11975,2020-10-10,2020-10-15,CUST-91889,Consumer,Minneapolis,MN,Central,Furniture,Wardrobes,6932.94,15,0.15,1158.22,543.76,45.4596,-93.1017,2020,10,4,Oct,0.1671
ORD-11980,2023-01-12,2023-01-13,CUST-92589,Corporate,Austin,TX,South,Technology,Mice,16756.05,15,0.0,3438.78,1117.07,30.4791,-97.8401,2023,1,1,Jan,0.2052
ORD-11985,2023-02-19,2023-02-20,CUST-34824,Home Office,Kansas City,MO,Central,Office Supplies,Notebooks,216.37,7,0.5,12.69,61.82,39.2109,-94.6122,2023,2,1,Feb,0.0586
ORD-11989,2022-12-25,2022-12-27,CUST-21094,Home Office,New Orleans,LA,South,Technology,Smartphones,224.35,1,0.5,-35.36,448.7,29.4787,-90.408,2022,12,4,Dec,-0.1576
ORD-11992,2020-02-17,2020-02-20,CUST-21930,Corporate,Minneapolis,MN,Central,Office Supplies,Pens,499.41,14,0.2,90.05,44.59,45.0229,-92.7502,2020,2,1,Feb,0.1803
ORD-11993,2020-10-21,2020-10-23,CUST-90540,Corporate,New York,NY,East,Office Supplies,Staplers,687.69,9,0.0,351.8,76.41,40.9014,-73.8597,2020,10,4,Oct,0.5116
ORD-11994,2022-03-09,2022-03-10,CUST-36549,Corporate,Dallas,TX,Central,Technology,Laptops,2822.27,11,0.0,366.75,256.57,32.6172,-97.0363,2022,3,1,Mar,0.1299
ORD-11999,2022-11-07,2022-11-14,CUST-63356,Corporate,Phoenix,AZ,West,Office Supplies,Paper Reams,113.65,17,0.3,14.66,9.55,33.3996,-112.2116,2022,11,4,Nov,0.129
ORD-12001,2021-04-23,2021-04-24,CUST-49926,Home Office,Baltimore,MD,East,Technology,Mice,4608.41,9,0.4,-916.91,853.41,39.5144,-76.9318,2021,4,2,Apr,-0.199
ORD-12006,2020-10-18,2020-10-21,CUST-69210,Consumer,Austin,TX,South,Technology,Cameras,21293.28,18,0.2,1532.31,1478.7,30.8922,-98.0158,2020,10,4,Oct,0.072
ORD-12010,2023-08-30,2023-09-01,CUST-56061,Corporate,New York,NY,East,Furniture,Wardrobes,665.81,1,0.1,62.24,739.79,40.6242,-73.6797,2023,8,3,Aug,0.0935
ORD-12012,2020-11-26,2020-12-02,CUST-82938,Consumer,Phoenix,AZ,West,Office Supplies,Binders,623.7,18,0.0,310.55,34.65,33.0811,-111.921,2020,11,4,Nov,0.4979
ORD-12014,2021-10-13,2021-10-19,CUST-96805,Home Office,Minneapolis,MN,Central,Technology,Smartwatches,9612.9,11,0.1,1122.16,971.0,44.9482,-92.4767,2021,10,4,Oct,0.1167
ORD-12016,2021-11-03,2021-11-04,CUST-64154,Home Office,Houston,TX,Central,Technology,Headphones,4936.7,5,0.0,715.09,987.34,29.8361,-95.2297,2021,11,4,Nov,0.1449
ORD-12019,2023-08-26,2023-08-27,CUST-59332,Home Office,Austin,TX,South,Office Supplies,Notebooks,996.66,18,0.0,452.77,55.37,30.2994,-97.6476,2023,8,3,Aug,0.4543
ORD-12022,2022-08-05,2022-08-08,CUST-35101,Consumer,Minneapolis,MN,Central,Technology,Laptops,4376.23,7,0.1,526.97,694.64,45.0607,-93.373,2022,8,3,Aug,0.1204
ORD-12024,2021-03-28,2021-03-30,CUST-10935,Home Office,Charlotte,NC,East,Office Supplies,Binders,335.68,16,0.5,10.43,41.96,35.1191,-80.7269,2021,3,1,Mar,0.0311
ORD-12029,2023-03-11,2023-03-16,CUST-33006,Corporate,Las Vegas,NV,West,Furniture,Desks,1433.6,16,0.5,-145.46,179.2,36.5078,-115.1554,2023,3,1,Mar,-0.1015
ORD-12034,2021-06-15,2021-06-20,CUST-90538,Consumer,Charlotte,NC,East,Technology,Smartphones,10619.6,8,0.0,1394.87,1327.45,35.6086,-81.1117,2021,6,2,Jun,0.1313
ORD-12037,2022-05-24,2022-05-30,CUST-25953,Consumer,St. Louis,MO,Central,Office Supplies,Tape,109.33,2,0.2,22.67,68.33,38.4513,-89.7877,2022,5,2,May,0.2074
ORD-12039,2021-04-04,2021-04-05,CUST-53870,Consumer,Austin,TX,South,Furniture,Rugs,3167.71,9,0.2,105.22,439.96,31.2113,-97.4232,2021,4,2,Apr,0.0332
ORD-12040,2022-05-17,2022-05-18,CUST-72910,Home Office,Charlotte,NC,East,Technology,Monitors,2683.76,8,0.0,620.38,335.47,35.2135,-80.7543,2022,5,2,May,0.2312
ORD-12045,2021-05-21,2021-05-22,CUST-41030,Corporate,Atlanta,GA,South,Office Supplies,Sticky Notes,123.49,16,0.15,37.79,9.08,33.9436,-84.2233,2021,5,2,May,0.306
ORD-12048,2023-07-04,2023-07-08,CUST-18523,Consumer,Charlotte,NC,East,Office Supplies,Tape,1121.0,19,0.2,274.06,73.75,35.1708,-80.8854,2023,7,3,Jul,0.2445
ORD-12052,2023-06-04,2023-06-10,CUST-62649,Corporate,Los Angeles,CA,West,Furniture,Office Chairs,6951.67,14,0.1,1461.62,551.72,34.3901,-118.0619,2023,6,2,Jun,0.2103
ORD-12057,2023-09-13,2023-09-18,CUST-23274,Home Office,Charlotte,NC,East,Furniture,Filing Cabinets,193.72,1,0.5,-47.85,387.44,35.4268,-80.7816,2023,9,3,Sep,-0.247
ORD-12062,2022-11-25,2022-11-28,CUST-35377,Corporate,St. Louis,MO,Central,Office Supplies,Pens,943.16,19,0.0,376.38,49.64,38.5134,-89.8628,2022,11,4,Nov,0.3991
ORD-12064,2022-05-12,2022-05-16,CUST-50850,Corporate,Las Vegas,NV,West,Office Supplies,Binders,1295.6,20,0.0,579.62,64.78,35.9381,-115.0179,2022,5,2,May,0.4474
ORD-12065,2023-04-10,2023-04-15,CUST-77853,Corporate,New Orleans,LA,South,Office Supplies,Sticky Notes,130.56,5,0.15,30.21,30.72,29.5361,-90.258,2023,4,2,Apr,0.2314
ORD-12068,2020-04-21,2020-04-25,CUST-34819,Home Office,Los Angeles,CA,West,Technology,Cameras,4000.08,12,0.0,1052.5,333.34,34.3359,-118.0861,2020,4,2,Apr,0.2631
ORD-12070,2023-11-19,2023-11-22,CUST-23742,Home Office,Memphis,TN,South,Office Supplies,Tape,443.64,19,0.15,140.3,27.47,35.3049,-90.2424,2023,11,4,Nov,0.3162
ORD-12074,2023-08-01,2023-08-03,CUST-36911,Consumer,Atlanta,GA,South,Furniture,Filing Cabinets,1320.02,8,0.15,266.11,194.12,33.9901,-84.1637,2023,8,3,Aug,0.2016
ORD-12077,2020-05-31,2020-06-03,CUST-15754,Consumer,Miami,FL,South,Technology,Keyboards,427.15,1,0.5,-51.49,854.3,25.9825,-80.0846,2020,5,2,May,-0.1205
ORD-12079,2021-03-24,2021-03-27,CUST-44313,Consumer,Philadelphia,PA,East,Technology,Printers,3256.44,6,0.0,890.66,542.74,39.942,-75.4246,2021,3,1,Mar,0.2735
ORD-12082,2023-09-03,2023-09-10,CUST-96626,Corporate,New York,NY,East,Office Supplies,Staplers,133.35,4,0.15,36.25,39.22,40.4865,-74.2126,2023,9,3,Sep,0.2718
ORD-12086,2020-05-13,2020-05-14,CUST-59054,Home Office,Phoenix,AZ,West,Office Supplies,Scissors,57.66,5,0.4,4.2,19.22,33.2123,-112.1624,2020,5,2,May,0.0728
ORD-12087,2023-06-15,2023-06-20,CUST-92504,Consumer,Kansas City,MO,Central,Furniture,Filing Cabinets,1705.86,7,0.05,282.01,256.52,39.164,-94.5796,2023,6,2,Jun,0.1653
ORD-12092,2021-03-04,2021-03-10,CUST-60871,Corporate,Dallas,TX,Central,Office Supplies,Envelopes,153.36,3,0.0,55.08,51.12,32.9778,-96.5187,2021,3,1,Mar,0.3592
ORD-12095,2021-10-21,2021-10-27,CUST-86177,Consumer,Minneapolis,MN,Central,Office Supplies,Tape,644.11,12,0.3,51.29,76.68,44.7512,-93.5007,2021,10,4,Oct,0.0796
ORD-12100,2021-03-25,2021-03-27,CUST-30605,Consumer,Memphis,TN,South,Office Supplies,Pens,335.4,15,0.2,64.73,27.95,35.3988,-90.1081,2021,3,1,Mar,0.193
ORD-12105,2020-06-21,2020-06-24,CUST-54089,Consumer,Houston,TX,Central,Office Supplies,Notebooks,72.81,15,0.4,4.86,8.09,29.1588,-95.1794,2020,6,2,Jun,0.0667
ORD-12108,2022-01-22,2022-01-29,CUST-94587,Corporate,Austin,TX,South,Furniture,Standing Desks,4931.34,16,0.05,976.59,324.43,30.288,-97.6568,2022,1,1,Jan,0.198
ORD-12111,2022-11-16,2022-11-21,CUST-15017,Home Office,Boston,MA,East,Technology,Printers,3568.56,3,0.0,1027.86,1189.52,41.9674,-71.9659,2022,11,4,Nov,0.288
ORD-12114,2021-09-11,2021-09-17,CUST-11118,Corporate,Seattle,WA,West,Technology,Keyboards,1762.72,9,0.4,-160.07,326.43,48.1502,-121.9583,2021,9,3,Sep,-0.0908
ORD-12118,2023-04-02,2023-04-09,CUST-39829,Corporate,Houston,TX,Central,Furniture,Standing Desks,424.74,1,0.0,131.87,424.74,29.6125,-95.1279,2023,4,2,Apr,0.3105
ORD-12121,2021-04-23,2021-04-28,CUST-21255,Corporate,Las Vegas,NV,West,Office Supplies,Paper Reams,787.23,19,0.3,87.64,59.19,36.3129,-114.9884,2021,4,2,Apr,0.1113
ORD-12122,2022-06-17,2022-06-21,CUST-75509,Consumer,Dallas,TX,Central,Furniture,Standing Desks,2219.24,18,0.1,605.88,136.99,33.6079,-96.6823,2022,6,2,Jun,0.273
ORD-12123,2023-11-05,2023-11-12,CUST-84393,Corporate,Houston,TX,Central,Technology,Mice,7514.78,13,0.5,-1543.9,1156.12,29.7523,-95.9007,2023,11,4,Nov,-0.2054
ORD-12125,2023-07-13,2023-07-20,CUST-61201,Home Office,Philadelphia,PA,East,Technology,Keyboards,21999.04,20,0.2,555.79,1374.94,39.8272,-75.3172,2023,7,3,Jul,0.0253
ORD-12126,2020-08-10,2020-08-13,CUST-98458,Corporate,Charlotte,NC,East,Furniture,Filing Cabinets,9918.57,19,0.0,3051.13,522.03,34.9833,-80.5037,2020,8,3,Aug,0.3076
ORD-12129,2020-02-24,2020-02-26,CUST-96451,Corporate,Los Angeles,CA,West,Office Supplies,Envelopes,174.83,7,0.05,62.94,26.29,34.0472,-118.3384,2020,2,1,Feb,0.36
ORD-12131,2020-01-23,2020-01-25,CUST-80313,Home Office,Baltimore,MD,East,Technology,Keyboards,14262.38,11,0.0,3248.39,1296.58,39.5375,-76.8701,2020,1,1,Jan,0.2278
ORD-12136,2021-02-26,2021-02-28,CUST-85378,Corporate,Austin,TX,South,Office Supplies,Notebooks,384.02,7,0.0,140.97,54.86,30.1789,-98.1438,2021,2,1,Feb,0.3671
ORD-12141,2023-11-03,2023-11-07,CUST-42353,Home Office,Kansas City,MO,Central,Technology,Cameras,2465.78,9,0.2,46.94,342.47,38.9571,-94.3177,2023,11,4,Nov,0.019
ORD-12145,2023-03-25,2023-03-26,CUST-90350,Corporate,Kansas City,MO,Central,Furniture,Lamps,1912.6,3,0.1,445.88,708.37,39.1581,-94.3247,2023,3,1,Mar,0.2331
ORD-12146,2022-06-03,2022-06-07,CUST-41417,Home Office,Denver,CO,West,Technology,Tablets,14255.38,13,0.2,757.41,1370.71,39.8571,-105.011,2022,6,2,Jun,0.0531
ORD-12149,2023-09-27,2023-09-28,CUST-20031,Corporate,Seattle,WA,West,Office Supplies,Folders,434.98,7,0.0,179.76,62.14,47.4352,-123.0616,2023,9,3,Sep,0.4133
ORD-12153,2020-12-03,2020-12-06,CUST-55043,Corporate,Charlotte,NC,East,Furniture,Standing Desks,1890.76,7,0.3,100.75,385.87,35.6568,-80.5621,2020,12,4,Dec,0.0533
ORD-12154,2021-05-28,2021-05-29,CUST-81883,Consumer,Miami,FL,South,Furniture,Office Chairs,3032.4,5,0.0,1056.09,606.48,26.1408,-80.1634,2021,5,2,May,0.3483
ORD-12155,2021-07-25,2021-08-01,CUST-80078,Corporate,Las Vegas,NV,West,Furniture,Bookshelves,237.11,6,0.1,54.5,43.91,35.9847,-115.2348,2021,7,3,Jul,0.2299
ORD-12157,2021-07-13,2021-07-15,CUST-67941,Home Office,Miami,FL,South,Technology,Laptops,5123.07,15,0.4,-354.58,569.23,26.1312,-80.2318,2021,7,3,Jul,-0.0692
ORD-12159,2023-11-14,2023-11-17,CUST-59105,Corporate,Jacksonville,FL,East,Office Supplies,Notebooks,896.75,15,0.05,302.64,62.93,30.3302,-81.4696,2023,11,4,Nov,0.3375
ORD-12161,2020-02-27,2020-02-28,CUST-31895,Corporate,San Francisco,CA,West,Technology,Laptops,13637.36,11,0.0,2015.7,1239.76,37.0811,-122.5852,2020,2,1,Feb,0.1478
ORD-12162,2021-10-22,2021-10-27,CUST-40462,Corporate,Baltimore,MD,East,Office Supplies,Notebooks,193.93,7,0.2,34.71,34.63,39.1376,-76.6543,2021,10,4,Oct,0.179
ORD-12167,2020-01-31,2020-02-04,CUST-58362,Consumer,Los Angeles,CA,West,Furniture,Conference Tables,1918.92,11,0.1,378.68,193.83,34.4857,-118.142,2020,1,1,Jan,0.1973
ORD-12169,2023-05-11,2023-05-15,CUST-43022,Corporate,New York,NY,East,Technology,Mice,2166.34,4,0.5,-357.39,1083.17,40.8967,-74.3516,2023,5,2,May,-0.165
ORD-12170,2023-11-21,2023-11-23,CUST-53922,Home Office,Charlotte,NC,East,Furniture,Standing Desks,4747.2,11,0.3,531.48,616.52,35.2073,-80.6389,2023,11,4,Nov,0.112
ORD-12175,2022-11-12,2022-11-18,CUST-26260,Corporate,Charlotte,NC,East,Office Supplies,Tape,48.0,8,0.0,16.63,6.0,34.7639,-80.5946,2022,11,4,Nov,0.3465
ORD-12177,2023-06-23,2023-06-24,CUST-94153,Consumer,Dallas,TX,Central,Office Supplies,Scissors,32.24,2,0.2,8.34,20.15,32.5094,-97.0609,2023,6,2,Jun,0.2587
ORD-12180,2021-11-04,2021-11-06,CUST-13105,Corporate,Philadelphia,PA,East,Office Supplies,Envelopes,57.38,9,0.2,17.0,7.97,39.5932,-74.6672,2021,11,4,Nov,0.2963
ORD-12185,2021-02-25,2021-03-02,CUST-60002,Consumer,Las Vegas,NV,West,Furniture,Conference Tables,1029.89,2,0.05,221.39,542.05,36.3615,-115.2386,2021,2,1,Feb,0.215
ORD-12186,2022-10-03,2022-10-04,CUST-32764,Consumer,Dallas,TX,Central,Furniture,Office Chairs,5556.95,7,0.0,1834.68,793.85,32.6168,-96.8488,2022,10,4,Oct,0.3302
ORD-12189,2022-08-14,2022-08-17,CUST-47401,Corporate,San Francisco,CA,West,Office Supplies,Notebooks,103.91,6,0.05,37.62,18.23,37.4693,-122.1978,2022,8,3,Aug,0.362
ORD-12193,2020-06-12,2020-06-15,CUST-30431,Corporate,Memphis,TN,South,Technology,Printers,3884.99,13,0.5,-798.99,597.69,35.0814,-90.3483,2020,6,2,Jun,-0.2057
ORD-12196,2021-09-06,2021-09-11,CUST-69454,Consumer,Atlanta,GA,South,Furniture,Standing Desks,7427.95,18,0.3,-505.97,589.52,33.6927,-83.6662,2021,9,3,Sep,-0.0681
ORD-12197,2020-05-27,2020-05-30,CUST-75627,Corporate,Minneapolis,MN,Central,Office Supplies,Envelopes,368.55,5,0.0,161.88,73.71,44.9742,-93.3489,2020,5,2,May,0.4392
ORD-12198,2022-02-03,2022-02-07,CUST-60439,Corporate,Minneapolis,MN,Central,Furniture,Standing Desks,12646.24,16,0.0,3808.08,790.39,45.1441,-93.6242,2022,2,1,Feb,0.3011
ORD-12202,2021-12-14,2021-12-19,CUST-42347,Home Office,San Francisco,CA,West,Furniture,Sofas,4012.8,16,0.2,785.37,313.5,37.9846,-122.2045,2021,12,4,Dec,0.1957
ORD-12204,2023-12-18,2023-12-24,CUST-43330,Home Office,Denver,CO,West,Technology,Keyboards,742.93,1,0.3,1.43,1061.33,39.7459,-104.7781,2023,12,4,Dec,0.0019
ORD-12205,2020-08-27,2020-09-03,CUST-77965,Consumer,Phoenix,AZ,West,Office Supplies,Staplers,52.24,3,0.5,1.55,34.83,33.3438,-112.2421,2020,8,3,Aug,0.0297
ORD-12209,2023-11-17,2023-11-20,CUST-21648,Corporate,Denver,CO,West,Technology,Mice,22233.04,17,0.1,3225.85,1453.14,40.2047,-105.3517,2023,11,4,Nov,0.1451
ORD-12213,2021-07-04,2021-07-10,CUST-10206,Consumer,Jacksonville,FL,East,Office Supplies,Sticky Notes,196.77,7,0.0,64.27,28.11,30.3794,-81.6347,2021,7,3,Jul,0.3266
ORD-12215,2022-05-03,2022-05-09,CUST-73762,Home Office,New York,NY,East,Office Supplies,Scissors,331.0,10,0.0,135.27,33.1,40.7832,-74.077,2022,5,2,May,0.4087
ORD-12219,2021-03-11,2021-03-13,CUST-67767,Home Office,Phoenix,AZ,West,Technology,Headphones,853.78,7,0.1,183.13,135.52,32.9697,-112.3185,2021,3,1,Mar,0.2145
ORD-12223,2020-06-24,2020-06-28,CUST-98185,Corporate,Jacksonville,FL,East,Technology,Smartphones,1263.67,4,0.3,-31.8,451.31,29.837,-81.7028,2020,6,2,Jun,-0.0252
ORD-12228,2023-09-24,2023-09-29,CUST-44843,Consumer,New York,NY,East,Technology,Printers,190.42,2,0.5,-18.46,190.42,40.7163,-73.9408,2023,9,3,Sep,-0.0969
ORD-12232,2021-11-20,2021-11-23,CUST-90059,Corporate,Austin,TX,South,Furniture,Wardrobes,5798.94,11,0.2,446.47,658.97,30.0851,-97.8526,2021,11,4,Nov,0.077
ORD-12233,2022-07-24,2022-07-31,CUST-79550,Consumer,Boston,MA,East,Furniture,Desks,4639.31,13,0.5,-537.63,713.74,42.7445,-70.8927,2022,7,3,Jul,-0.1159
ORD-12234,2023-06-20,2023-06-26,CUST-93070,Corporate,St. Louis,MO,Central,Technology,Keyboards,10834.17,16,0.15,481.33,796.63,38.704,-90.0505,2023,6,2,Jun,0.0444
ORD-12238,2022-06-28,2022-06-30,CUST-72406,Home Office,Chicago,IL,Central,Office Supplies,Sticky Notes,1097.35,20,0.15,369.82,64.55,42.3242,-87.9545,2022,6,2,Jun,0.337
ORD-12239,2021-02-03,2021-02-09,CUST-26759,Home Office,Jacksonville,FL,East,Furniture,Sofas,2114.1,5,0.4,-127.99,704.7,29.9527,-81.7202,2021,2,1,Feb,-0.0605
ORD-12240,2020-12-10,2020-12-14,CUST-23824,Corporate,Atlanta,GA,South,Furniture,Rugs,1785.24,4,0.0,577.2,446.31,34.0462,-84.4128,2020,12,4,Dec,0.3233
ORD-12242,2022-02-24,2022-03-03,CUST-80063,Corporate,Memphis,TN,South,Technology,Tablets,3325.95,9,0.0,678.52,369.55,35.1955,-90.3005,2022,2,1,Feb,0.204
ORD-12247,2023-03-25,2023-04-01,CUST-67273,Consumer,Atlanta,GA,South,Office Supplies,Sticky Notes,1172.16,20,0.2,403.78,73.26,33.2677,-84.3346,2023,3,1,Mar,0.3445
ORD-12252,2020-06-28,2020-06-29,CUST-58200,Corporate,San Francisco,CA,West,Furniture,Desks,1457.97,3,0.0,584.91,485.99,37.772,-122.477,2020,6,2,Jun,0.4012
ORD-12255,2020-01-04,2020-01-07,CUST-57844,Home Office,Seattle,WA,West,Furniture,Wardrobes,281.9,2,0.2,34.43,176.19,47.5559,-121.9181,2020,1,1,Jan,0.1221
ORD-12257,2021-03-30,2021-03-31,CUST-75514,Home Office,Phoenix,AZ,West,Office Supplies,Envelopes,335.67,13,0.1,70.29,28.69,33.91,-112.4972,2021,3,1,Mar,0.2094
ORD-12260,2023-09-24,2023-10-01,CUST-85231,Consumer,Miami,FL,South,Office Supplies,Binders,158.56,2,0.0,61.31,79.28,25.6412,-80.0134,2023,9,3,Sep,0.3867
ORD-12262,2023-12-13,2023-12-17,CUST-16889,Corporate,Memphis,TN,South,Technology,Headphones,2798.05,2,0.05,280.07,1472.66,35.2887,-89.4427,2023,12,4,Dec,0.1001
ORD-12265,2023-09-12,2023-09-19,CUST-61296,Corporate,Denver,CO,West,Office Supplies,Scissors,127.3,6,0.3,11.69,30.31,39.7969,-105.1786,2023,9,3,Sep,0.0918
ORD-12266,2023-11-27,2023-11-29,CUST-49855,Corporate,Atlanta,GA,South,Office Supplies,Binders,552.78,18,0.5,11.77,61.42,33.7557,-84.5824,2023,11,4,Nov,0.0213
ORD-12267,2022-06-23,2022-06-29,CUST-57477,Consumer,Memphis,TN,South,Technology,Smartwatches,7175.46,16,0.05,1466.62,472.07,35.6913,-90.1073,2022,6,2,Jun,0.2044
ORD-12268,2023-10-23,2023-10-30,CUST-25380,Corporate,Jacksonville,FL,East,Technology,Mice,8356.08,6,0.0,2139.06,1392.68,29.942,-81.9369,2023,10,4,Oct,0.256
ORD-12270,2022-04-07,2022-04-09,CUST-95563,Home Office,Kansas City,MO,Central,Furniture,Bookshelves,335.42,2,0.5,-25.62,335.42,39.5452,-94.4733,2022,4,2,Apr,-0.0764
ORD-12271,2023-08-24,2023-08-28,CUST-25997,Corporate,Memphis,TN,South,Office Supplies,Notebooks,52.83,9,0.0,20.31,5.87,35.1498,-90.4251,2023,8,3,Aug,0.3844
ORD-12276,2020-02-17,2020-02-22,CUST-33736,Consumer,Memphis,TN,South,Office Supplies,Folders,1083.57,19,0.0,466.18,57.03,35.4147,-90.1856,2020,2,1,Feb,0.4302
ORD-12278,2023-03-16,2023-03-18,CUST-63127,Corporate,Austin,TX,South,Office Supplies,Scissors,167.21,4,0.4,9.45,69.67,30.3498,-97.871,2023,3,1,Mar,0.0565
ORD-12280,2022-09-27,2022-09-28,CUST-96321,Home Office,Baltimore,MD,East,Office Supplies,Folders,1128.97,17,0.0,447.85,66.41,39.9199,-76.6841,2022,9,3,Sep,0.3967
ORD-12281,2023-02-10,2023-02-14,CUST-83727,Consumer,Philadelphia,PA,East,Office Supplies,Staplers,225.17,11,0.0,86.03,20.47,39.7557,-74.9367,2023,2,1,Feb,0.3821
ORD-12284,2021-09-03,2021-09-06,CUST-16051,Home Office,Chicago,IL,Central,Technology,Smartphones,5109.82,18,0.05,873.47,298.82,41.6552,-87.2536,2021,9,3,Sep,0.1709
ORD-12289,2023-03-27,2023-03-31,CUST-37504,Consumer,St. Louis,MO,Central,Office Supplies,Tape,207.31,11,0.4,31.3,31.41,38.4499,-90.76,2023,3,1,Mar,0.151
ORD-12291,2021-01-20,2021-01-22,CUST-87566,Consumer,Jacksonville,FL,East,Technology,Monitors,7747.92,10,0.4,-384.49,1291.32,30.1246,-81.4128,2021,1,1,Jan,-0.0496
ORD-12292,2020-06-01,2020-06-06,CUST-43315,Corporate,Houston,TX,Central,Technology,Smartwatches,2696.27,9,0.3,-319.52,427.98,30.0278,-95.7334,2020,6,2,Jun,-0.1185
ORD-12297,2020-05-24,2020-05-30,CUST-96155,Consumer,Memphis,TN,South,Technology,Cameras,11423.52,9,0.15,1559.75,1493.27,35.1543,-90.3362,2020,5,2,May,0.1365
ORD-12301,2022-02-15,2022-02-16,CUST-18645,Corporate,Denver,CO,West,Technology,Keyboards,4906.44,20,0.4,-590.5,408.87,39.9459,-104.9482,2022,2,1,Feb,-0.1204
ORD-12305,2021-07-13,2021-07-15,CUST-23762,Corporate,St. Louis,MO,Central,Technology,Keyboards,3395.6,8,0.05,710.43,446.79,39.2229,-90.6693,2021,7,3,Jul,0.2092
ORD-12310,2022-09-29,2022-09-30,CUST-22984,Home Office,Philadelphia,PA,East,Office Supplies,Binders,400.09,17,0.1,160.38,26.15,39.9813,-75.4296,2022,9,3,Sep,0.4009
ORD-12312,2021-12-07,2021-12-14,CUST-43955,Consumer,Philadelphia,PA,East,Furniture,Standing Desks,6382.44,18,0.5,-1062.78,709.16,39.8933,-74.8835,2021,12,4,Dec,-0.1665
ORD-12314,2020-09-15,2020-09-17,CUST-98895,Home Office,Jacksonville,FL,East,Office Supplies,Staplers,816.37,13,0.15,223.38,73.88,30.7833,-82.0854,2020,9,3,Sep,0.2736
ORD-12317,2021-12-25,2022-01-01,CUST-93313,Corporate,Memphis,TN,South,Furniture,Bookshelves,3453.91,15,0.05,895.93,242.38,34.7743,-89.9409,2021,12,4,Dec,0.2594
ORD-12318,2023-07-23,2023-07-24,CUST-47467,Consumer,Boston,MA,East,Furniture,Conference Tables,2272.65,3,0.0,782.57,757.55,42.2338,-71.8413,2023,7,3,Jul,0.3443
ORD-12322,2020-10-06,2020-10-10,CUST-11821,Home Office,Atlanta,GA,South,Furniture,Rugs,12774.72,16,0.0,3959.49,798.42,33.881,-84.2687,2020,10,4,Oct,0.3099
ORD-12327,2022-12-30,2023-01-05,CUST-15551,Home Office,Las Vegas,NV,West,Technology,Mice,2909.74,12,0.4,-111.18,404.13,35.8487,-114.9359,2022,12,4,Dec,-0.0382
ORD-12331,2020-12-24,2020-12-25,CUST-59688,Consumer,Miami,FL,South,Office Supplies,Folders,733.82,12,0.2,219.87,76.44,25.2364,-80.0941,2020,12,4,Dec,0.2996
ORD-12334,2021-05-26,2021-06-02,CUST-44701,Home Office,Seattle,WA,West,Technology,Keyboards,16173.74,18,0.3,-731.2,1283.63,47.5855,-122.2257,2021,5,2,May,-0.0452
ORD-12338,2021-03-21,2021-03-24,CUST-17536,Corporate,Los Angeles,CA,West,Office Supplies,Envelopes,337.7,17,0.5,-8.23,39.73,33.8473,-118.2298,2021,3,1,Mar,-0.0244
ORD-12339,2021-09-03,2021-09-06,CUST-23282,Corporate,Chicago,IL,Central,Office Supplies,Tape,64.46,4,0.15,14.54,18.96,41.5243,-87.4462,2021,9,3,Sep,0.2256
ORD-12341,2022-11-19,2022-11-21,CUST-71695,Home Office,Austin,TX,South,Technology,Smartphones,2892.58,14,0.1,238.81,229.57,30.4699,-97.6012,2022,11,4,Nov,0.0826
ORD-12343,2021-01-08,2021-01-13,CUST-56365,Corporate,Nashville,TN,South,Furniture,Conference Tables,3309.3,9,0.0,707.23,367.7,35.9667,-86.4218,2021,1,1,Jan,0.2137
ORD-12345,2021-01-23,2021-01-26,CUST-97320,Consumer,Atlanta,GA,South,Furniture,Filing Cabinets,708.42,2,0.0,177.77,354.21,33.6107,-84.2514,2021,1,1,Jan,0.2509
ORD-12350,2022-05-12,2022-05-16,CUST-60967,Consumer,Denver,CO,West,Office Supplies,Binders,209.66,18,0.2,58.53,14.56,39.6645,-105.1593,2022,5,2,May,0.2792
ORD-12354,2020-11-14,2020-11-17,CUST-88261,Consumer,Los Angeles,CA,West,Technology,Laptops,1008.47,17,0.15,172.57,69.79,34.5717,-117.9463,2020,11,4,Nov,0.1711
ORD-12357,2022-09-22,2022-09-23,CUST-25075,Corporate,Baltimore,MD,East,Furniture,Sofas,1960.69,14,0.05,518.14,147.42,39.0475,-76.8591,2022,9,3,Sep,0.2643
ORD-12359,2022-08-28,2022-09-03,CUST-40065,Consumer,St. Louis,MO,Central,Technology,Mice,2133.32,4,0.5,-328.26,1066.66,38.7555,-89.7795,2022,8,3,Aug,-0.1539
ORD-12363,2021-01-28,2021-01-30,CUST-78809,Corporate,Philadelphia,PA,East,Furniture,Office Chairs,2057.78,14,0.2,355.01,183.73,39.4991,-74.8444,2021,1,1,Jan,0.1725
ORD-12366,2021-11-19,2021-11-23,CUST-57654,Consumer,St. Louis,MO,Central,Office Supplies,Paper Reams,141.92,16,0.0,49.69,8.87,38.5148,-90.1249,2021,11,4,Nov,0.3501
ORD-12369,2021-10-17,2021-10-18,CUST-71873,Consumer,Houston,TX,Central,Office Supplies,Scissors,346.9,6,0.05,159.5,60.86,30.693,-95.188,2021,10,4,Oct,0.4598
ORD-12371,2021-05-31,2021-06-04,CUST-53412,Consumer,Kansas City,MO,Central,Technology,Mice,3849.91,12,0.4,-420.26,534.71,39.2604,-94.3137,2021,5,2,May,-0.1092
ORD-12373,2023-05-23,2023-05-26,CUST-92517,Home Office,St. Louis,MO,Central,Furniture,Wardrobes,1533.84,8,0.0,435.56,191.73,39.1686,-90.131,2023,5,2,May,0.284
ORD-12375,2023-12-14,2023-12-18,CUST-79934,Consumer,New York,NY,East,Office Supplies,Paper Reams,86.02,4,0.3,15.9,30.72,40.9098,-73.8835,2023,12,4,Dec,0.1848
ORD-12378,2023-02-01,2023-02-07,CUST-57973,Corporate,Los Angeles,CA,West,Technology,Monitors,7251.12,9,0.4,-420.95,1342.8,33.8648,-118.4075,2023,2,1,Feb,-0.0581
ORD-12383,2020-05-18,2020-05-22,CUST-45933,Corporate,Memphis,TN,South,Office Supplies,Notebooks,900.48,14,0.0,310.66,64.32,35.2819,-89.8163,2020,5,2,May,0.345
ORD-12385,2023-11-21,2023-11-23,CUST-67376,Consumer,Seattle,WA,West,Technology,Smartwatches,9981.27,13,0.0,2424.34,767.79,48.1123,-122.3317,2023,11,4,Nov,0.2429
ORD-12390,2021-07-10,2021-07-12,CUST-69695,Home Office,New Orleans,LA,South,Furniture,Standing Desks,2822.16,6,0.0,941.01,470.36,29.6225,-90.1861,2021,7,3,Jul,0.3334
ORD-12392,2021-07-03,2021-07-08,CUST-46406,Home Office,Houston,TX,Central,Technology,Printers,1192.44,4,0.0,303.81,298.11,30.0147,-95.4582,2021,7,3,Jul,0.2548
ORD-12393,2022-12-30,2022-12-31,CUST-81994,Consumer,Seattle,WA,West,Technology,Monitors,841.96,1,0.15,81.18,990.54,47.1546,-122.4371,2022,12,4,Dec,0.0964
ORD-12395,2021-08-26,2021-08-29,CUST-43552,Home Office,St. Louis,MO,Central,Technology,Mice,1723.75,2,0.1,318.06,957.64,38.8026,-90.0498,2021,8,3,Aug,0.1845
ORD-12397,2023-11-10,2023-11-14,CUST-52501,Consumer,Charlotte,NC,East,Office Supplies,Envelopes,291.82,9,0.3,47.42,46.32,35.2321,-81.0381,2023,11,4,Nov,0.1625
ORD-12401,2022-07-02,2022-07-04,CUST-34251,Consumer,Dallas,TX,Central,Office Supplies,Scissors,168.42,14,0.0,73.25,12.03,32.9063,-96.6524,2022,7,3,Jul,0.4349
ORD-12406,2021-01-04,2021-01-10,CUST-34621,Home Office,San Francisco,CA,West,Office Supplies,Tape,146.64,10,0.2,31.34,18.33,37.124,-122.0909,2021,1,1,Jan,0.2137
ORD-12411,2022-07-20,2022-07-26,CUST-23071,Consumer,Philadelphia,PA,East,Technology,Mice,2539.42,13,0.0,497.87,195.34,39.6912,-74.952,2022,7,3,Jul,0.1961
ORD-12412,2023-08-12,2023-08-13,CUST-11231,Consumer,Austin,TX,South,Technology,Smartphones,1025.25,5,0.5,-204.64,410.1,30.588,-97.5549,2023,8,3,Aug,-0.1996
ORD-12415,2020-06-23,2020-06-25,CUST-53483,Home Office,Charlotte,NC,East,Office Supplies,Sticky Notes,191.6,5,0.0,83.19,38.32,34.8202,-80.4764,2020,6,2,Jun,0.4342
ORD-12416,2023-11-18,2023-11-21,CUST-77048,Home Office,Miami,FL,South,Technology,Laptops,3701.05,18,0.1,566.49,228.46,25.6592,-80.147,2023,11,4,Nov,0.1531
ORD-12417,2021-04-09,2021-04-13,CUST-74463,Consumer,Miami,FL,South,Technology,Monitors,2742.48,13,0.2,-79.02,263.7,25.8926,-80.4988,2021,4,2,Apr,-0.0288
ORD-12418,2022-01-01,2022-01-02,CUST-89233,Corporate,Los Angeles,CA,West,Technology,Smartphones,10678.0,20,0.0,1626.97,533.9,33.5933,-117.9062,2022,1,1,Jan,0.1524
ORD-12421,2023-05-13,2023-05-15,CUST-23621,Corporate,San Francisco,CA,West,Furniture,Rugs,6851.88,14,0.1,1291.83,543.8,38.2301,-122.5807,2023,5,2,May,0.1885
ORD-12424,2023-12-27,2024-01-03,CUST-29369,Corporate,Minneapolis,MN,Central,Office Supplies,Sticky Notes,235.05,3,0.0,73.95,78.35,44.645,-92.8993,2023,12,4,Dec,0.3146
ORD-12426,2020-08-19,2020-08-24,CUST-60465,Consumer,Austin,TX,South,Office Supplies,Tape,164.92,14,0.0,64.68,11.78,30.1055,-97.692,2020,8,3,Aug,0.3922
ORD-12430,2023-11-21,2023-11-25,CUST-64874,Corporate,Houston,TX,Central,Furniture,Standing Desks,5448.63,20,0.05,1553.35,286.77,30.0952,-94.9355,2023,11,4,Nov,0.2851
ORD-12432,2023-01-03,2023-01-10,CUST-21436,Home Office,New Orleans,LA,South,Office Supplies,Tape,146.56,8,0.5,-2.64,36.64,29.5522,-90.194,2023,1,1,Jan,-0.018
ORD-12435,2022-01-12,2022-01-17,CUST-28264,Consumer,Seattle,WA,West,Technology,Monitors,19564.14,16,0.15,2211.02,1438.54,47.3209,-122.6171,2022,1,1,Jan,0.113
ORD-12439,2021-05-11,2021-05-13,CUST-13453,Corporate,Minneapolis,MN,Central,Technology,Cameras,1048.08,8,0.0,248.59,131.01,44.9654,-93.2602,2021,5,2,May,0.2372
ORD-12441,2023-04-06,2023-04-07,CUST-20353,Home Office,Nashville,TN,South,Technology,Smartphones,17194.21,16,0.15,1067.33,1264.28,36.1009,-87.0573,2023,4,2,Apr,0.0621
ORD-12445,2020-11-02,2020-11-09,CUST-63939,Corporate,Los Angeles,CA,West,Technology,Smartwatches,3948.26,6,0.1,728.49,731.16,34.3606,-118.7939,2020,11,4,Nov,0.1845
ORD-12447,2020-08-15,2020-08-17,CUST-11424,Corporate,Minneapolis,MN,Central,Office Supplies,Pens,73.6,2,0.4,2.47,61.33,44.531,-93.465,2020,8,3,Aug,0.0336
ORD-12449,2023-12-27,2024-01-03,CUST-45628,Home Office,Austin,TX,South,Office Supplies,Tape,419.04,9,0.2,98.82,58.2,29.8351,-98.0166,2023,12,4,Dec,0.2358
ORD-12454,2021-03-09,2021-03-13,CUST-20119,Home Office,Charlotte,NC,East,Furniture,Bookshelves,3984.72,20,0.4,-279.72,332.06,35.2922,-80.8192,2021,3,1,Mar,-0.0702
ORD-12457,2020-12-03,2020-12-04,CUST-89061,Corporate,Austin,TX,South,Furniture,Standing Desks,2159.28,12,0.0,569.86,179.94,30.323,-97.904,2020,12,4,Dec,0.2639
ORD-12462,2023-01-14,2023-01-15,CUST-36440,Consumer,Chicago,IL,Central,Technology,Printers,1018.22,3,0.05,169.45,357.27,42.352,-87.2479,2023,1,1,Jan,0.1664
ORD-12465,2023-03-02,2023-03-03,CUST-11111,Home Office,Philadelphia,PA,East,Furniture,Desks,7648.07,19,0.0,1797.46,402.53,40.1989,-74.9166,2023,3,1,Mar,0.235
ORD-12468,2021-10-06,2021-10-13,CUST-63383,Consumer,Houston,TX,Central,Furniture,Rugs,10138.31,13,0.0,2459.42,779.87,30.0056,-94.9086,2021,10,4,Oct,0.2426
ORD-12469,2022-02-21,2022-02-25,CUST-92044,Home Office,Charlotte,NC,East,Technology,Laptops,17420.07,19,0.3,-1326.14,1309.78,34.9547,-80.5347,2022,2,1,Feb,-0.0761
ORD-12474,2023-09-01,2023-09-03,CUST-54749,Home Office,Jacksonville,FL,East,Technology,Monitors,4471.35,6,0.5,-744.15,1490.45,30.4954,-81.5478,2023,9,3,Sep,-0.1664
ORD-12476,2023-06-30,2023-07-07,CUST-90004,Corporate,Miami,FL,South,Furniture,Sofas,7698.44,14,0.05,2151.98,578.83,25.3721,-79.8758,2023,6,2,Jun,0.2795
ORD-12480,2020-01-31,2020-02-02,CUST-22335,Consumer,Philadelphia,PA,East,Office Supplies,Tape,636.1,10,0.0,291.64,63.61,39.8812,-75.173,2020,1,1,Jan,0.4585
ORD-12483,2020-05-19,2020-05-22,CUST-72031,Consumer,Nashville,TN,South,Technology,Printers,7671.84,19,0.3,-740.76,576.83,36.3243,-86.6084,2020,5,2,May,-0.0966
ORD-12485,2023-03-10,2023-03-14,CUST-67780,Consumer,Minneapolis,MN,Central,Office Supplies,Staplers,35.68,2,0.5,-0.11,35.68,45.3173,-93.3702,2023,3,1,Mar,-0.0031
ORD-12490,2020-06-19,2020-06-25,CUST-94392,Corporate,Kansas City,MO,Central,Office Supplies,Sticky Notes,989.38,14,0.0,423.68,70.67,38.7941,-94.5871,2020,6,2,Jun,0.4282
ORD-12492,2020-11-12,2020-11-19,CUST-60885,Consumer,Jacksonville,FL,East,Technology,Cameras,1885.84,4,0.0,398.44,471.46,30.3976,-81.7609,2020,11,4,Nov,0.2113
ORD-12496,2022-08-17,2022-08-23,CUST-66769,Corporate,Memphis,TN,South,Technology,Keyboards,24393.24,18,0.0,5206.16,1355.18,35.3978,-90.181,2022,8,3,Aug,0.2134
ORD-12497,2021-12-02,2021-12-07,CUST-81444,Corporate,Denver,CO,West,Furniture,Desks,6728.85,16,0.3,-136.79,600.79,40.2649,-104.5656,2021,12,4,Dec,-0.0203
ORD-12501,2023-03-09,2023-03-10,CUST-37973,Corporate,Denver,CO,West,Technology,Monitors,18761.6,20,0.2,-86.55,1172.6,39.9469,-105.1309,2023,3,1,Mar,-0.0046
ORD-12505,2021-05-31,2021-06-06,CUST-65013,Corporate,Philadelphia,PA,East,Technology,Mice,924.53,6,0.1,141.61,171.21,40.0383,-75.2303,2021,5,2,May,0.1532
ORD-12509,2020-07-08,2020-07-12,CUST-72324,Consumer,Las Vegas,NV,West,Furniture,Bookshelves,2275.86,11,0.2,229.43,258.62,35.9628,-115.4149,2020,7,3,Jul,0.1008
ORD-12514,2023-03-14,2023-03-18,CUST-28955,Home Office,Las Vegas,NV,West,Furniture,Conference Tables,359.11,1,0.5,-50.85,718.21,36.1498,-115.3547,2023,3,1,Mar,-0.1416
ORD-12517,2020-11-04,2020-11-08,CUST-78248,Consumer,St. Louis,MO,Central,Office Supplies,Sticky Notes,257.6,5,0.2,70.61,64.4,39.0762,-90.374,2020,11,4,Nov,0.2741
ORD-12519,2023-03-30,2023-03-31,CUST-88766,Home Office,Baltimore,MD,East,Technology,Headphones,440.4,2,0.4,-38.77,367.0,39.4399,-76.4684,2023,3,1,Mar,-0.088
ORD-12524,2023-10-23,2023-10-28,CUST-26350,Consumer,Miami,FL,South,Furniture,Filing Cabinets,279.11,1,0.1,62.46,310.12,25.9928,-80.0453,2023,10,4,Oct,0.2238
ORD-12528,2021-12-21,2021-12-24,CUST-66149,Corporate,Memphis,TN,South,Furniture,Standing Desks,14040.54,18,0.0,3343.29,780.03,35.4107,-89.7838,2021,12,4,Dec,0.2381
ORD-12533,2023-01-16,2023-01-20,CUST-23005,Consumer,Dallas,TX,Central,Office Supplies,Envelopes,655.43,13,0.1,184.72,56.02,32.7914,-96.595,2023,1,1,Jan,0.2818
ORD-12538,2022-04-22,2022-04-23,CUST-86183,Home Office,New York,NY,East,Technology,Laptops,12739.1,16,0.3,-388.11,1137.42,41.0319,-73.3008,2022,4,2,Apr,-0.0305
ORD-12541,2021-04-01,2021-04-08,CUST-70810,Consumer,Jacksonville,FL,East,Furniture,Standing Desks,1772.55,15,0.0,462.11,118.17,29.9157,-81.5589,2021,4,2,Apr,0.2607
ORD-12545,2022-02-06,2022-02-13,CUST-98250,Consumer,Memphis,TN,South,Office Supplies,Scissors,391.68,8,0.1,139.47,54.4,35.0807,-89.614,2022,2,1,Feb,0.3561
ORD-12548,2020-02-23,2020-02-25,CUST-32336,Consumer,Los Angeles,CA,West,Furniture,Office Chairs,4381.92,12,0.15,495.46,429.6,34.2579,-118.4218,2020,2,1,Feb,0.1131
ORD-12552,2023-06-16,2023-06-22,CUST-32769,Consumer,Miami,FL,South,Office Supplies,Scissors,628.42,13,0.0,305.39,48.34,26.3678,-80.42,2023,6,2,Jun,0.486
ORD-12557,2021-04-18,2021-04-19,CUST-30847,Corporate,Nashville,TN,South,Office Supplies,Staplers,287.19,5,0.1,84.01,63.82,36.4279,-86.8961,2021,4,2,Apr,0.2925
ORD-12562,2022-06-14,2022-06-15,CUST-60122,Consumer,Dallas,TX,Central,Technology,Smartphones,5166.48,19,0.0,1124.89,271.92,32.7876,-97.3759,2022,6,2,Jun,0.2177
ORD-12567,2023-07-23,2023-07-29,CUST-42145,Corporate,Jacksonville,FL,East,Office Supplies,Staplers,246.58,12,0.05,88.6,21.63,30.1231,-81.7979,2023,7,3,Jul,0.3593
ORD-12572,2020-06-18,2020-06-20,CUST-26080,Corporate,Nashville,TN,South,Office Supplies,Pens,8.93,1,0.3,2.07,12.76,35.793,-86.536,2020,6,2,Jun,0.2318
ORD-12576,2020-07-09,2020-07-10,CUST-12877,Consumer,Philadelphia,PA,East,Furniture,Sofas,11724.64,16,0.0,3353.86,732.79,39.8661,-74.9229,2020,7,3,Jul,0.2861
ORD-12578,2023-11-08,2023-11-12,CUST-49158,Consumer,Atlanta,GA,South,Furniture,Desks,6731.79,13,0.0,2133.99,517.83,33.9212,-84.0995,2023,11,4,Nov,0.317
ORD-12583,2023-05-27,2023-06-03,CUST-81628,Home Office,Philadelphia,PA,East,Office Supplies,Envelopes,31.01,2,0.5,-0.51,31.01,39.7663,-75.4855,2023,5,2,May,-0.0164
ORD-12586,2021-01-29,2021-02-03,CUST-25045,Consumer,Philadelphia,PA,East,Office Supplies,Binders,58.97,1,0.05,18.8,62.07,40.8347,-74.7866,2021,1,1,Jan,0.3188
ORD-12591,2020-06-19,2020-06-25,CUST-95449,Consumer,Los Angeles,CA,West,Furniture,Bookshelves,1703.44,5,0.15,191.55,400.81,33.6533,-118.0954,2020,6,2,Jun,0.1124
ORD-12595,2022-11-15,2022-11-19,CUST-23486,Corporate,Minneapolis,MN,Central,Office Supplies,Tape,431.24,7,0.1,149.8,68.45,45.1447,-93.3465,2022,11,4,Nov,0.3474
ORD-12599,2022-07-02,2022-07-06,CUST-66270,Corporate,Dallas,TX,Central,Technology,Headphones,11332.6,20,0.5,-2110.95,1133.26,32.8784,-96.7742,2022,7,3,Jul,-0.1863
ORD-12602,2020-05-11,2020-05-15,CUST-89152,Home Office,Phoenix,AZ,West,Furniture,Conference Tables,3685.15,6,0.2,107.0,767.74,33.3811,-112.3254,2020,5,2,May,0.029
ORD-12604,2021-10-22,2021-10-26,CUST-51215,Consumer,Minneapolis,MN,Central,Technology,Smartphones,2900.52,6,0.15,315.46,568.73,45.8756,-93.1598,2021,10,4,Oct,0.1088
ORD-12608,2021-11-04,2021-11-06,CUST-47173,Home Office,New York,NY,East,Furniture,Office Chairs,4164.0,15,0.0,1183.92,277.6,40.9865,-73.8652,2021,11,4,Nov,0.2843
ORD-12612,2021-07-23,2021-07-29,CUST-99408,Home Office,Phoenix,AZ,West,Technology,Smartphones,14220.9,20,0.5,-2261.06,1422.09,33.6321,-111.453,2021,7,3,Jul,-0.159
ORD-12616,2020-04-11,2020-04-18,CUST-32431,Consumer,Nashville,TN,South,Furniture,Filing Cabinets,12680.0,16,0.0,3087.02,792.5,36.3121,-87.0579,2020,4,2,Apr,0.2435
ORD-12619,2020-02-13,2020-02-16,CUST-27178,Home Office,Kansas City,MO,Central,Furniture,Filing Cabinets,482.44,1,0.3,42.35,689.2,38.8244,-94.7052,2020,2,1,Feb,0.0878
ORD-12622,2021-11-21,2021-11-27,CUST-51574,Consumer,Atlanta,GA,South,Office Supplies,Folders,58.67,1,0.1,17.91,65.19,34.0427,-84.1145,2021,11,4,Nov,0.3053
ORD-12625,2022-10-08,2022-10-13,CUST-90999,Corporate,Minneapolis,MN,Central,Technology,Cameras,1240.64,2,0.0,195.67,620.32,44.9965,-93.4829,2022,10,4,Oct,0.1577
ORD-12627,2020-10-11,2020-10-12,CUST-58349,Consumer,New York,NY,East,Technology,Laptops,14289.11,11,0.0,2244.46,1299.01,40.6449,-74.1025,2020,10,4,Oct,0.1571
ORD-12630,2020-08-14,2020-08-15,CUST-32326,Consumer,Jacksonville,FL,East,Technology,Printers,1270.48,10,0.2,230.38,158.81,30.4599,-82.0633,2020,8,3,Aug,0.1813
ORD-12634,2021-10-15,2021-10-22,CUST-97586,Consumer,Phoenix,AZ,West,Furniture,Desks,2854.4,5,0.2,319.01,713.6,33.7564,-111.4435,2021,10,4,Oct,0.1118
ORD-12635,2022-09-05,2022-09-11,CUST-44578,Home Office,Charlotte,NC,East,Office Supplies,Paper Reams,909.11,16,0.05,255.19,59.81,34.666,-80.2787,2022,9,3,Sep,0.2807
ORD-12636,2021-05-11,2021-05-17,CUST-97883,Home Office,St. Louis,MO,Central,Technology,Keyboards,7033.7,7,0.05,1403.09,1057.7,38.3695,-90.0396,2021,5,2,May,0.1995
ORD-12639,2020-08-02,2020-08-05,CUST-69509,Corporate,Denver,CO,West,Furniture,Filing Cabinets,3667.76,7,0.15,176.83,616.43,39.741,-104.8817,2020,8,3,Aug,0.0482
ORD-12640,2022-01-14,2022-01-18,CUST-46416,Consumer,Phoenix,AZ,West,Technology,Tablets,18644.7,15,0.05,4217.68,1308.4,33.1458,-112.0443,2022,1,1,Jan,0.2262
ORD-12644,2023-08-20,2023-08-21,CUST-34514,Home Office,Miami,FL,South,Office Supplies,Binders,66.3,5,0.0,23.45,13.26,25.8466,-80.4586,2023,8,3,Aug,0.3537
ORD-12648,2021-12-21,2021-12-24,CUST-75823,Corporate,Chicago,IL,Central,Furniture,Rugs,378.92,4,0.0,105.94,94.73,41.5513,-87.4547,2021,12,4,Dec,0.2796
ORD-12651,2021-07-12,2021-07-15,CUST-34831,Corporate,New Orleans,LA,South,Furniture,Office Chairs,1233.25,4,0.05,373.58,324.54,29.8796,-90.0585,2021,7,3,Jul,0.3029
ORD-12653,2023-05-29,2023-06-02,CUST-25097,Home Office,Miami,FL,South,Office Supplies,Binders,909.16,17,0.0,297.81,53.48,25.6801,-80.2051,2023,5,2,May,0.3276
ORD-12657,2020-05-14,2020-05-19,CUST-61496,Consumer,New York,NY,East,Office Supplies,Binders,183.87,4,0.2,68.22,57.46,40.3764,-73.5707,2020,5,2,May,0.371
ORD-12658,2021-02-25,2021-02-27,CUST-34258,Corporate,Philadelphia,PA,East,Office Supplies,Binders,348.04,7,0.0,156.56,49.72,40.0342,-74.6324,2021,2,1,Feb,0.4498
ORD-12662,2021-10-07,2021-10-13,CUST-66088,Consumer,Memphis,TN,South,Furniture,Filing Cabinets,857.28,3,0.0,273.13,285.76,35.2667,-90.0659,2021,10,4,Oct,0.3186
ORD-12664,2020-12-15,2020-12-21,CUST-71940,Consumer,Chicago,IL,Central,Technology,Printers,637.92,1,0.3,26.27,911.31,42.1789,-87.8377,2020,12,4,Dec,0.0412
ORD-12665,2021-08-18,2021-08-25,CUST-49924,Home Office,New York,NY,East,Technology,Smartwatches,6493.12,8,0.0,1000.18,811.64,40.6491,-74.25,2021,8,3,Aug,0.154
ORD-12668,2021-06-11,2021-06-17,CUST-77873,Home Office,Minneapolis,MN,Central,Furniture,Conference Tables,5518.66,16,0.1,1196.58,383.24,45.3512,-93.4072,2021,6,2,Jun,0.2168
ORD-12671,2023-08-03,2023-08-04,CUST-75251,Home Office,Atlanta,GA,South,Furniture,Rugs,3446.6,5,0.0,1026.6,689.32,33.7674,-84.1355,2023,8,3,Aug,0.2979
ORD-12676,2021-02-26,2021-03-04,CUST-68886,Corporate,Philadelphia,PA,East,Office Supplies,Scissors,142.86,3,0.1,29.67,52.91,39.768,-75.0966,2021,2,1,Feb,0.2077
ORD-12681,2022-03-11,2022-03-16,CUST-54993,Corporate,Seattle,WA,West,Office Supplies,Sticky Notes,135.03,14,0.5,8.1,19.29,47.4624,-122.893,2022,3,1,Mar,0.06
ORD-12686,2021-08-13,2021-08-14,CUST-47982,Corporate,Baltimore,MD,East,Furniture,Wardrobes,557.86,1,0.0,184.64,557.86,39.0994,-76.9669,2021,8,3,Aug,0.331
ORD-12690,2021-08-26,2021-08-27,CUST-50084,Consumer,Seattle,WA,West,Furniture,Sofas,3718.8,15,0.0,999.55,247.92,47.5546,-122.5114,2021,8,3,Aug,0.2688
ORD-12692,2021-05-29,2021-05-31,CUST-21272,Consumer,Baltimore,MD,East,Furniture,Office Chairs,4569.48,12,0.4,-595.3,634.65,39.5591,-76.2275,2021,5,2,May,-0.1303
ORD-12696,2023-04-13,2023-04-14,CUST-62312,Corporate,Dallas,TX,Central,Office Supplies,Paper Reams,252.8,10,0.2,68.91,31.6,32.4387,-96.8604,2023,4,2,Apr,0.2726
ORD-12699,2020-12-20,2020-12-25,CUST-27785,Corporate,Boston,MA,East,Furniture,Wardrobes,3701.52,14,0.05,961.19,278.31,42.5396,-70.8595,2020,12,4,Dec,0.2597
ORD-12700,2020-06-24,2020-06-27,CUST-28167,Corporate,New Orleans,LA,South,Technology,Printers,21193.66,19,0.2,493.63,1394.32,29.9746,-89.9328,2020,6,2,Jun,0.0233
ORD-12701,2023-12-30,2024-01-02,CUST-83257,Home Office,Memphis,TN,South,Furniture,Rugs,4087.12,15,0.3,542.73,389.25,35.3614,-89.8133,2023,12,4,Dec,0.1328
ORD-12704,2021-09-11,2021-09-18,CUST-17017,Home Office,Baltimore,MD,East,Technology,Tablets,3565.88,8,0.5,-626.91,891.47,39.7131,-76.4871,2021,9,3,Sep,-0.1758
ORD-12707,2022-11-26,2022-11-30,CUST-87901,Corporate,Miami,FL,South,Furniture,Office Chairs,476.06,2,0.0,122.32,238.03,26.191,-79.9806,2022,11,4,Nov,0.2569
ORD-12709,2021-11-09,2021-11-16,CUST-77667,Home Office,Boston,MA,East,Office Supplies,Tape,86.62,2,0.0,32.73,43.31,42.2162,-70.971,2021,11,4,Nov,0.3779
ORD-12713,2021-04-02,2021-04-08,CUST-91744,Consumer,Phoenix,AZ,West,Office Supplies,Tape,395.95,5,0.0,167.55,79.19,33.5092,-111.9766,2021,4,2,Apr,0.4232
ORD-12717,2023-05-21,2023-05-22,CUST-61211,Consumer,Los Angeles,CA,West,Technology,Laptops,1942.59,17,0.4,-29.14,190.45,34.3715,-118.1828,2023,5,2,May,-0.015
ORD-12722,2021-01-11,2021-01-18,CUST-26147,Corporate,New York,NY,East,Furniture,Standing Desks,2525.43,8,0.3,270.39,450.97,40.4002,-73.8906,2021,1,1,Jan,0.1071
ORD-12726,2020-10-17,2020-10-24,CUST-48015,Consumer,Miami,FL,South,Office Supplies,Pens,257.6,8,0.3,64.52,46.0,25.7046,-80.4443,2020,10,4,Oct,0.2505
ORD-12730,2022-01-22,2022-01-28,CUST-29420,Corporate,St. Louis,MO,Central,Technology,Smartwatches,4443.98,9,0.2,121.75,617.22,38.3031,-90.4354,2022,1,1,Jan,0.0274
ORD-12734,2022-03-08,2022-03-09,CUST-15587,Home Office,Boston,MA,East,Furniture,Desks,5003.94,19,0.5,-593.09,526.73,41.9383,-71.0553,2022,3,1,Mar,-0.1185
ORD-12738,2020-01-19,2020-01-21,CUST-77245,Corporate,Dallas,TX,Central,Furniture,Lamps,4989.53,12,0.4,125.31,692.99,32.5077,-96.3442,2020,1,1,Jan,0.0251
ORD-12741,2023-09-05,2023-09-11,CUST-61633,Corporate,Philadelphia,PA,East,Office Supplies,Staplers,1094.4,19,0.1,378.16,64.0,40.2592,-75.3574,2023,9,3,Sep,0.3455
ORD-12744,2023-05-25,2023-05-31,CUST-26963,Corporate,Jacksonville,FL,East,Furniture,Standing Desks,2678.8,6,0.4,60.88,744.11,30.0024,-81.3829,2023,5,2,May,0.0227
ORD-12745,2023-06-18,2023-06-25,CUST-97197,Home Office,Kansas City,MO,Central,Office Supplies,Sticky Notes,740.63,13,0.05,272.99,59.97,39.266,-94.9327,2023,6,2,Jun,0.3686
ORD-12749,2021-04-19,2021-04-26,CUST-18437,Corporate,Baltimore,MD,East,Office Supplies,Tape,381.5,8,0.2,74.49,59.61,39.4692,-76.8945,2021,4,2,Apr,0.1953
ORD-12750,2020-05-29,2020-06-02,CUST-68918,Consumer,Charlotte,NC,East,Furniture,Desks,6908.66,12,0.15,1403.57,677.32,34.8199,-80.5855,2020,5,2,May,0.2032
ORD-12754,2021-02-13,2021-02-15,CUST-79275,Home Office,Miami,FL,South,Office Supplies,Envelopes,197.19,9,0.0,66.72,21.91,25.9357,-80.0023,2021,2,1,Feb,0.3384
ORD-12759,2023-10-01,2023-10-02,CUST-81641,Home Office,Los Angeles,CA,West,Office Supplies,Pens,30.18,7,0.2,6.19,5.39,34.2246,-118.1619,2023,10,4,Oct,0.2051
ORD-12764,2021-01-24,2021-01-31,CUST-28071,Corporate,Boston,MA,East,Technology,Cameras,3069.64,7,0.5,-635.24,877.04,42.0574,-71.6488,2021,1,1,Jan,-0.2069
ORD-12765,2023-03-11,2023-03-12,CUST-88838,Consumer,Baltimore,MD,East,Furniture,Standing Desks,1233.24,5,0.05,342.2,259.63,38.8206,-76.5814,2023,3,1,Mar,0.2775
ORD-12770,2022-03-10,2022-03-16,CUST-85413,Corporate,Chicago,IL,Central,Technology,Printers,1782.36,12,0.0,368.64,148.53,42.0537,-87.7406,2022,3,1,Mar,0.2068
ORD-12771,2022-03-28,2022-04-02,CUST-14230,Corporate,Phoenix,AZ,West,Office Supplies,Folders,87.68,2,0.1,26.61,48.71,33.6696,-111.9695,2022,3,1,Mar,0.3035
ORD-12773,2020-05-01,2020-05-03,CUST-74691,Corporate,Minneapolis,MN,Central,Furniture,Filing Cabinets,4165.56,7,0.0,1315.52,595.08,45.1208,-93.7307,2020,5,2,May,0.3158
ORD-12775,2020-05-24,2020-05-28,CUST-45456,Corporate,Charlotte,NC,East,Office Supplies,Pens,1001.84,20,0.3,198.2,71.56,35.4137,-81.145,2020,5,2,May,0.1978
ORD-12776,2021-04-06,2021-04-12,CUST-17255,Home Office,New York,NY,East,Technology,Headphones,7702.98,12,0.05,1292.53,675.7,40.6982,-74.0503,2021,4,2,Apr,0.1678
ORD-12780,2023-10-28,2023-11-03,CUST-65945,Corporate,Philadelphia,PA,East,Office Supplies,Envelopes,62.43,1,0.0,26.01,62.43,40.3794,-74.8355,2023,10,4,Oct,0.4166
ORD-12785,2022-01-23,2022-01-26,CUST-11317,Home Office,Los Angeles,CA,West,Furniture,Desks,5158.37,7,0.0,1209.07,736.91,34.2366,-117.8413,2022,1,1,Jan,0.2344
ORD-12787,2020-04-03,2020-04-10,CUST-67482,Home Office,Denver,CO,West,Office Supplies,Folders,9.27,1,0.0,3.89,9.27,40.0673,-104.3763,2020,4,2,Apr,0.4196
ORD-12788,2023-05-18,2023-05-24,CUST-20011,Corporate,Seattle,WA,West,Technology,Keyboards,11977.84,8,0.0,3248.22,1497.23,47.6848,-122.0165,2023,5,2,May,0.2712
ORD-12791,2022-01-01,2022-01-08,CUST-95674,Home Office,Kansas City,MO,Central,Technology,Headphones,3327.07,8,0.4,-308.6,693.14,39.1072,-94.6854,2022,1,1,Jan,-0.0928
ORD-12795,2023-01-13,2023-01-18,CUST-46671,Home Office,Phoenix,AZ,West,Furniture,Conference Tables,1446.66,4,0.5,-31.58,723.33,33.2045,-111.6103,2023,1,1,Jan,-0.0218
ORD-12796,2021-09-16,2021-09-22,CUST-40815,Consumer,Philadelphia,PA,East,Technology,Cameras,6401.16,18,0.0,1568.24,355.62,39.5302,-75.0497,2021,9,3,Sep,0.245
ORD-12797,2022-10-18,2022-10-25,CUST-46581,Consumer,Memphis,TN,South,Furniture,Desks,965.88,2,0.0,188.35,482.94,35.3377,-89.7844,2022,10,4,Oct,0.195
ORD-12800,2022-06-28,2022-06-29,CUST-14103,Corporate,Austin,TX,South,Technology,Mice,2786.48,8,0.0,530.5,348.31,30.3071,-97.1538,2022,6,2,Jun,0.1904
ORD-12801,2023-04-25,2023-04-27,CUST-24314,Corporate,Chicago,IL,Central,Office Supplies,Sticky Notes,30.05,1,0.2,6.45,37.56,41.5323,-87.2055,2023,4,2,Apr,0.2146
ORD-12805,2022-08-07,2022-08-11,CUST-41224,Home Office,Memphis,TN,South,Office Supplies,Binders,372.55,19,0.2,125.97,24.51,35.1511,-89.7466,2022,8,3,Aug,0.3381
ORD-12808,2021-05-26,2021-06-02,CUST-45225,Consumer,Los Angeles,CA,West,Furniture,Sofas,7609.63,18,0.1,2184.53,469.73,33.8273,-118.3856,2021,5,2,May,0.2871
ORD-12812,2021-09-20,2021-09-25,CUST-11162,Consumer,St. Louis,MO,Central,Office Supplies,Pens,421.19,11,0.0,194.4,38.29,39.1355,-90.0311,2021,9,3,Sep,0.4615
ORD-12817,2023-02-13,2023-02-15,CUST-51160,Home Office,Atlanta,GA,South,Furniture,Lamps,5270.3,14,0.5,-758.87,752.9,34.3461,-84.5493,2023,2,1,Feb,-0.144
ORD-12818,2021-06-15,2021-06-22,CUST-40496,Corporate,Baltimore,MD,East,Technology,Printers,1875.76,16,0.5,-369.07,234.47,39.3927,-76.1438,2021,6,2,Jun,-0.1968
ORD-12821,2022-11-03,2022-11-10,CUST-43743,Home Office,Jacksonville,FL,East,Technology,Tablets,13362.6,15,0.0,3510.34,890.84,30.4545,-81.511,2022,11,4,Nov,0.2627
ORD-12822,2020-04-01,2020-04-06,CUST-41061,Home Office,Jacksonville,FL,East,Furniture,Rugs,430.37,8,0.4,-7.67,89.66,30.4974,-82.4089,2020,4,2,Apr,-0.0178
ORD-12825,2022-05-01,2022-05-02,CUST-63495,Home Office,Seattle,WA,West,Office Supplies,Sticky Notes,350.93,14,0.15,93.06,29.49,47.6824,-122.6753,2022,5,2,May,0.2652
ORD-12830,2020-11-24,2020-11-27,CUST-37719,Consumer,Minneapolis,MN,Central,Furniture,Wardrobes,291.1,2,0.0,92.95,145.55,44.9187,-92.7434,2020,11,4,Nov,0.3193
ORD-12834,2023-12-30,2024-01-02,CUST-95093,Home Office,Kansas City,MO,Central,Office Supplies,Folders,379.96,7,0.0,181.87,54.28,38.9603,-94.6253,2023,12,4,Dec,0.4787
ORD-12835,2023-03-22,2023-03-28,CUST-89574,Home Office,New York,NY,East,Technology,Smartwatches,12033.68,18,0.4,-1247.86,1114.23,40.5745,-73.9515,2023,3,1,Mar,-0.1037
ORD-12838,2021-10-11,2021-10-14,CUST-40263,Corporate,Memphis,TN,South,Office Supplies,Folders,154.94,7,0.05,49.9,23.3,34.8108,-89.8632,2021,10,4,Oct,0.3221
ORD-12842,2021-05-08,2021-05-12,CUST-89327,Home Office,Nashville,TN,South,Office Supplies,Notebooks,510.75,14,0.15,159.09,42.92,35.9287,-86.5114,2021,5,2,May,0.3115
ORD-12847,2020-09-13,2020-09-18,CUST-44115,Home Office,Denver,CO,West,Furniture,Filing Cabinets,2750.96,8,0.0,738.42,343.87,39.8159,-104.7339,2020,9,3,Sep,0.2684
ORD-12849,2022-04-16,2022-04-20,CUST-69515,Consumer,Houston,TX,Central,Furniture,Desks,7647.51,17,0.05,1975.5,473.53,29.8964,-95.5249,2022,4,2,Apr,0.2583
ORD-12850,2023-02-09,2023-02-15,CUST-31880,Corporate,Philadelphia,PA,East,Technology,Mice,14427.39,16,0.2,723.92,1127.14,39.8882,-75.384,2023,2,1,Feb,0.0502
ORD-12853,2022-05-14,2022-05-17,CUST-54124,Corporate,Philadelphia,PA,East,Office Supplies,Folders,292.0,5,0.0,114.22,58.4,39.4854,-75.3073,2022,5,2,May,0.3912
ORD-12855,2021-12-27,2021-12-31,CUST-34045,Home Office,Jacksonville,FL,East,Technology,Smartphones,9454.16,14,0.3,-323.75,964.71,30.2531,-81.7224,2021,12,4,Dec,-0.0342
ORD-12858,2022-01-27,2022-02-02,CUST-22700,Home Office,Philadelphia,PA,East,Technology,Smartwatches,4500.68,15,0.5,-824.02,600.09,40.0938,-74.8976,2022,1,1,Jan,-0.1831
ORD-12862,2023-03-01,2023-03-06,CUST-51756,Consumer,Seattle,WA,West,Furniture,Conference Tables,9824.99,17,0.15,1449.3,679.93,47.249,-122.6426,2023,3,1,Mar,0.1475
ORD-12863,2022-11-29,2022-12-02,CUST-47728,Corporate,San Francisco,CA,West,Technology,Monitors,25182.6,19,0.0,4926.72,1325.4,37.6644,-122.651,2022,11,4,Nov,0.1956
ORD-12864,2021-08-13,2021-08-16,CUST-37111,Consumer,Minneapolis,MN,Central,Furniture,Filing Cabinets,14837.6,20,0.0,3489.72,741.88,44.8432,-93.2156,2021,8,3,Aug,0.2352
ORD-12867,2023-01-06,2023-01-13,CUST-84863,Home Office,Los Angeles,CA,West,Office Supplies,Pens,46.08,7,0.05,17.96,6.93,33.8828,-118.3639,2023,1,1,Jan,0.3898
ORD-12871,2022-07-18,2022-07-21,CUST-44479,Consumer,Memphis,TN,South,Furniture,Rugs,2360.86,4,0.2,221.13,737.77,35.1406,-90.3045,2022,7,3,Jul,0.0937
ORD-12875,2020-06-10,2020-06-16,CUST-92657,Corporate,Philadelphia,PA,East,Furniture,Desks,2029.54,8,0.1,504.66,281.88,39.4142,-75.2679,2020,6,2,Jun,0.2487
ORD-12876,2022-06-06,2022-06-07,CUST-42232,Consumer,Jacksonville,FL,East,Office Supplies,Sticky Notes,927.86,17,0.0,385.11,54.58,30.3852,-80.8421,2022,6,2,Jun,0.4151
ORD-12878,2021-02-04,2021-02-07,CUST-36027,Home Office,Phoenix,AZ,West,Furniture,Filing Cabinets,9456.19,16,0.1,2245.75,656.68,33.1488,-112.0986,2021,2,1,Feb,0.2375
ORD-12881,2022-06-08,2022-06-09,CUST-90396,Consumer,Charlotte,NC,East,Office Supplies,Paper Reams,235.01,16,0.2,35.53,18.36,35.2058,-81.0899,2022,6,2,Jun,0.1512
ORD-12884,2021-12-15,2021-12-19,CUST-97552,Home Office,Memphis,TN,South,Office Supplies,Paper Reams,444.29,17,0.05,180.28,27.51,34.9851,-90.085,2021,12,4,Dec,0.4058
ORD-12888,2022-01-01,2022-01-06,CUST-68611,Home Office,Austin,TX,South,Office Supplies,Scissors,1111.97,16,0.1,320.49,77.22,30.7917,-97.8364,2022,1,1,Jan,0.2882
ORD-12892,2020-12-26,2020-12-30,CUST-74117,Consumer,Dallas,TX,Central,Office Supplies,Scissors,383.46,11,0.0,188.52,34.86,33.0242,-96.6554,2020,12,4,Dec,0.4916
ORD-12895,2021-07-02,2021-07-07,CUST-98472,Corporate,Memphis,TN,South,Technology,Laptops,7974.37,7,0.15,944.46,1340.23,35.2681,-90.6283,2021,7,3,Jul,0.1184
ORD-12898,2022-03-27,2022-03-30,CUST-68672,Corporate,Minneapolis,MN,Central,Furniture,Lamps,1181.4,2,0.0,337.95,590.7,45.2335,-93.2847,2022,3,1,Mar,0.2861
ORD-12903,2021-02-26,2021-03-05,CUST-12610,Home Office,Miami,FL,South,Office Supplies,Staplers,59.46,4,0.5,-4.18,29.73,25.7543,-79.6788,2021,2,1,Feb,-0.0703
ORD-12908,2023-02-06,2023-02-07,CUST-61842,Corporate,Baltimore,MD,East,Technology,Keyboards,1604.08,2,0.0,452.9,802.04,39.2714,-76.3246,2023,2,1,Feb,0.2823
ORD-12913,2022-04-26,2022-04-28,CUST-23437,Corporate,Seattle,WA,West,Technology,Keyboards,20039.94,18,0.0,4041.55,1113.33,47.0988,-122.6073,2022,4,2,Apr,0.2017
ORD-12917,2021-09-09,2021-09-10,CUST-95888,Corporate,Austin,TX,South,Technology,Tablets,7726.08,8,0.0,2303.49,965.76,30.1878,-97.813,2021,9,3,Sep,0.2981
ORD-12922,2020-06-05,2020-06-06,CUST-89281,Consumer,Miami,FL,South,Office Supplies,Binders,614.55,17,0.0,236.61,36.15,26.3412,-79.7022,2020,6,2,Jun,0.385
ORD-12925,2021-02-01,2021-02-08,CUST-45920,Corporate,Los Angeles,CA,West,Office Supplies,Envelopes,737.8,20,0.0,376.97,36.89,34.0023,-118.1513,2021,2,1,Feb,0.5109
ORD-12928,2023-03-26,2023-03-30,CUST-73353,Home Office,Miami,FL,South,Technology,Printers,3683.94,13,0.4,-647.76,472.3,26.2131,-80.5403,2023,3,1,Mar,-0.1758
ORD-12932,2022-02-22,2022-02-23,CUST-39368,Consumer,St. Louis,MO,Central,Office Supplies,Folders,995.2,16,0.0,408.87,62.2,38.3008,-90.3767,2022,2,1,Feb,0.4108
ORD-12933,2022-09-03,2022-09-08,CUST-83516,Corporate,Baltimore,MD,East,Technology,Headphones,3928.36,4,0.0,699.79,982.09,39.1076,-76.7717,2022,9,3,Sep,0.1781
ORD-12935,2020-06-20,2020-06-22,CUST-17724,Consumer,San Francisco,CA,West,Furniture,Wardrobes,2564.97,13,0.5,-326.81,394.61,38.02,-122.7515,2020,6,2,Jun,-0.1274
ORD-12938,2021-11-22,2021-11-29,CUST-37423,Home Office,Nashville,TN,South,Furniture,Sofas,2802.65,5,0.0,871.7,560.53,36.5354,-86.934,2021,11,4,Nov,0.311
ORD-12939,2021-04-27,2021-04-30,CUST-65797,Home Office,New Orleans,LA,South,Furniture,Conference Tables,6391.65,15,0.0,1688.06,426.11,29.8808,-89.7161,2021,4,2,Apr,0.2641
ORD-12943,2022-11-30,2022-12-06,CUST-74904,Consumer,Baltimore,MD,East,Technology,Laptops,1163.96,4,0.0,267.37,290.99,39.1306,-76.4648,2022,11,4,Nov,0.2297
ORD-12948,2023-01-25,2023-01-29,CUST-52255,Consumer,Las Vegas,NV,West,Office Supplies,Tape,932.26,13,0.1,246.94,79.68,36.3744,-115.0174,2023,1,1,Jan,0.2649
ORD-12951,2021-08-17,2021-08-22,CUST-71880,Consumer,Kansas City,MO,Central,Office Supplies,Staplers,114.94,7,0.5,-1.77,32.84,38.8484,-94.846,2021,8,3,Aug,-0.0154
ORD-12952,2022-12-09,2022-12-15,CUST-50873,Consumer,Miami,FL,South,Furniture,Bookshelves,5608.8,16,0.0,1832.62,350.55,26.1387,-80.3812,2022,12,4,Dec,0.3267
ORD-12957,2022-07-28,2022-07-31,CUST-39626,Home Office,San Francisco,CA,West,Office Supplies,Notebooks,56.88,4,0.15,17.23,16.73,37.1439,-122.5954,2022,7,3,Jul,0.3029
ORD-12960,2021-08-05,2021-08-12,CUST-83546,Corporate,St. Louis,MO,Central,Technology,Monitors,10051.78,14,0.2,587.5,897.48,38.3571,-90.481,2021,8,3,Aug,0.0584
ORD-12964,2021-03-19,2021-03-22,CUST-53274,Consumer,Los Angeles,CA,West,Office Supplies,Staplers,194.31,6,0.5,-6.49,64.77,34.1377,-118.2962,2021,3,1,Mar,-0.0334
ORD-12966,2020-12-10,2020-12-11,CUST-31603,Consumer,St. Louis,MO,Central,Office Supplies,Tape,522.0,8,0.0,150.38,65.25,37.9938,-90.3821,2020,12,4,Dec,0.2881
ORD-12968,2020-10-07,2020-10-12,CUST-83419,Consumer,Atlanta,GA,South,Furniture,Desks,5898.0,15,0.0,1904.37,393.2,32.9257,-84.5399,2020,10,4,Oct,0.3229
ORD-12970,2021-09-30,2021-10-07,CUST-93069,Corporate,Austin,TX,South,Furniture,Lamps,1456.89,17,0.05,340.46,90.21,30.6865,-97.8555,2021,9,3,Sep,0.2337
ORD-12972,2022-06-23,2022-06-27,CUST-13315,Home Office,St. Louis,MO,Central,Technology,Mice,7984.92,9,0.15,951.4,1043.78,38.6724,-90.8392,2022,6,2,Jun,0.1191
ORD-12975,2022-05-18,2022-05-20,CUST-33462,Home Office,Minneapolis,MN,Central,Office Supplies,Sticky Notes,1207.36,20,0.2,336.14,75.46,45.0446,-93.1175,2022,5,2,May,0.2784
ORD-12980,2021-02-03,2021-02-04,CUST-11703,Home Office,Philadelphia,PA,East,Furniture,Conference Tables,1752.07,19,0.1,729.41,102.46,39.3248,-74.6426,2021,2,1,Feb,0.4163
ORD-12985,2022-09-07,2022-09-11,CUST-13988,Home Office,Chicago,IL,Central,Office Supplies,Binders,51.12,2,0.0,19.71,25.56,41.9362,-87.6637,2022,9,3,Sep,0.3856
ORD-12987,2020-12-21,2020-12-25,CUST-27255,Corporate,New Orleans,LA,South,Office Supplies,Tape,128.88,18,0.0,48.82,7.16,29.7791,-89.9711,2020,12,4,Dec,0.3788
ORD-12992,2023-07-29,2023-08-04,CUST-12185,Corporate,Baltimore,MD,East,Technology,Laptops,960.72,2,0.05,100.05,505.64,39.5152,-76.7349,2023,7,3,Jul,0.1041
ORD-12993,2022-01-20,2022-01-25,CUST-35289,Home Office,St. Louis,MO,Central,Furniture,Bookshelves,340.44,1,0.0,82.9,340.44,38.495,-89.8229,2022,1,1,Jan,0.2435
ORD-12996,2022-06-27,2022-06-28,CUST-45882,Consumer,Las Vegas,NV,West,Furniture,Desks,5042.79,9,0.0,1377.86,560.31,36.2775,-115.3593,2022,6,2,Jun,0.2732
ORD-12997,2023-11-27,2023-11-28,CUST-34334,Home Office,Chicago,IL,Central,Furniture,Lamps,1859.72,19,0.0,628.39,97.88,42.0557,-87.0954,2023,11,4,Nov,0.3379
ORD-12999,2020-01-22,2020-01-24,CUST-27397,Consumer,Kansas City,MO,Central,Office Supplies,Pens,817.99,12,0.1,254.58,75.74,39.3006,-94.5506,2020,1,1,Jan,0.3112
ORD-13001,2021-07-25,2021-07-27,CUST-48657,Consumer,Chicago,IL,Central,Furniture,Sofas,3682.02,19,0.05,1195.9,203.99,41.6344,-87.4265,2021,7,3,Jul,0.3248
ORD-13002,2022-09-30,2022-10-03,CUST-86706,Consumer,St. Louis,MO,Central,Furniture,Sofas,11869.87,19,0.0,3445.41,624.73,38.6107,-90.1725,2022,9,3,Sep,0.2903
ORD-13007,2023-12-09,2023-12-13,CUST-82300,Consumer,Miami,FL,South,Office Supplies,Envelopes,271.83,12,0.15,79.54,26.65,25.7351,-80.1256,2023,12,4,Dec,0.2926
ORD-13011,2021-03-22,2021-03-26,CUST-28325,Corporate,Chicago,IL,Central,Office Supplies,Paper Reams,489.33,9,0.0,234.34,54.37,42.1456,-87.3893,2021,3,1,Mar,0.4789
ORD-13012,2022-02-12,2022-02-18,CUST-30807,Home Office,New Orleans,LA,South,Furniture,Conference Tables,4493.41,19,0.15,706.47,278.23,29.6832,-89.7834,2022,2,1,Feb,0.1572
ORD-13016,2020-07-24,2020-07-26,CUST-90820,Home Office,Austin,TX,South,Furniture,Conference Tables,4673.64,12,0.0,1606.81,389.47,30.7118,-97.9212,2020,7,3,Jul,0.3438
ORD-13019,2022-03-28,2022-04-01,CUST-15259,Home Office,New Orleans,LA,South,Office Supplies,Scissors,194.18,8,0.2,44.37,30.34,29.4582,-90.1877,2022,3,1,Mar,0.2285
ORD-13024,2021-07-05,2021-07-10,CUST-78692,Corporate,Phoenix,AZ,West,Technology,Mice,10646.53,13,0.1,2021.02,909.96,33.3101,-111.8779,2021,7,3,Jul,0.1898
ORD-13028,2021-11-13,2021-11-20,CUST-61903,Home Office,Phoenix,AZ,West,Technology,Tablets,2476.85,2,0.15,224.09,1456.97,33.5472,-112.4143,2021,11,4,Nov,0.0905
ORD-13030,2020-12-18,2020-12-21,CUST-30203,Consumer,Denver,CO,West,Technology,Tablets,1665.4,10,0.0,373.48,166.54,38.8427,-105.0361,2020,12,4,Dec,0.2243
ORD-13034,2020-07-23,2020-07-27,CUST-41816,Corporate,Chicago,IL,Central,Furniture,Bookshelves,8180.06,18,0.2,478.34,568.06,42.2118,-87.4168,2020,7,3,Jul,0.0585
ORD-13039,2022-03-29,2022-04-05,CUST-61622,Consumer,Baltimore,MD,East,Technology,Keyboards,11898.74,11,0.2,991.56,1352.13,39.7463,-76.8947,2022,3,1,Mar,0.0833
ORD-13044,2021-03-30,2021-04-04,CUST-88534,Consumer,Boston,MA,East,Furniture,Wardrobes,1885.38,6,0.0,730.34,314.23,42.6397,-71.131,2021,3,1,Mar,0.3874
ORD-13048,2022-10-20,2022-10-22,CUST-29758,Consumer,Atlanta,GA,South,Office Supplies,Paper Reams,60.94,2,0.0,27.84,30.47,33.4181,-84.6374,2022,10,4,Oct,0.4568
ORD-13049,2021-06-18,2021-06-22,CUST-55388,Consumer,Houston,TX,Central,Furniture,Lamps,2332.68,6,0.3,68.98,555.4,29.6013,-95.687,2021,6,2,Jun,0.0296
ORD-13053,2021-10-15,2021-10-17,CUST-17144,Consumer,Jacksonville,FL,East,Furniture,Office Chairs,8488.44,19,0.2,1707.48,558.45,30.2523,-81.5442,2021,10,4,Oct,0.2012
ORD-13054,2022-07-11,2022-07-16,CUST-33440,Home Office,Minneapolis,MN,Central,Furniture,Desks,5898.25,12,0.15,893.48,578.26,44.4338,-93.189,2022,7,3,Jul,0.1515
ORD-13058,2020-01-15,2020-01-18,CUST-16362,Consumer,New Orleans,LA,South,Furniture,Desks,5672.05,19,0.3,-202.0,426.47,29.9294,-90.4805,2020,1,1,Jan,-0.0356
ORD-13061,2022-07-31,2022-08-03,CUST-13084,Corporate,Nashville,TN,South,Technology,Smartphones,2276.79,2,0.15,453.91,1339.29,36.4434,-86.7483,2022,7,3,Jul,0.1994
ORD-13066,2020-02-05,2020-02-09,CUST-61932,Corporate,Dallas,TX,Central,Furniture,Conference Tables,631.62,11,0.0,229.4,57.42,32.5261,-96.637,2020,2,1,Feb,0.3632
ORD-13071,2020-09-15,2020-09-21,CUST-41994,Consumer,San Francisco,CA,West,Technology,Cameras,3387.05,5,0.3,-33.9,967.73,37.8492,-122.0383,2020,9,3,Sep,-0.01
ORD-13076,2020-03-19,2020-03-21,CUST-20323,Corporate,Atlanta,GA,South,Technology,Keyboards,23462.72,20,0.2,2267.08,1466.42,33.8366,-84.8865,2020,3,1,Mar,0.0966
ORD-13080,2022-03-31,2022-04-01,CUST-25260,Corporate,St. Louis,MO,Central,Office Supplies,Binders,323.82,6,0.0,113.98,53.97,38.5932,-90.172,2022,3,1,Mar,0.352
ORD-13084,2022-11-18,2022-11-23,CUST-46016,Home Office,Phoenix,AZ,West,Furniture,Sofas,513.76,8,0.05,104.54,67.6,34.1735,-111.6151,2022,11,4,Nov,0.2035
ORD-13086,2022-03-27,2022-03-29,CUST-46014,Home Office,Seattle,WA,West,Office Supplies,Pens,51.2,10,0.2,13.83,6.4,47.6316,-122.3937,2022,3,1,Mar,0.2701
ORD-13090,2021-03-29,2021-03-31,CUST-87059,Consumer,Minneapolis,MN,Central,Office Supplies,Sticky Notes,25.43,1,0.5,-1.21,50.85,45.0032,-93.1927,2021,3,1,Mar,-0.0476
ORD-13092,2022-03-07,2022-03-11,CUST-70548,Home Office,Memphis,TN,South,Office Supplies,Sticky Notes,390.35,18,0.3,38.22,30.98,35.2503,-90.0966,2022,3,1,Mar,0.0979
ORD-13097,2022-03-09,2022-03-12,CUST-55259,Home Office,Miami,FL,South,Office Supplies,Staplers,705.98,13,0.3,45.61,77.58,25.5119,-80.3141,2022,3,1,Mar,0.0646
ORD-13099,2021-09-14,2021-09-17,CUST-91823,Corporate,Philadelphia,PA,East,Office Supplies,Folders,91.8,11,0.5,8.66,16.69,40.117,-75.5606,2021,9,3,Sep,0.0943
ORD-13104,2021-08-04,2021-08-09,CUST-26186,Consumer,Kansas City,MO,Central,Furniture,Standing Desks,4082.82,16,0.2,670.81,318.97,38.6358,-94.2552,2021,8,3,Aug,0.1643
ORD-13109,2023-03-14,2023-03-17,CUST-63545,Consumer,Baltimore,MD,East,Technology,Monitors,6259.68,6,0.2,228.13,1304.1,39.2619,-76.2123,2023,3,1,Mar,0.0364
ORD-13114,2021-10-16,2021-10-23,CUST-80205,Corporate,Dallas,TX,Central,Furniture,Wardrobes,5522.89,12,0.15,638.68,541.46,32.3609,-96.9751,2021,10,4,Oct,0.1156
ORD-13119,2021-08-09,2021-08-16,CUST-53785,Corporate,Miami,FL,South,Furniture,Lamps,10537.05,15,0.0,3708.19,702.47,25.3142,-81.0396,2021,8,3,Aug,0.3519
ORD-13121,2023-04-03,2023-04-09,CUST-28162,Corporate,Memphis,TN,South,Technology,Smartphones,10238.62,14,0.5,-2073.91,1462.66,35.3155,-89.6899,2023,4,2,Apr,-0.2026
ORD-13122,2021-10-27,2021-11-01,CUST-88819,Consumer,Charlotte,NC,East,Office Supplies,Scissors,383.04,8,0.15,98.38,56.33,35.1066,-80.4938,2021,10,4,Oct,0.2568
ORD-13124,2022-07-26,2022-07-29,CUST-48401,Consumer,New Orleans,LA,South,Office Supplies,Paper Reams,503.88,8,0.15,93.98,74.1,29.8334,-90.0129,2022,7,3,Jul,0.1865
ORD-13129,2022-07-29,2022-07-31,CUST-94066,Corporate,New York,NY,East,Technology,Smartwatches,9706.2,20,0.3,23.89,693.3,40.5571,-73.9997,2022,7,3,Jul,0.0025
ORD-13133,2022-08-04,2022-08-10,CUST-60504,Consumer,Charlotte,NC,East,Furniture,Bookshelves,98.8,3,0.4,-14.27,54.89,35.0325,-80.7039,2022,8,3,Aug,-0.1444
ORD-13136,2023-05-28,2023-06-03,CUST-62218,Consumer,Baltimore,MD,East,Furniture,Rugs,6617.88,18,0.0,1660.33,367.66,39.3077,-76.4759,2023,5,2,May,0.2509
ORD-13137,2023-08-23,2023-08-27,CUST-32145,Home Office,Boston,MA,East,Furniture,Rugs,768.53,14,0.5,-90.02,109.79,42.4111,-71.3488,2023,8,3,Aug,-0.1171
ORD-13141,2021-05-12,2021-05-19,CUST-74431,Consumer,Minneapolis,MN,Central,Office Supplies,Sticky Notes,850.4,16,0.0,331.37,53.15,45.1631,-93.2229,2021,5,2,May,0.3897
ORD-13143,2022-06-29,2022-07-02,CUST-78390,Home Office,Seattle,WA,West,Furniture,Sofas,7013.1,15,0.0,1898.26,467.54,47.6773,-122.1156,2022,6,2,Jun,0.2707
ORD-13147,2022-01-12,2022-01-18,CUST-67653,Home Office,Chicago,IL,Central,Technology,Keyboards,4451.94,10,0.1,166.96,494.66,42.1977,-87.7509,2022,1,1,Jan,0.0375
ORD-13150,2023-05-29,2023-06-01,CUST-29446,Consumer,Dallas,TX,Central,Office Supplies,Staplers,447.33,13,0.5,9.52,68.82,33.1392,-97.2115,2023,5,2,May,0.0213
ORD-13155,2022-11-24,2022-11-28,CUST-75679,Home Office,Boston,MA,East,Furniture,Rugs,2579.52,16,0.0,682.36,161.22,42.2734,-71.2951,2022,11,4,Nov,0.2645
ORD-13158,2023-08-20,2023-08-22,CUST-39468,Corporate,Kansas City,MO,Central,Furniture,Standing Desks,6845.56,17,0.0,2647.5,402.68,38.843,-94.7467,2023,8,3,Aug,0.3867
ORD-13163,2023-05-31,2023-06-07,CUST-39933,Corporate,Dallas,TX,Central,Technology,Tablets,3970.0,4,0.0,913.97,992.5,32.4194,-96.9187,2023,5,2,May,0.2302
ORD-13164,2023-07-06,2023-07-07,CUST-17336,Corporate,Seattle,WA,West,Office Supplies,Pens,508.99,11,0.4,48.8,77.12,47.5101,-122.358,2023,7,3,Jul,0.0959
ORD-13166,2021-06-08,2021-06-15,CUST-15273,Consumer,New Orleans,LA,South,Office Supplies,Paper Reams,98.2,6,0.3,13.11,23.38,29.4957,-89.9735,2021,6,2,Jun,0.1335
ORD-13168,2021-01-24,2021-01-30,CUST-41973,Home Office,Kansas City,MO,Central,Furniture,Desks,376.37,3,0.05,130.88,132.06,39.1055,-94.5124,2021,1,1,Jan,0.3477
ORD-13169,2021-10-15,2021-10-22,CUST-81089,Consumer,Austin,TX,South,Technology,Cameras,954.24,3,0.05,204.81,334.82,29.8892,-97.2292,2021,10,4,Oct,0.2146
ORD-13174,2020-01-20,2020-01-25,CUST-93221,Home Office,Phoenix,AZ,West,Furniture,Sofas,1541.07,14,0.05,416.27,115.87,33.9396,-112.2899,2020,1,1,Jan,0.2701
ORD-13177,2021-07-08,2021-07-12,CUST-79755,Home Office,Atlanta,GA,South,Furniture,Standing Desks,2171.5,6,0.1,675.13,402.13,33.9825,-84.2241,2021,7,3,Jul,0.3109
ORD-13180,2021-09-24,2021-09-30,CUST-76787,Home Office,Seattle,WA,West,Furniture,Rugs,9188.85,15,0.0,2864.18,612.59,47.5354,-121.9698,2021,9,3,Sep,0.3117
ORD-13182,2022-06-03,2022-06-09,CUST-35374,Consumer,Austin,TX,South,Technology,Tablets,1122.72,10,0.4,-104.39,187.12,29.6799,-98.0752,2022,6,2,Jun,-0.093
ORD-13187,2021-09-17,2021-09-20,CUST-98065,Home Office,Philadelphia,PA,East,Technology,Printers,11857.65,17,0.05,2024.19,734.22,40.043,-75.177,2021,9,3,Sep,0.1707
ORD-13192,2020-12-17,2020-12-24,CUST-64645,Corporate,Seattle,WA,West,Technology,Monitors,3925.66,6,0.3,160.75,934.68,47.0247,-122.2869,2020,12,4,Dec,0.0409
ORD-13195,2022-01-29,2022-01-31,CUST-65744,Corporate,Dallas,TX,Central,Furniture,Lamps,2117.71,10,0.3,-65.44,302.53,33.0079,-96.8283,2022,1,1,Jan,-0.0309
ORD-13197,2022-04-17,2022-04-20,CUST-96776,Consumer,Austin,TX,South,Technology,Mice,6952.72,5,0.05,1397.36,1463.73,30.0108,-97.3562,2022,4,2,Apr,0.201
ORD-13202,2022-05-25,2022-06-01,CUST-75921,Corporate,Houston,TX,Central,Furniture,Office Chairs,5695.57,13,0.05,1777.51,461.18,29.9351,-95.4089,2022,5,2,May,0.3121
ORD-13206,2020-11-24,2020-11-27,CUST-73837,Consumer,Nashville,TN,South,Technology,Smartphones,22642.72,16,0.0,5637.88,1415.17,35.9579,-86.5233,2020,11,4,Nov,0.249
ORD-13207,2020-05-01,2020-05-02,CUST-71845,Corporate,Seattle,WA,West,Office Supplies,Envelopes,58.88,2,0.1,23.7,32.71,47.9312,-122.5489,2020,5,2,May,0.4025
ORD-13208,2022-04-27,2022-05-04,CUST-67443,Home Office,Las Vegas,NV,West,Technology,Keyboards,3951.69,5,0.4,-323.76,1317.23,35.7821,-114.9683,2022,4,2,Apr,-0.0819
ORD-13211,2021-06-17,2021-06-22,CUST-57347,Home Office,Seattle,WA,West,Office Supplies,Folders,264.18,17,0.0,111.62,15.54,47.0491,-122.6785,2021,6,2,Jun,0.4225
ORD-13214,2022-08-17,2022-08-19,CUST-89117,Corporate,Memphis,TN,South,Technology,Tablets,7765.2,15,0.1,977.2,575.2,35.0597,-90.4128,2022,8,3,Aug,0.1258
ORD-13217,2022-03-22,2022-03-29,CUST-12123,Corporate,Philadelphia,PA,East,Technology,Mice,11589.5,16,0.4,-933.55,1207.24,40.0254,-75.2183,2022,3,1,Mar,-0.0806
ORD-13222,2022-10-04,2022-10-07,CUST-24723,Home Office,Atlanta,GA,South,Office Supplies,Sticky Notes,202.73,19,0.0,73.43,10.67,34.0646,-83.8934,2022,10,4,Oct,0.3622
ORD-13226,2023-06-03,2023-06-09,CUST-69151,Corporate,Phoenix,AZ,West,Technology,Smartwatches,7183.7,7,0.1,832.03,1140.27,33.2663,-111.9226,2023,6,2,Jun,0.1158
ORD-13227,2023-08-19,2023-08-24,CUST-62620,Consumer,Las Vegas,NV,West,Furniture,Desks,5556.85,11,0.2,678.48,631.46,36.1282,-114.9181,2023,8,3,Aug,0.1221
ORD-13232,2020-01-18,2020-01-20,CUST-69998,Consumer,Chicago,IL,Central,Office Supplies,Scissors,203.08,11,0.15,37.47,21.72,42.2455,-87.6282,2020,1,1,Jan,0.1845
ORD-13233,2021-01-21,2021-01-28,CUST-26688,Consumer,Phoenix,AZ,West,Furniture,Wardrobes,424.55,5,0.5,-51.19,169.82,33.4232,-112.0813,2021,1,1,Jan,-0.1206
ORD-13236,2023-09-09,2023-09-11,CUST-13577,Consumer,Chicago,IL,Central,Furniture,Conference Tables,2372.05,7,0.05,411.41,356.7,42.2985,-87.6376,2023,9,3,Sep,0.1734
ORD-13240,2022-06-28,2022-07-05,CUST-87360,Consumer,Denver,CO,West,Technology,Mice,4000.64,7,0.05,808.73,601.6,40.0255,-105.2863,2022,6,2,Jun,0.2022
ORD-13243,2022-11-23,2022-11-24,CUST-51534,Home Office,New York,NY,East,Technology,Cameras,3441.24,6,0.5,-537.96,1147.08,40.6297,-73.756,2022,11,4,Nov,-0.1563
ORD-13247,2022-01-06,2022-01-10,CUST-62469,Home Office,Miami,FL,South,Technology,Smartphones,5671.22,9,0.2,-262.93,787.67,25.7403,-80.3708,2022,1,1,Jan,-0.0464
ORD-13251,2022-06-08,2022-06-15,CUST-12077,Consumer,Boston,MA,East,Furniture,Sofas,4559.44,10,0.2,736.87,569.93,42.501,-71.2723,2022,6,2,Jun,0.1616
ORD-13255,2020-10-15,2020-10-22,CUST-15110,Consumer,St. Louis,MO,Central,Office Supplies,Sticky Notes,351.2,8,0.0,127.97,43.9,38.5968,-90.469,2020,10,4,Oct,0.3644
ORD-13257,2023-06-18,2023-06-22,CUST-57850,Corporate,Charlotte,NC,East,Technology,Printers,3947.4,6,0.0,1034.61,657.9,35.1192,-81.7121,2023,6,2,Jun,0.2621
ORD-13260,2021-09-18,2021-09-22,CUST-13735,Consumer,Philadelphia,PA,East,Technology,Headphones,16416.24,12,0.0,3303.91,1368.02,39.6384,-75.6494,2021,9,3,Sep,0.2013
ORD-13261,2020-04-05,2020-04-10,CUST-55700,Corporate,Atlanta,GA,South,Office Supplies,Staplers,230.49,13,0.0,77.94,17.73,33.7828,-83.9914,2020,4,2,Apr,0.3381
ORD-13262,2022-09-01,2022-09-05,CUST-50819,Consumer,Los Angeles,CA,West,Furniture,Desks,3102.96,14,0.5,-261.71,443.28,33.868,-118.1032,2022,9,3,Sep,-0.0843
ORD-13267,2023-09-06,2023-09-11,CUST-35727,Corporate,Austin,TX,South,Furniture,Bookshelves,4575.4,12,0.3,169.5,544.69,30.0616,-98.0863,2023,9,3,Sep,0.037
ORD-13268,2021-04-06,2021-04-12,CUST-42739,Consumer,San Francisco,CA,West,Office Supplies,Staplers,39.26,3,0.5,-3.44,26.17,37.653,-122.3726,2021,4,2,Apr,-0.0876
ORD-13271,2023-12-26,2023-12-30,CUST-65315,Corporate,Seattle,WA,West,Technology,Printers,15273.72,19,0.0,3286.43,803.88,47.4852,-122.6137,2023,12,4,Dec,0.2152
ORD-13273,2020-03-11,2020-03-17,CUST-93182,Home Office,St. Louis,MO,Central,Technology,Smartwatches,12560.99,13,0.0,3145.43,966.23,38.2349,-89.9672,2020,3,1,Mar,0.2504
ORD-13277,2020-01-24,2020-01-29,CUST-69258,Corporate,Philadelphia,PA,East,Technology,Mice,6012.64,16,0.5,-1383.57,751.58,39.7243,-75.6,2020,1,1,Jan,-0.2301
ORD-13280,2022-06-19,2022-06-20,CUST-54693,Home Office,Denver,CO,West,Office Supplies,Binders,272.7,9,0.0,102.24,30.3,40.0326,-104.8253,2022,6,2,Jun,0.3749
ORD-13285,2021-12-02,2021-12-09,CUST-26544,Home Office,New Orleans,LA,South,Furniture,Desks,10745.7,17,0.0,3749.4,632.1,30.1066,-90.4011,2021,12,4,Dec,0.3489
ORD-13286,2023-02-01,2023-02-07,CUST-76155,Consumer,Philadelphia,PA,East,Furniture,Desks,1786.02,10,0.4,-65.26,297.67,39.7159,-74.7608,2023,2,1,Feb,-0.0365
ORD-13291,2023-10-25,2023-10-27,CUST-79541,Consumer,Denver,CO,West,Office Supplies,Paper Reams,44.42,1,0.0,15.11,44.42,40.0081,-104.7121,2023,10,4,Oct,0.3402
ORD-13293,2023-11-21,2023-11-26,CUST-29929,Consumer,Charlotte,NC,East,Furniture,Rugs,321.33,6,0.5,-2.74,107.11,35.1071,-80.6263,2023,11,4,Nov,-0.0085
ORD-13296,2021-08-30,2021-09-03,CUST-10046,Corporate,Miami,FL,South,Furniture,Office Chairs,12209.06,17,0.0,5055.56,718.18,25.5847,-80.6505,2021,8,3,Aug,0.4141
ORD-13298,2021-09-30,2021-10-02,CUST-73036,Home Office,Boston,MA,East,Office Supplies,Folders,1232.8,20,0.0,377.24,61.64,42.5738,-71.6249,2021,9,3,Sep,0.306
ORD-13300,2022-05-08,2022-05-12,CUST-62617,Home Office,San Francisco,CA,West,Furniture,Bookshelves,11498.55,19,0.1,2315.62,672.43,37.9012,-122.3644,2022,5,2,May,0.2014
ORD-13305,2020-11-06,2020-11-08,CUST-50784,Home Office,Jacksonville,FL,East,Office Supplies,Envelopes,443.4,15,0.0,186.79,29.56,30.3967,-81.2663,2020,11,4,Nov,0.4213
ORD-13306,2023-09-14,2023-09-18,CUST-54744,Consumer,Jacksonville,FL,East,Office Supplies,Tape,507.5,10,0.0,178.83,50.75,30.1269,-81.8818,2023,9,3,Sep,0.3524
ORD-13309,2023-07-07,2023-07-11,CUST-39443,Consumer,Chicago,IL,Central,Furniture,Sofas,6906.16,14,0.3,701.04,704.71,42.1201,-87.5146,2023,7,3,Jul,0.1015
ORD-13312,2022-01-12,2022-01-14,CUST-46158,Home Office,New York,NY,East,Office Supplies,Envelopes,586.08,16,0.0,269.11,36.63,40.3566,-73.5098,2022,1,1,Jan,0.4592
ORD-13314,2023-09-27,2023-10-04,CUST-86779,Corporate,St. Louis,MO,Central,Office Supplies,Sticky Notes,79.25,9,0.3,18.72,12.58,38.8507,-89.6655,2023,9,3,Sep,0.2362
ORD-13318,2021-06-28,2021-06-29,CUST-15518,Home Office,Miami,FL,South,Office Supplies,Scissors,318.62,16,0.4,-0.9,33.19,25.6127,-80.4106,2021,6,2,Jun,-0.0028
ORD-13322,2020-07-13,2020-07-14,CUST-15225,Home Office,Charlotte,NC,East,Office Supplies,Notebooks,465.79,8,0.2,128.59,72.78,34.915,-80.6128,2020,7,3,Jul,0.2761
ORD-13324,2022-12-06,2022-12-07,CUST-84308,Home Office,St. Louis,MO,Central,Furniture,Lamps,6677.45,13,0.0,2460.82,513.65,38.8386,-90.1149,2022,12,4,Dec,0.3685
ORD-13327,2021-08-21,2021-08-25,CUST-42597,Consumer,Los Angeles,CA,West,Office Supplies,Sticky Notes,20.41,1,0.15,4.71,24.01,33.7959,-117.8651,2021,8,3,Aug,0.2308
ORD-13330,2023-12-02,2023-12-08,CUST-62601,Corporate,Minneapolis,MN,Central,Technology,Keyboards,6288.25,9,0.4,-383.79,1164.49,44.9683,-93.3954,2023,12,4,Dec,-0.061
ORD-13331,2021-12-21,2021-12-26,CUST-21853,Corporate,Dallas,TX,Central,Furniture,Desks,10917.18,18,0.1,1295.97,673.9,32.4587,-96.2266,2021,12,4,Dec,0.1187
ORD-13335,2021-01-16,2021-01-23,CUST-57377,Home Office,Nashville,TN,South,Office Supplies,Tape,457.58,13,0.15,98.83,41.41,36.2268,-86.4778,2021,1,1,Jan,0.216
ORD-13340,2021-01-23,2021-01-28,CUST-33318,Consumer,San Francisco,CA,West,Furniture,Office Chairs,3415.08,10,0.4,-282.58,569.18,37.8254,-122.1386,2021,1,1,Jan,-0.0827
ORD-13343,2020-07-10,2020-07-11,CUST-79838,Consumer,New Orleans,LA,South,Office Supplies,Notebooks,1378.4,20,0.0,552.22,68.92,30.8105,-90.5706,2020,7,3,Jul,0.4006
ORD-13345,2021-08-24,2021-08-29,CUST-81825,Consumer,Minneapolis,MN,Central,Technology,Mice,27694.02,19,0.0,7558.71,1457.58,44.9282,-93.0384,2021,8,3,Aug,0.2729
ORD-13347,2021-04-04,2021-04-11,CUST-11627,Corporate,Las Vegas,NV,West,Furniture,Office Chairs,1549.56,8,0.05,437.08,203.89,35.9501,-115.0713,2021,4,2,Apr,0.2821
ORD-13352,2022-06-17,2022-06-21,CUST-62378,Corporate,Dallas,TX,Central,Technology,Smartwatches,9172.22,18,0.4,-1769.28,849.28,32.961,-96.7106,2022,6,2,Jun,-0.1929
ORD-13353,2022-06-02,2022-06-05,CUST-27628,Corporate,Memphis,TN,South,Furniture,Conference Tables,7664.59,12,0.15,1624.38,751.43,35.4674,-89.9397,2022,6,2,Jun,0.2119
ORD-13355,2020-09-20,2020-09-21,CUST-55657,Home Office,St. Louis,MO,Central,Technology,Cameras,9155.43,17,0.5,-1580.19,1077.11,38.3657,-90.4137,2020,9,3,Sep,-0.1726
ORD-13356,2022-07-31,2022-08-05,CUST-83394,Consumer,Denver,CO,West,Furniture,Wardrobes,5487.9,15,0.0,1972.0,365.86,40.1709,-105.0514,2022,7,3,Jul,0.3593
ORD-13361,2022-09-03,2022-09-10,CUST-43031,Corporate,New Orleans,LA,South,Office Supplies,Pens,344.75,5,0.1,111.11,76.61,29.6786,-89.7182,2022,9,3,Sep,0.3223
ORD-13364,2023-12-13,2023-12-20,CUST-53323,Corporate,Jacksonville,FL,East,Office Supplies,Tape,116.73,5,0.4,13.22,38.91,30.9124,-81.9135,2023,12,4,Dec,0.1133
ORD-13369,2023-01-10,2023-01-16,CUST-25687,Consumer,Phoenix,AZ,West,Office Supplies,Scissors,819.13,19,0.15,213.87,50.72,33.5194,-111.8761,2023,1,1,Jan,0.2611
ORD-13371,2020-11-26,2020-12-02,CUST-13864,Corporate,Charlotte,NC,East,Technology,Cameras,2875.32,7,0.0,601.56,410.76,34.9681,-80.5756,2020,11,4,Nov,0.2092
ORD-13375,2020-07-11,2020-07-15,CUST-28154,Consumer,Memphis,TN,South,Technology,Keyboards,16208.52,19,0.2,1556.94,1066.35,34.8751,-89.6434,2020,7,3,Jul,0.0961
ORD-13377,2020-12-29,2021-01-04,CUST-39706,Corporate,Dallas,TX,Central,Technology,Printers,14835.97,14,0.2,1758.21,1324.64,32.8203,-96.7761,2020,12,4,Dec,0.1185
ORD-13378,2022-07-14,2022-07-21,CUST-99484,Corporate,St. Louis,MO,Central,Office Supplies,Notebooks,121.1,4,0.4,13.04,50.46,38.3715,-90.191,2022,7,3,Jul,0.1077
ORD-13381,2020-01-26,2020-01-27,CUST-19094,Home Office,Chicago,IL,Central,Technology,Laptops,3343.39,11,0.5,-961.62,607.89,42.1129,-88.1184,2020,1,1,Jan,-0.2876
ORD-13386,2021-01-07,2021-01-12,CUST-59042,Corporate,San Francisco,CA,West,Office Supplies,Envelopes,393.68,7,0.0,187.07,56.24,37.671,-122.4835,2021,1,1,Jan,0.4752
ORD-13389,2020-10-31,2020-11-07,CUST-48198,Home Office,Denver,CO,West,Office Supplies,Staplers,679.8,15,0.0,250.58,45.32,39.6536,-104.5544,2020,10,4,Oct,0.3686
ORD-13393,2022-11-27,2022-11-29,CUST-96309,Home Office,Boston,MA,East,Office Supplies,Staplers,271.32,4,0.15,42.22,79.8,42.7431,-70.9586,2022,11,4,Nov,0.1556
ORD-13394,2021-11-23,2021-11-25,CUST-56965,Consumer,Austin,TX,South,Technology,Cameras,2448.0,12,0.2,-0.86,255.0,29.9474,-97.2371,2021,11,4,Nov,-0.0004
ORD-13398,2022-11-30,2022-12-01,CUST-81615,Consumer,Baltimore,MD,East,Office Supplies,Envelopes,380.62,11,0.4,12.46,57.67,38.944,-76.2688,2022,11,4,Nov,0.0327
ORD-13399,2021-02-09,2021-02-12,CUST-52141,Corporate,Seattle,WA,West,Furniture,Bookshelves,3139.33,14,0.3,241.5,320.34,47.3286,-122.265,2021,2,1,Feb,0.0769
ORD-13404,2021-08-11,2021-08-18,CUST-84878,Corporate,New Orleans,LA,South,Furniture,Sofas,111.71,2,0.1,18.85,62.06,30.2802,-89.7516,2021,8,3,Aug,0.1687
ORD-13409,2020-02-27,2020-02-28,CUST-78679,Home Office,Las Vegas,NV,West,Furniture,Office Chairs,2406.88,10,0.2,400.99,300.86,36.2785,-114.6116,2020,2,1,Feb,0.1666
ORD-13413,2020-07-21,2020-07-25,CUST-37097,Consumer,Phoenix,AZ,West,Furniture,Office Chairs,3297.79,6,0.05,857.37,578.56,33.0954,-111.9352,2020,7,3,Jul,0.26
ORD-13415,2020-08-26,2020-08-29,CUST-61107,Home Office,New York,NY,East,Furniture,Filing Cabinets,457.21,1,0.15,129.99,537.89,40.4056,-74.1184,2020,8,3,Aug,0.2843
ORD-13418,2020-10-17,2020-10-22,CUST-36853,Consumer,Seattle,WA,West,Furniture,Office Chairs,915.2,8,0.5,-72.46,228.8,47.5938,-122.6247,2020,10,4,Oct,-0.0792
ORD-13423,2022-04-27,2022-05-01,CUST-11367,Corporate,Minneapolis,MN,Central,Office Supplies,Pens,513.86,9,0.1,193.26,63.44,45.676,-93.2112,2022,4,2,Apr,0.3761
ORD-13424,2023-09-19,2023-09-25,CUST-34033,Consumer,Atlanta,GA,South,Office Supplies,Tape,94.75,8,0.3,10.88,16.92,33.2853,-84.3126,2023,9,3,Sep,0.1148
ORD-13425,2023-11-24,2023-11-28,CUST-61761,Home Office,Dallas,TX,Central,Office Supplies,Binders,477.6,10,0.0,217.4,47.76,32.9226,-96.8007,2023,11,4,Nov,0.4552
ORD-13427,2020-09-17,2020-09-22,CUST-20958,Consumer,Los Angeles,CA,West,Office Supplies,Tape,35.44,2,0.2,7.46,22.15,33.7224,-117.9896,2020,9,3,Sep,0.2105
ORD-13429,2022-06-16,2022-06-22,CUST-37581,Corporate,Philadelphia,PA,East,Furniture,Wardrobes,1866.69,5,0.4,47.95,622.23,39.4863,-74.683,2022,6,2,Jun,0.0257
ORD-13433,2021-11-30,2021-12-07,CUST-59811,Consumer,Chicago,IL,Central,Office Supplies,Pens,180.45,9,0.0,77.36,20.05,42.2699,-88.0526,2021,11,4,Nov,0.4287
ORD-13434,2021-01-11,2021-01-17,CUST-42214,Consumer,Seattle,WA,West,Office Supplies,Notebooks,33.81,7,0.3,3.1,6.9,47.5653,-122.1792,2021,1,1,Jan,0.0917
ORD-13436,2021-10-12,2021-10-13,CUST-52160,Home Office,Kansas City,MO,Central,Technology,Tablets,2085.82,4,0.5,-188.1,1042.91,39.3118,-94.6528,2021,10,4,Oct,-0.0902
ORD-13437,2021-04-23,2021-04-24,CUST-39428,Home Office,Chicago,IL,Central,Technology,Smartphones,357.24,13,0.5,-82.64,54.96,42.219,-87.9394,2021,4,2,Apr,-0.2313
ORD-13441,2023-08-21,2023-08-28,CUST-68939,Consumer,Charlotte,NC,East,Office Supplies,Notebooks,209.52,16,0.5,17.06,26.19,35.1447,-80.3628,2023,8,3,Aug,0.0814
ORD-13443,2021-12-07,2021-12-13,CUST-28927,Corporate,Las Vegas,NV,West,Furniture,Wardrobes,9204.23,15,0.15,1969.21,721.9,36.1289,-115.2958,2021,12,4,Dec,0.2139
ORD-13447,2021-06-10,2021-06-12,CUST-63788,Corporate,St. Louis,MO,Central,Office Supplies,Staplers,329.88,12,0.0,126.33,27.49,38.7585,-90.1769,2021,6,2,Jun,0.383
ORD-13450,2022-04-11,2022-04-15,CUST-54276,Consumer,Denver,CO,West,Technology,Keyboards,7034.83,14,0.3,-349.56,717.84,39.6903,-104.9564,2022,4,2,Apr,-0.0497
ORD-13453,2022-12-21,2022-12-23,CUST-70735,Home Office,St. Louis,MO,Central,Furniture,Bookshelves,708.16,8,0.5,-146.19,177.04,38.7675,-90.4939,2022,12,4,Dec,-0.2064
ORD-13457,2022-03-15,2022-03-17,CUST-16669,Consumer,Nashville,TN,South,Office Supplies,Binders,220.16,16,0.5,-12.7,27.52,35.6638,-87.3182,2022,3,1,Mar,-0.0577
ORD-13461,2023-09-12,2023-09-16,CUST-84369,Consumer,San Francisco,CA,West,Furniture,Rugs,12213.6,17,0.05,2347.79,756.26,37.5573,-121.834,2023,9,3,Sep,0.1922
ORD-13463,2023-08-06,2023-08-10,CUST-27112,Consumer,Seattle,WA,West,Office Supplies,Envelopes,476.8,19,0.3,63.75,35.85,47.6633,-122.2099,2023,8,3,Aug,0.1337
ORD-13466,2023-07-10,2023-07-11,CUST-21789,Home Office,Nashville,TN,South,Office Supplies,Envelopes,22.6,4,0.0,9.19,5.65,36.1468,-87.1386,2023,7,3,Jul,0.4066
ORD-13470,2021-09-21,2021-09-28,CUST-54383,Consumer,Houston,TX,Central,Technology,Tablets,1210.15,3,0.3,63.59,576.26,30.3022,-95.8748,2021,9,3,Sep,0.0525
ORD-13475,2020-11-23,2020-11-25,CUST-82393,Home Office,Seattle,WA,West,Furniture,Desks,2639.22,6,0.0,656.63,439.87,47.5261,-122.6194,2020,11,4,Nov,0.2488
ORD-13479,2023-09-21,2023-09-23,CUST-72505,Consumer,Memphis,TN,South,Furniture,Filing Cabinets,633.36,15,0.3,54.02,60.32,34.9315,-89.4005,2023,9,3,Sep,0.0853
ORD-13482,2023-04-12,2023-04-17,CUST-54535,Corporate,Los Angeles,CA,West,Office Supplies,Sticky Notes,125.64,6,0.5,7.48,41.88,34.1138,-117.9319,2023,4,2,Apr,0.0595
ORD-13485,2023-07-02,2023-07-05,CUST-48318,Consumer,Boston,MA,East,Technology,Tablets,17034.48,13,0.05,4008.13,1379.31,42.1908,-71.3049,2023,7,3,Jul,0.2353
ORD-13488,2023-06-27,2023-07-02,CUST-78214,Consumer,Boston,MA,East,Office Supplies,Tape,201.18,14,0.4,16.88,23.95,42.6185,-71.0183,2023,6,2,Jun,0.0839
ORD-13492,2023-08-22,2023-08-24,CUST-96430,Consumer,Baltimore,MD,East,Furniture,Bookshelves,7173.36,10,0.1,1012.52,797.04,39.0492,-76.6322,2023,8,3,Aug,0.1412
ORD-13496,2023-07-02,2023-07-03,CUST-14716,Consumer,Boston,MA,East,Office Supplies,Pens,1107.17,19,0.2,261.53,72.84,42.9518,-71.4758,2023,7,3,Jul,0.2362
ORD-13501,2022-11-15,2022-11-22,CUST-35284,Corporate,St. Louis,MO,Central,Furniture,Conference Tables,3697.34,14,0.1,906.88,293.44,39.0767,-89.5186,2022,11,4,Nov,0.2453
ORD-13502,2023-10-07,2023-10-08,CUST-41845,Corporate,Nashville,TN,South,Furniture,Desks,7917.58,11,0.0,2215.18,719.78,36.3174,-86.6091,2023,10,4,Oct,0.2798
ORD-13505,2023-03-17,2023-03-24,CUST-90931,Consumer,Philadelphia,PA,East,Furniture,Desks,5560.32,8,0.0,1722.44,695.04,39.9203,-75.0292,2023,3,1,Mar,0.3098
ORD-13507,2021-11-08,2021-11-15,CUST-22019,Home Office,Philadelphia,PA,East,Office Supplies,Tape,61.6,4,0.0,16.84,15.4,40.1546,-75.1221,2021,11,4,Nov,0.2734
ORD-13511,2020-04-12,2020-04-18,CUST-89358,Consumer,New York,NY,East,Furniture,Filing Cabinets,1458.06,3,0.05,362.88,511.6,41.3241,-74.2125,2020,4,2,Apr,0.2489
ORD-13516,2022-06-25,2022-06-27,CUST-85423,Consumer,Denver,CO,West,Furniture,Wardrobes,2811.97,17,0.0,786.92,165.41,40.3375,-105.2296,2022,6,2,Jun,0.2798
ORD-13519,2021-01-18,2021-01-25,CUST-88846,Consumer,Las Vegas,NV,West,Technology,Smartphones,6306.41,11,0.5,-1308.62,1146.62,36.1259,-114.8878,2021,1,1,Jan,-0.2075
ORD-13522,2022-05-23,2022-05-26,CUST-31137,Consumer,New Orleans,LA,South,Office Supplies,Binders,584.39,12,0.1,193.08,54.11,29.5622,-90.2297,2022,5,2,May,0.3304
ORD-13523,2020-05-03,2020-05-08,CUST-51733,Corporate,New York,NY,East,Technology,Headphones,2323.02,14,0.0,440.52,165.93,40.6868,-73.8822,2020,5,2,May,0.1896
ORD-13526,2020-05-14,2020-05-19,CUST-75496,Home Office,St. Louis,MO,Central,Office Supplies,Envelopes,200.72,9,0.3,36.31,31.86,38.0972,-89.8808,2020,5,2,May,0.1809
ORD-13529,2021-01-24,2021-01-26,CUST-62853,Home Office,Minneapolis,MN,Central,Furniture,Rugs,7474.2,19,0.3,542.84,561.97,45.3954,-93.1367,2021,1,1,Jan,0.0726
ORD-13533,2022-02-28,2022-03-04,CUST-57934,Consumer,Austin,TX,South,Furniture,Bookshelves,636.96,1,0.0,226.16,636.96,30.41,-97.3361,2022,2,1,Feb,0.3551
ORD-13535,2023-04-29,2023-05-01,CUST-12841,Consumer,Baltimore,MD,East,Office Supplies,Staplers,96.63,7,0.15,29.58,16.24,39.2606,-75.9283,2023,4,2,Apr,0.3061
ORD-13539,2021-07-22,2021-07-24,CUST-97266,Home Office,Austin,TX,South,Technology,Printers,5288.36,7,0.0,1398.52,755.48,30.4421,-98.1229,2021,7,3,Jul,0.2645
ORD-13543,2023-12-16,2023-12-20,CUST-74291,Corporate,Boston,MA,East,Technology,Smartphones,8920.88,20,0.05,1031.12,469.52,42.4478,-71.0163,2023,12,4,Dec,0.1156
ORD-13546,2023-07-15,2023-07-18,CUST-58936,Corporate,Boston,MA,East,Office Supplies,Staplers,264.78,20,0.1,76.6,14.71,42.4023,-70.5834,2023,7,3,Jul,0.2893
ORD-13549,2020-02-06,2020-02-10,CUST-93082,Consumer,Seattle,WA,West,Office Supplies,Tape,335.96,12,0.05,132.63,29.47,47.2677,-122.3635,2020,2,1,Feb,0.3948
ORD-13551,2021-11-09,2021-11-15,CUST-87704,Home Office,Nashville,TN,South,Office Supplies,Sticky Notes,222.67,7,0.5,-8.96,63.62,36.0537,-86.9041,2021,11,4,Nov,-0.0402
ORD-13552,2020-02-09,2020-02-12,CUST-79367,Corporate,San Francisco,CA,West,Furniture,Wardrobes,4707.67,17,0.15,734.95,325.79,37.3935,-122.4583,2020,2,1,Feb,0.1561
ORD-13556,2022-07-09,2022-07-13,CUST-42320,Consumer,Austin,TX,South,Office Supplies,Binders,110.11,7,0.0,40.96,15.73,29.3912,-97.1241,2022,7,3,Jul,0.372
ORD-13561,2023-06-25,2023-06-29,CUST-80295,Corporate,Las Vegas,NV,West,Technology,Keyboards,4006.61,18,0.15,618.77,261.87,36.0571,-115.1344,2023,6,2,Jun,0.1544
ORD-13563,2020-09-03,2020-09-06,CUST-59284,Home Office,Las Vegas,NV,West,Technology,Smartwatches,2009.65,2,0.1,163.62,1116.47,36.6787,-114.5708,2020,9,3,Sep,0.0814
ORD-13566,2021-02-22,2021-02-24,CUST-70940,Corporate,Memphis,TN,South,Technology,Printers,866.6,10,0.0,197.44,86.66,35.4571,-89.9974,2021,2,1,Feb,0.2278
ORD-13568,2020-11-17,2020-11-22,CUST-89500,Home Office,Denver,CO,West,Office Supplies,Scissors,344.52,15,0.1,87.22,25.52,39.6165,-104.9404,2020,11,4,Nov,0.2532
ORD-13571,2021-10-23,2021-10-24,CUST-59155,Consumer,Nashville,TN,South,Technology,Smartwatches,504.04,4,0.0,99.43,126.01,36.1044,-86.8074,2021,10,4,Oct,0.1973
ORD-13576,2020-12-30,2021-01-02,CUST-15161,Corporate,Jacksonville,FL,East,Furniture,Conference Tables,565.9,20,0.5,-58.88,56.59,30.3457,-81.9682,2020,12,4,Dec,-0.104
ORD-13577,2020-05-10,2020-05-11,CUST-57227,Corporate,Jacksonville,FL,East,Office Supplies,Staplers,358.67,5,0.05,116.26,75.51,29.9446,-81.3567,2020,5,2,May,0.3241
ORD-13579,2020-05-22,2020-05-26,CUST-81840,Corporate,Houston,TX,Central,Technology,Mice,8740.26,13,0.2,-395.78,840.41,30.1061,-94.9541,2020,5,2,May,-0.0453
ORD-13583,2021-06-18,2021-06-20,CUST-15556,Consumer,Philadelphia,PA,East,Furniture,Bookshelves,4227.96,8,0.05,1035.39,556.31,39.1691,-75.2684,2021,6,2,Jun,0.2449
ORD-13586,2022-10-22,2022-10-25,CUST-74517,Consumer,Philadelphia,PA,East,Technology,Tablets,4038.61,11,0.4,-416.82,611.91,39.6468,-75.3146,2022,10,4,Oct,-0.1032
ORD-13589,2020-05-19,2020-05-20,CUST-20567,Home Office,Jacksonville,FL,East,Office Supplies,Scissors,340.97,7,0.0,162.48,48.71,30.5295,-81.9274,2020,5,2,May,0.4765
ORD-13592,2020-11-07,2020-11-12,CUST-76962,Consumer,Kansas City,MO,Central,Technology,Mice,826.22,1,0.4,-148.62,1377.04,39.0019,-94.644,2020,11,4,Nov,-0.1799
ORD-13593,2021-11-16,2021-11-18,CUST-68398,Corporate,Miami,FL,South,Technology,Smartwatches,10410.4,11,0.3,50.07,1352.0,25.6094,-80.0366,2021,11,4,Nov,0.0048
ORD-13596,2022-03-04,2022-03-11,CUST-98369,Consumer,Miami,FL,South,Technology,Smartphones,2254.16,4,0.5,-187.64,1127.08,26.0147,-80.2044,2022,3,1,Mar,-0.0832
ORD-13597,2020-04-21,2020-04-27,CUST-50619,Corporate,Phoenix,AZ,West,Furniture,Conference Tables,3412.66,8,0.4,-99.5,710.97,33.343,-111.7158,2020,4,2,Apr,-0.0292
ORD-13601,2022-10-20,2022-10-26,CUST-72937,Consumer,Philadelphia,PA,East,Technology,Keyboards,14221.48,13,0.0,2682.66,1093.96,39.9636,-75.1446,2022,10,4,Oct,0.1886
ORD-13604,2020-08-07,2020-08-08,CUST-68334,Home Office,St. Louis,MO,Central,Technology,Smartphones,947.95,1,0.0,184.77,947.95,38.2183,-90.1031,2020,8,3,Aug,0.1949
ORD-13605,2020-04-19,2020-04-22,CUST-46697,Consumer,Memphis,TN,South,Office Supplies,Staplers,360.81,7,0.15,99.93,60.64,35.3001,-90.2101,2020,4,2,Apr,0.277
ORD-13606,2020-09-02,2020-09-05,CUST-93454,Consumer,Memphis,TN,South,Technology,Printers,2047.01,5,0.05,493.41,430.95,34.887,-89.5364,2020,9,3,Sep,0.241
ORD-13609,2020-06-25,2020-07-01,CUST-12956,Consumer,Baltimore,MD,East,Technology,Laptops,5112.72,8,0.1,269.02,710.1,39.4204,-76.4674,2020,6,2,Jun,0.0526
ORD-13611,2020-05-13,2020-05-17,CUST-11739,Consumer,Atlanta,GA,South,Office Supplies,Staplers,699.71,13,0.2,140.1,67.28,33.8773,-84.0061,2020,5,2,May,0.2002
ORD-13613,2021-07-30,2021-08-05,CUST-68718,Home Office,Jacksonville,FL,East,Technology,Printers,5227.43,16,0.05,361.52,343.91,30.4808,-82.398,2021,7,3,Jul,0.0692
ORD-13616,2023-02-18,2023-02-24,CUST-21588,Corporate,Jacksonville,FL,East,Technology,Smartwatches,17256.24,16,0.1,1582.69,1198.35,30.8187,-81.8245,2023,2,1,Feb,0.0917
ORD-13620,2022-02-03,2022-02-09,CUST-32801,Consumer,Minneapolis,MN,Central,Furniture,Rugs,4553.18,12,0.15,552.33,446.39,44.9206,-92.6496,2022,2,1,Feb,0.1213
ORD-13625,2020-10-29,2020-11-05,CUST-43187,Corporate,Nashville,TN,South,Furniture,Conference Tables,5504.48,16,0.0,1147.22,344.03,35.8546,-86.3308,2020,10,4,Oct,0.2084
ORD-13630,2023-01-09,2023-01-16,CUST-54780,Corporate,Seattle,WA,West,Furniture,Lamps,1766.76,6,0.0,694.13,294.46,47.579,-122.7017,2023,1,1,Jan,0.3929
ORD-13631,2022-03-22,2022-03-23,CUST-85427,Home Office,Phoenix,AZ,West,Technology,Monitors,11147.22,14,0.4,53.42,1327.05,33.9283,-111.8663,2022,3,1,Mar,0.0048
ORD-13636,2021-04-09,2021-04-15,CUST-61768,Home Office,Boston,MA,East,Office Supplies,Staplers,633.37,11,0.15,151.62,67.74,42.3453,-71.1081,2021,4,2,Apr,0.2394
ORD-13637,2022-04-15,2022-04-21,CUST-76127,Home Office,Miami,FL,South,Office Supplies,Sticky Notes,63.38,4,0.05,23.87,16.68,26.2053,-79.9262,2022,4,2,Apr,0.3766
ORD-13638,2021-09-19,2021-09-21,CUST-12125,Home Office,Baltimore,MD,East,Technology,Smartphones,6040.88,13,0.05,761.94,489.14,39.7029,-76.5161,2021,9,3,Sep,0.1261
ORD-13642,2023-10-25,2023-10-26,CUST-11385,Consumer,Boston,MA,East,Technology,Monitors,1064.57,3,0.15,143.03,417.48,42.8,-71.3935,2023,10,4,Oct,0.1344
ORD-13646,2021-09-14,2021-09-18,CUST-14131,Consumer,Houston,TX,Central,Furniture,Conference Tables,7968.0,20,0.0,2376.13,398.4,29.6006,-95.8404,2021,9,3,Sep,0.2982
ORD-13651,2023-12-05,2023-12-09,CUST-56013,Corporate,Nashville,TN,South,Furniture,Office Chairs,4047.81,13,0.5,-334.61,622.74,36.9235,-87.332,2023,12,4,Dec,-0.0827
ORD-13655,2020-06-26,2020-06-30,CUST-59787,Corporate,Atlanta,GA,South,Furniture,Office Chairs,844.92,9,0.0,252.11,93.88,33.9422,-84.3531,2020,6,2,Jun,0.2984
ORD-13656,2021-10-23,2021-10-26,CUST-11349,Consumer,Dallas,TX,Central,Office Supplies,Tape,305.86,18,0.2,71.68,21.24,32.3902,-96.7302,2021,10,4,Oct,0.2344
ORD-13657,2022-06-29,2022-06-30,CUST-43187,Home Office,Phoenix,AZ,West,Office Supplies,Pens,483.28,17,0.4,20.38,47.38,32.793,-111.7116,2022,6,2,Jun,0.0422
ORD-13658,2022-07-14,2022-07-17,CUST-36099,Consumer,Jacksonville,FL,East,Office Supplies,Tape,222.0,6,0.0,99.44,37.0,30.3455,-81.5813,2022,7,3,Jul,0.4479
ORD-13662,2023-09-01,2023-09-03,CUST-39980,Corporate,Austin,TX,South,Technology,Laptops,738.53,13,0.5,-93.26,113.62,30.3373,-97.4688,2023,9,3,Sep,-0.1263
ORD-13663,2020-10-12,2020-10-14,CUST-78835,Consumer,Memphis,TN,South,Technology,Smartphones,13856.32,20,0.2,625.28,866.02,35.5436,-89.9538,2020,10,4,Oct,0.0451
ORD-13666,2022-08-28,2022-08-29,CUST-97123,Corporate,St. Louis,MO,Central,Office Supplies,Notebooks,90.18,9,0.0,36.95,10.02,38.249,-90.1139,2022,8,3,Aug,0.4097
ORD-13671,2020-10-08,2020-10-09,CUST-58931,Consumer,Minneapolis,MN,Central,Furniture,Rugs,328.45,1,0.3,6.04,469.22,44.7885,-93.5146,2020,10,4,Oct,0.0184
ORD-13672,2022-04-26,2022-04-27,CUST-58740,Home Office,Minneapolis,MN,Central,Technology,Tablets,1550.16,18,0.2,10.37,107.65,45.6174,-92.8706,2022,4,2,Apr,0.0067
ORD-13674,2023-09-25,2023-09-28,CUST-72965,Home Office,Charlotte,NC,East,Technology,Smartphones,13230.89,19,0.15,2593.5,819.25,34.8631,-80.8186,2023,9,3,Sep,0.196
ORD-13676,2022-09-07,2022-09-09,CUST-97435,Corporate,San Francisco,CA,West,Office Supplies,Tape,208.12,4,0.0,69.79,52.03,37.5613,-122.6954,2022,9,3,Sep,0.3353
ORD-13678,2022-11-17,2022-11-18,CUST-44402,Corporate,Phoenix,AZ,West,Technology,Smartphones,4665.09,19,0.15,755.65,288.86,33.3311,-111.7495,2022,11,4,Nov,0.162
ORD-13680,2022-03-19,2022-03-20,CUST-26688,Corporate,Atlanta,GA,South,Furniture,Office Chairs,2613.45,7,0.5,-182.4,746.7,34.4411,-84.8338,2022,3,1,Mar,-0.0698
ORD-13685,2023-07-25,2023-07-27,CUST-14051,Home Office,New Orleans,LA,South,Office Supplies,Scissors,403.07,8,0.2,122.11,62.98,30.2939,-90.362,2023,7,3,Jul,0.3029
ORD-13688,2020-10-25,2020-11-01,CUST-80161,Home Office,Atlanta,GA,South,Office Supplies,Notebooks,67.73,2,0.15,22.38,39.84,33.8508,-84.4582,2020,10,4,Oct,0.3304
ORD-13690,2022-03-01,2022-03-08,CUST-71515,Corporate,Houston,TX,Central,Furniture,Rugs,7040.07,19,0.5,-994.04,741.06,29.5443,-94.7551,2022,3,1,Mar,-0.1412
ORD-13693,2022-12-27,2023-01-01,CUST-87913,Corporate,Chicago,IL,Central,Office Supplies,Tape,452.16,20,0.1,144.71,25.12,42.0846,-87.8873,2022,12,4,Dec,0.32
ORD-13696,2021-01-26,2021-01-29,CUST-88349,Home Office,Seattle,WA,West,Furniture,Filing Cabinets,2591.55,10,0.1,469.09,287.95,47.9346,-122.7349,2021,1,1,Jan,0.181
ORD-13699,2020-10-12,2020-10-19,CUST-36799,Home Office,Memphis,TN,South,Office Supplies,Paper Reams,350.7,10,0.4,20.78,58.45,35.1602,-90.0166,2020,10,4,Oct,0.0593
ORD-13703,2021-08-19,2021-08-25,CUST-59151,Consumer,New Orleans,LA,South,Office Supplies,Staplers,538.24,8,0.0,210.48,67.28,30.0687,-89.8621,2021,8,3,Aug,0.3911
ORD-13708,2022-07-29,2022-08-03,CUST-61521,Home Office,Denver,CO,West,Furniture,Sofas,4370.17,11,0.2,772.35,496.61,39.4443,-105.0652,2022,7,3,Jul,0.1767
ORD-13709,2022-07-20,2022-07-25,CUST-66060,Corporate,New York,NY,East,Technology,Printers,21215.63,19,0.1,4237.57,1240.68,40.9784,-74.4219,2022,7,3,Jul,0.1997
ORD-13710,2022-03-03,2022-03-06,CUST-19211,Corporate,New Orleans,LA,South,Technology,Headphones,1010.4,4,0.0,240.04,252.6,29.3565,-90.0559,2022,3,1,Mar,0.2376
ORD-13711,2020-09-17,2020-09-24,CUST-11291,Corporate,Chicago,IL,Central,Office Supplies,Folders,40.74,4,0.5,3.87,20.37,41.5656,-87.9003,2020,9,3,Sep,0.095
ORD-13714,2022-05-30,2022-06-01,CUST-40980,Corporate,Boston,MA,East,Office Supplies,Binders,294.62,8,0.4,34.82,61.38,41.8972,-71.2498,2022,5,2,May,0.1182
ORD-13719,2021-03-26,2021-03-28,CUST-90495,Corporate,Los Angeles,CA,West,Office Supplies,Envelopes,995.67,13,0.0,427.96,76.59,33.8597,-118.3108,2021,3,1,Mar,0.4298
ORD-13722,2022-04-12,2022-04-14,CUST-24075,Consumer,Minneapolis,MN,Central,Technology,Smartphones,5443.73,8,0.05,1182.43,716.28,45.1065,-93.19,2022,4,2,Apr,0.2172
ORD-13726,2023-04-02,2023-04-09,CUST-68213,Corporate,Philadelphia,PA,East,Office Supplies,Binders,448.2,20,0.0,171.68,22.41,40.061,-75.1971,2023,4,2,Apr,0.383
ORD-13731,2022-02-17,2022-02-18,CUST-54864,Home Office,Miami,FL,South,Office Supplies,Scissors,799.2,18,0.2,210.1,55.5,25.6209,-80.2448,2022,2,1,Feb,0.2629
ORD-13735,2022-03-05,2022-03-12,CUST-32070,Home Office,Chicago,IL,Central,Furniture,Rugs,2378.85,15,0.5,-355.63,317.18,41.8395,-87.8933,2022,3,1,Mar,-0.1495
ORD-13736,2022-04-09,2022-04-12,CUST-99979,Corporate,Miami,FL,South,Technology,Keyboards,6085.24,8,0.3,-460.67,1086.65,25.8476,-80.1262,2022,4,2,Apr,-0.0757
ORD-13740,2023-12-31,2024-01-07,CUST-68369,Corporate,Las Vegas,NV,West,Office Supplies,Notebooks,23.5,1,0.3,4.68,33.57,36.0407,-115.0176,2023,12,4,Dec,0.1991
ORD-13745,2021-04-13,2021-04-16,CUST-94542,Corporate,Atlanta,GA,South,Furniture,Sofas,2623.03,12,0.05,754.23,230.09,33.8834,-84.6377,2021,4,2,Apr,0.2875
ORD-13750,2021-04-13,2021-04-14,CUST-43442,Consumer,Los Angeles,CA,West,Furniture,Conference Tables,3392.34,6,0.0,1043.04,565.39,34.1592,-118.2378,2021,4,2,Apr,0.3075
ORD-13751,2021-07-24,2021-07-31,CUST-91388,Corporate,Miami,FL,South,Furniture,Bookshelves,1538.6,6,0.05,239.52,269.93,25.8181,-79.5262,2021,7,3,Jul,0.1557
ORD-13756,2023-01-27,2023-01-31,CUST-20098,Corporate,Charlotte,NC,East,Office Supplies,Staplers,872.21,14,0.05,298.29,65.58,35.0116,-80.728,2023,1,1,Jan,0.342
ORD-13758,2020-09-11,2020-09-18,CUST-42197,Home Office,New York,NY,East,Furniture,Bookshelves,2826.72,15,0.4,-12.38,314.08,41.0678,-74.3874,2020,9,3,Sep,-0.0044
ORD-13760,2020-02-12,2020-02-17,CUST-27339,Home Office,Boston,MA,East,Technology,Printers,16035.49,17,0.3,265.69,1347.52,42.5371,-71.1026,2020,2,1,Feb,0.0166
ORD-13761,2022-08-05,2022-08-07,CUST-18791,Corporate,Phoenix,AZ,West,Furniture,Wardrobes,859.5,15,0.5,-71.39,114.6,33.7588,-111.8083,2022,8,3,Aug,-0.0831
ORD-13766,2022-12-19,2022-12-26,CUST-71160,Corporate,Miami,FL,South,Technology,Printers,13214.85,16,0.2,37.65,1032.41,26.016,-80.2094,2022,12,4,Dec,0.0028
ORD-13767,2022-12-08,2022-12-12,CUST-88616,Corporate,Kansas City,MO,Central,Office Supplies,Scissors,372.55,6,0.05,135.48,65.36,39.122,-94.6251,2022,12,4,Dec,0.3637
ORD-13769,2022-02-22,2022-02-26,CUST-67086,Corporate,Houston,TX,Central,Technology,Smartwatches,5917.5,10,0.0,1654.45,591.75,29.7349,-95.7059,2022,2,1,Feb,0.2796
ORD-13773,2021-09-10,2021-09-14,CUST-62329,Home Office,Denver,CO,West,Office Supplies,Staplers,523.94,8,0.1,157.35,72.77,39.7936,-104.6112,2021,9,3,Sep,0.3003
ORD-13776,2022-08-06,2022-08-08,CUST-59025,Consumer,Memphis,TN,South,Furniture,Conference Tables,3065.02,14,0.0,1011.93,218.93,34.8948,-89.3044,2022,8,3,Aug,0.3302
ORD-13780,2022-06-06,2022-06-07,CUST-18880,Home Office,Boston,MA,East,Furniture,Standing Desks,13244.8,20,0.0,4148.78,662.24,42.7426,-71.1055,2022,6,2,Jun,0.3132
ORD-13785,2020-12-05,2020-12-06,CUST-38664,Home Office,Houston,TX,Central,Technology,Printers,1046.44,4,0.0,258.12,261.61,30.0118,-95.0045,2020,12,4,Dec,0.2467
ORD-13790,2023-06-09,2023-06-13,CUST-26160,Corporate,Chicago,IL,Central,Furniture,Standing Desks,1795.61,12,0.4,59.02,249.39,42.1117,-87.7445,2023,6,2,Jun,0.0329
ORD-13794,2023-09-26,2023-10-03,CUST-53273,Consumer,Austin,TX,South,Furniture,Rugs,8389.62,18,0.0,2277.05,466.09,30.3698,-97.4601,2023,9,3,Sep,0.2714
ORD-13795,2020-10-18,2020-10-25,CUST-49703,Consumer,Memphis,TN,South,Office Supplies,Binders,242.06,7,0.0,94.13,34.58,35.4696,-89.6142,2020,10,4,Oct,0.3889
ORD-13796,2021-01-31,2021-02-04,CUST-18680,Home Office,Philadelphia,PA,East,Technology,Mice,3177.84,5,0.05,426.42,669.02,39.6989,-75.2021,2021,1,1,Jan,0.1342
ORD-13799,2021-03-24,2021-03-28,CUST-90844,Consumer,Los Angeles,CA,West,Furniture,Lamps,1721.92,6,0.3,129.8,409.98,33.8926,-117.8343,2021,3,1,Mar,0.0754
ORD-13804,2023-01-27,2023-02-03,CUST-99469,Home Office,Minneapolis,MN,Central,Furniture,Wardrobes,1547.87,11,0.5,-121.97,281.43,44.9918,-93.7008,2023,1,1,Jan,-0.0788
ORD-13805,2022-06-07,2022-06-11,CUST-87554,Consumer,Kansas City,MO,Central,Technology,Monitors,3785.9,9,0.2,-21.92,525.82,39.1843,-95.2198,2022,6,2,Jun,-0.0058
ORD-13810,2021-04-02,2021-04-09,CUST-76301,Home Office,Houston,TX,Central,Technology,Tablets,10616.64,8,0.0,2873.2,1327.08,29.7126,-94.3971,2021,4,2,Apr,0.2706
ORD-13813,2023-03-06,2023-03-09,CUST-17458,Corporate,Minneapolis,MN,Central,Office Supplies,Scissors,410.9,10,0.0,211.78,41.09,44.9256,-93.3019,2023,3,1,Mar,0.5154
ORD-13817,2022-08-27,2022-08-28,CUST-87125,Corporate,Austin,TX,South,Furniture,Bookshelves,931.93,11,0.3,102.31,121.03,30.781,-98.2314,2022,8,3,Aug,0.1098
ORD-13818,2021-05-13,2021-05-18,CUST-20760,Corporate,Denver,CO,West,Furniture,Filing Cabinets,2942.7,6,0.0,619.97,490.45,39.5534,-104.8052,2021,5,2,May,0.2107
ORD-13819,2022-05-27,2022-05-31,CUST-10273,Home Office,Jacksonville,FL,East,Technology,Tablets,4214.52,3,0.0,1031.9,1404.84,30.6509,-82.0099,2022,5,2,May,0.2448
ORD-13822,2022-01-21,2022-01-27,CUST-23103,Corporate,Miami,FL,South,Technology,Tablets,10970.42,12,0.1,265.41,1015.78,26.0274,-80.4385,2022,1,1,Jan,0.0242
ORD-13823,2020-01-01,2020-01-08,CUST-45039,Home Office,Charlotte,NC,East,Technology,Laptops,5854.72,7,0.3,-707.98,1194.84,35.2735,-80.602,2020,1,1,Jan,-0.1209
ORD-13824,2021-08-05,2021-08-07,CUST-75066,Home Office,Kansas City,MO,Central,Office Supplies,Notebooks,30.24,3,0.4,2.23,16.8,38.9626,-94.6278,2021,8,3,Aug,0.0737
ORD-13827,2021-11-24,2021-11-30,CUST-48489,Corporate,Las Vegas,NV,West,Furniture,Office Chairs,2354.08,6,0.4,-90.7,653.91,35.7656,-115.3544,2021,11,4,Nov,-0.0385
ORD-13832,2021-10-30,2021-11-01,CUST-25429,Home Office,Austin,TX,South,Technology,Printers,5750.96,8,0.0,1415.1,718.87,30.3665,-97.6896,2021,10,4,Oct,0.2461
ORD-13836,2020-05-30,2020-06-02,CUST-26071,Consumer,Los Angeles,CA,West,Furniture,Bookshelves,4189.15,11,0.2,378.04,476.04,33.9955,-118.8931,2020,5,2,May,0.0902
ORD-13840,2020-03-10,2020-03-13,CUST-34453,Home Office,St. Louis,MO,Central,Technology,Headphones,3329.91,6,0.1,495.9,616.65,39.0587,-90.6422,2020,3,1,Mar,0.1489
ORD-13845,2021-10-24,2021-10-28,CUST-34112,Home Office,Austin,TX,South,Office Supplies,Scissors,246.71,5,0.15,61.85,58.05,30.3687,-97.3641,2021,10,4,Oct,0.2507
ORD-13848,2022-09-24,2022-09-27,CUST-36510,Consumer,Philadelphia,PA,East,Furniture,Standing Desks,483.21,5,0.3,18.16,138.06,39.7423,-75.7507,2022,9,3,Sep,0.0376
ORD-13853,2022-01-08,2022-01-14,CUST-36438,Home Office,Denver,CO,West,Technology,Laptops,9319.31,11,0.3,-138.19,1210.3,40.3526,-104.8968,2022,1,1,Jan,-0.0148
ORD-13854,2022-12-23,2022-12-27,CUST-69631,Corporate,San Francisco,CA,West,Furniture,Rugs,6821.76,17,0.2,947.45,501.6,37.8666,-122.4233,2022,12,4,Dec,0.1389
ORD-13858,2021-11-12,2021-11-13,CUST-89791,Corporate,Kansas City,MO,Central,Furniture,Office Chairs,8658.94,14,0.2,860.26,773.12,39.347,-94.5123,2021,11,4,Nov,0.0993
ORD-13861,2021-06-26,2021-06-29,CUST-10561,Corporate,Seattle,WA,West,Office Supplies,Paper Reams,77.55,2,0.2,18.68,48.47,47.3174,-121.9389,2021,6,2,Jun,0.2409
ORD-13866,2022-03-24,2022-03-25,CUST-64624,Consumer,Los Angeles,CA,West,Technology,Headphones,1001.78,14,0.4,-66.88,119.26,33.8841,-117.9395,2022,3,1,Mar,-0.0668
ORD-13867,2023-09-20,2023-09-21,CUST-40780,Home Office,Charlotte,NC,East,Office Supplies,Binders,786.24,16,0.1,232.04,54.6,34.9954,-81.0679,2023,9,3,Sep,0.2951
ORD-13871,2023-01-21,2023-01-27,CUST-12711,Consumer,New Orleans,LA,South,Office Supplies,Sticky Notes,197.24,7,0.05,53.54,29.66,30.0915,-90.6193,2023,1,1,Jan,0.2714
ORD-13874,2023-09-08,2023-09-11,CUST-22793,Consumer,Philadelphia,PA,East,Office Supplies,Binders,182.79,9,0.0,61.89,20.31,39.3273,-75.1858,2023,9,3,Sep,0.3386
ORD-13875,2020-05-20,2020-05-21,CUST-45396,Home Office,Houston,TX,Central,Office Supplies,Folders,24.94,5,0.05,8.79,5.25,29.662,-95.6828,2020,5,2,May,0.3524
ORD-13876,2022-10-21,2022-10-28,CUST-56695,Consumer,Los Angeles,CA,West,Furniture,Conference Tables,2009.12,18,0.1,324.25,124.02,34.1893,-118.4052,2022,10,4,Oct,0.1614
ORD-13877,2023-01-21,2023-01-24,CUST-31271,Consumer,Boston,MA,East,Technology,Mice,1370.83,1,0.0,323.27,1370.83,42.0944,-71.0057,2023,1,1,Jan,0.2358
ORD-13881,2022-12-31,2023-01-02,CUST-66675,Home Office,Seattle,WA,West,Technology,Cameras,20224.7,16,0.15,3340.39,1487.11,47.7858,-122.4537,2022,12,4,Dec,0.1652
ORD-13885,2021-01-24,2021-01-29,CUST-83067,Consumer,Charlotte,NC,East,Furniture,Filing Cabinets,9207.55,16,0.05,2512.37,605.76,35.1578,-80.8376,2021,1,1,Jan,0.2729
ORD-13888,2020-03-26,2020-03-27,CUST-64464,Consumer,Austin,TX,South,Furniture,Conference Tables,5987.65,15,0.15,980.29,469.62,30.2207,-97.6764,2020,3,1,Mar,0.1637
ORD-13893,2020-07-15,2020-07-20,CUST-82299,Consumer,Boston,MA,East,Furniture,Desks,1424.43,17,0.3,14.72,119.7,42.0552,-71.4766,2020,7,3,Jul,0.0103
ORD-13894,2021-10-11,2021-10-13,CUST-49348,Home Office,Chicago,IL,Central,Office Supplies,Pens,79.2,10,0.0,25.34,7.92,41.4848,-87.6022,2021,10,4,Oct,0.3199
ORD-13897,2021-07-28,2021-07-31,CUST-49298,Consumer,Las Vegas,NV,West,Furniture,Standing Desks,7652.33,14,0.3,117.54,780.85,36.3241,-115.1296,2021,7,3,Jul,0.0154
ORD-13900,2021-01-13,2021-01-19,CUST-24860,Corporate,Atlanta,GA,South,Technology,Printers,3932.34,3,0.0,478.07,1310.78,33.9465,-84.1468,2021,1,1,Jan,0.1216
ORD-13905,2021-01-09,2021-01-14,CUST-80950,Consumer,Boston,MA,East,Furniture,Conference Tables,571.47,7,0.1,97.33,90.71,42.4861,-71.3169,2021,1,1,Jan,0.1703
ORD-13908,2023-01-23,2023-01-26,CUST-65072,Home Office,Jacksonville,FL,East,Office Supplies,Envelopes,634.86,18,0.0,257.04,35.27,29.9507,-82.1879,2023,1,1,Jan,0.4049
ORD-13909,2020-04-16,2020-04-18,CUST-71502,Home Office,Jacksonville,FL,East,Furniture,Sofas,1590.58,3,0.3,64.99,757.42,30.2929,-81.7693,2020,4,2,Apr,0.0409
ORD-13914,2020-11-21,2020-11-26,CUST-23614,Corporate,Minneapolis,MN,Central,Office Supplies,Notebooks,540.9,18,0.0,184.34,30.05,44.86,-93.1892,2020,11,4,Nov,0.3408
ORD-13919,2023-10-29,2023-11-03,CUST-34582,Consumer,Baltimore,MD,East,Technology,Tablets,10691.93,8,0.1,1472.87,1484.99,39.3448,-76.811,2023,10,4,Oct,0.1378
ORD-13924,2021-03-08,2021-03-13,CUST-63941,Corporate,New Orleans,LA,South,Technology,Laptops,3422.43,13,0.2,405.85,329.08,29.5971,-89.9237,2021,3,1,Mar,0.1186
ORD-13929,2023-12-18,2023-12-22,CUST-35056,Consumer,Houston,TX,Central,Technology,Smartwatches,7128.65,9,0.2,848.98,990.09,29.9043,-95.4308,2023,12,4,Dec,0.1191
ORD-13931,2023-08-05,2023-08-10,CUST-16103,Consumer,St. Louis,MO,Central,Technology,Smartwatches,5519.12,4,0.05,847.65,1452.4,38.9408,-90.6269,2023,8,3,Aug,0.1536
ORD-13935,2021-07-20,2021-07-21,CUST-24018,Consumer,Jacksonville,FL,East,Furniture,Bookshelves,3645.34,19,0.0,916.78,191.86,30.2107,-81.2787,2021,7,3,Jul,0.2515
ORD-13938,2023-08-20,2023-08-27,CUST-68118,Consumer,Dallas,TX,Central,Furniture,Bookshelves,672.82,4,0.4,-0.68,280.34,32.4896,-96.8931,2023,8,3,Aug,-0.001
ORD-13939,2021-12-24,2021-12-26,CUST-66792,Corporate,Las Vegas,NV,West,Technology,Monitors,5474.66,8,0.1,598.29,760.37,35.9571,-114.8463,2021,12,4,Dec,0.1093
ORD-13942,2022-07-28,2022-08-02,CUST-33207,Home Office,Miami,FL,South,Technology,Laptops,3110.13,10,0.1,222.1,345.57,26.2526,-79.9415,2022,7,3,Jul,0.0714
ORD-13946,2023-04-16,2023-04-20,CUST-61196,Consumer,Atlanta,GA,South,Furniture,Rugs,2189.38,12,0.1,601.08,202.72,33.6111,-84.435,2023,4,2,Apr,0.2745
ORD-13951,2020-09-30,2020-10-01,CUST-94133,Corporate,Dallas,TX,Central,Furniture,Filing Cabinets,1565.42,8,0.4,-143.48,326.13,32.6226,-96.6519,2020,9,3,Sep,-0.0917
ORD-13952,2021-06-05,2021-06-11,CUST-18253,Home Office,Los Angeles,CA,West,Furniture,Conference Tables,1718.05,4,0.2,351.86,536.89,33.7179,-118.3497,2021,6,2,Jun,0.2048
ORD-13957,2023-09-30,2023-10-05,CUST-10441,Consumer,Philadelphia,PA,East,Furniture,Sofas,10385.34,20,0.3,544.56,741.81,39.5313,-74.9826,2023,9,3,Sep,0.0524
ORD-13960,2023-03-09,2023-03-12,CUST-45643,Corporate,Los Angeles,CA,West,Furniture,Rugs,139.42,1,0.2,14.47,174.28,33.9914,-118.3756,2023,3,1,Mar,0.1038
ORD-13961,2023-03-01,2023-03-04,CUST-54059,Home Office,Las Vegas,NV,West,Furniture,Wardrobes,1737.26,4,0.15,244.14,510.96,36.1679,-115.2047,2023,3,1,Mar,0.1405
ORD-13963,2022-10-06,2022-10-08,CUST-40317,Corporate,Minneapolis,MN,Central,Technology,Cameras,10068.66,14,0.5,-1999.56,1438.38,44.7615,-93.1741,2022,10,4,Oct,-0.1986
ORD-13965,2022-12-31,2023-01-06,CUST-38119,Corporate,Atlanta,GA,South,Technology,Headphones,596.37,3,0.0,180.51,198.79,33.792,-84.0912,2022,12,4,Dec,0.3027
ORD-13967,2020-01-24,2020-01-29,CUST-22252,Corporate,Seattle,WA,West,Technology,Laptops,2199.12,14,0.3,-196.85,224.4,47.6573,-122.6592,2020,1,1,Jan,-0.0895
ORD-13971,2021-05-27,2021-06-03,CUST-46317,Consumer,Dallas,TX,Central,Office Supplies,Notebooks,1241.4,20,0.0,404.89,62.07,32.5582,-96.4424,2021,5,2,May,0.3262
ORD-13976,2021-03-19,2021-03-26,CUST-46394,Corporate,Las Vegas,NV,West,Office Supplies,Pens,568.97,14,0.05,231.86,42.78,36.2429,-115.5998,2021,3,1,Mar,0.4075
ORD-13979,2022-07-15,2022-07-20,CUST-35237,Corporate,Baltimore,MD,East,Office Supplies,Sticky Notes,312.24,6,0.0,121.83,52.04,39.3805,-76.5573,2022,7,3,Jul,0.3902
ORD-13981,2021-01-02,2021-01-04,CUST-91087,Home Office,San Francisco,CA,West,Technology,Laptops,1649.24,7,0.3,-185.03,336.58,37.5029,-122.4392,2021,1,1,Jan,-0.1122
ORD-13985,2023-07-08,2023-07-15,CUST-59556,Corporate,Los Angeles,CA,West,Technology,Monitors,12603.8,10,0.0,3110.8,1260.38,33.3912,-118.2886,2023,7,3,Jul,0.2468
ORD-13989,2020-12-24,2020-12-30,CUST-24213,Home Office,Philadelphia,PA,East,Furniture,Office Chairs,8660.4,14,0.0,2660.06,618.6,40.2049,-74.9521,2020,12,4,Dec,0.3072
ORD-13994,2022-12-01,2022-12-07,CUST-53260,Corporate,Miami,FL,South,Office Supplies,Staplers,653.13,18,0.5,19.02,72.57,25.53,-80.7624,2022,12,4,Dec,0.0291
ORD-13997,2023-03-07,2023-03-09,CUST-44108,Home Office,Miami,FL,South,Office Supplies,Folders,872.1,15,0.1,261.93,64.6,26.0705,-79.772,2023,3,1,Mar,0.3003
ORD-13998,2021-08-28,2021-09-01,CUST-40112,Corporate,Las Vegas,NV,West,Technology,Monitors,13033.08,18,0.0,3330.31,724.06,36.2988,-115.0261,2021,8,3,Aug,0.2555
ORD-14000,2023-04-04,2023-04-10,CUST-16652,Home Office,Charlotte,NC,East,Furniture,Standing Desks,842.2,5,0.0,229.24,168.44,35.191,-80.3393,2023,4,2,Apr,0.2722
ORD-14001,2021-11-25,2021-11-30,CUST-66062,Consumer,Philadelphia,PA,East,Office Supplies,Folders,831.06,18,0.0,293.26,46.17,40.4344,-75.2566,2021,11,4,Nov,0.3529
ORD-14002,2023-07-27,2023-07-28,CUST-52184,Home Office,Miami,FL,South,Technology,Monitors,2696.27,17,0.4,-90.94,264.34,25.348,-80.0142,2023,7,3,Jul,-0.0337
ORD-14003,2020-03-02,2020-03-03,CUST-52270,Corporate,Miami,FL,South,Office Supplies,Binders,56.82,1,0.0,20.63,56.82,25.3454,-80.1244,2020,3,1,Mar,0.3631
ORD-14006,2020-06-18,2020-06-24,CUST-17503,Consumer,Las Vegas,NV,West,Office Supplies,Envelopes,159.26,7,0.4,20.78,37.92,35.9165,-115.5897,2020,6,2,Jun,0.1305
ORD-14009,2022-02-15,2022-02-21,CUST-30876,Corporate,Jacksonville,FL,East,Technology,Keyboards,4328.28,4,0.1,586.08,1202.3,30.3038,-81.4855,2022,2,1,Feb,0.1354
ORD-14011,2023-03-26,2023-03-31,CUST-47876,Home Office,Charlotte,NC,East,Technology,Smartwatches,7462.72,16,0.0,1996.13,466.42,35.2122,-80.2833,2023,3,1,Mar,0.2675
ORD-14013,2022-11-04,2022-11-08,CUST-59531,Consumer,Boston,MA,East,Furniture,Lamps,6633.76,15,0.1,1533.8,491.39,42.2561,-71.5435,2022,11,4,Nov,0.2312
ORD-14015,2022-11-22,2022-11-25,CUST-45312,Corporate,St. Louis,MO,Central,Furniture,Desks,4363.56,17,0.2,553.59,320.85,38.5291,-89.9119,2022,11,4,Nov,0.1269
ORD-14019,2021-09-27,2021-10-04,CUST-16951,Corporate,Seattle,WA,West,Furniture,Office Chairs,1914.0,6,0.0,618.46,319.0,47.2562,-122.2783,2021,9,3,Sep,0.3231
ORD-14024,2023-06-11,2023-06-16,CUST-34217,Home Office,Miami,FL,South,Technology,Mice,7096.73,15,0.5,-1039.13,946.23,26.2284,-79.9237,2023,6,2,Jun,-0.1464
ORD-14025,2020-09-07,2020-09-14,CUST-44289,Consumer,Los Angeles,CA,West,Technology,Printers,3249.32,13,0.4,-201.32,416.58,34.068,-118.1235,2020,9,3,Sep,-0.062
ORD-14029,2022-10-17,2022-10-19,CUST-45101,Corporate,St. Louis,MO,Central,Technology,Cameras,5628.53,17,0.0,1589.92,331.09,38.2302,-90.3048,2022,10,4,Oct,0.2825
ORD-14033,2023-11-27,2023-12-01,CUST-49005,Consumer,San Francisco,CA,West,Office Supplies,Notebooks,794.34,20,0.1,223.5,44.13,37.8837,-122.0509,2023,11,4,Nov,0.2814
ORD-14034,2020-09-24,2020-09-27,CUST-70550,Home Office,Los Angeles,CA,West,Technology,Mice,10324.29,17,0.1,1137.23,674.79,33.3329,-118.3637,2020,9,3,Sep,0.1102
ORD-14036,2021-12-27,2022-01-03,CUST-98572,Consumer,Baltimore,MD,East,Furniture,Standing Desks,6691.49,12,0.2,1242.43,697.03,39.4513,-76.4815,2021,12,4,Dec,0.1857
ORD-14039,2021-01-27,2021-02-03,CUST-77237,Corporate,Houston,TX,Central,Office Supplies,Staplers,25.27,1,0.1,7.73,28.08,29.3763,-95.2154,2021,1,1,Jan,0.3059
ORD-14043,2021-05-09,2021-05-14,CUST-89966,Corporate,Philadelphia,PA,East,Office Supplies,Notebooks,436.22,17,0.0,156.29,25.66,40.6052,-74.9888,2021,5,2,May,0.3583
ORD-14045,2021-08-16,2021-08-22,CUST-56538,Consumer,Jacksonville,FL,East,Office Supplies,Sticky Notes,38.66,2,0.05,12.8,20.35,30.1466,-81.6779,2021,8,3,Aug,0.3311
ORD-14046,2023-12-22,2023-12-23,CUST-88624,Corporate,Phoenix,AZ,West,Furniture,Wardrobes,8465.08,13,0.0,2438.15,651.16,33.7851,-112.0141,2023,12,4,Dec,0.288
ORD-14048,2020-04-08,2020-04-13,CUST-27656,Home Office,New Orleans,LA,South,Furniture,Desks,491.91,7,0.3,11.52,100.39,30.5171,-90.0552,2020,4,2,Apr,0.0234
ORD-14053,2022-04-12,2022-04-19,CUST-75099,Consumer,Memphis,TN,South,Furniture,Filing Cabinets,766.28,2,0.5,-47.17,766.28,34.9675,-89.9411,2022,4,2,Apr,-0.0616
ORD-14055,2022-04-13,2022-04-20,CUST-13482,Home Office,Minneapolis,MN,Central,Technology,Headphones,19699.38,18,0.0,4640.3,1094.41,44.4131,-92.6654,2022,4,2,Apr,0.2356
ORD-14058,2020-08-17,2020-08-22,CUST-71901,Corporate,Charlotte,NC,East,Technology,Keyboards,5058.08,5,0.2,629.89,1264.52,35.1108,-81.1707,2020,8,3,Aug,0.1245
ORD-14061,2020-09-02,2020-09-08,CUST-89920,Home Office,Nashville,TN,South,Office Supplies,Binders,627.31,14,0.2,161.46,56.01,36.196,-86.6733,2020,9,3,Sep,0.2574
ORD-14066,2023-05-21,2023-05-22,CUST-48304,Corporate,Dallas,TX,Central,Technology,Smartphones,5250.88,4,0.0,1205.49,1312.72,32.9319,-96.3658,2023,5,2,May,0.2296
ORD-14068,2021-12-03,2021-12-10,CUST-38257,Corporate,San Francisco,CA,West,Furniture,Rugs,612.52,1,0.0,201.15,612.52,37.4551,-122.0112,2021,12,4,Dec,0.3284
ORD-14070,2021-11-17,2021-11-20,CUST-78115,Corporate,Los Angeles,CA,West,Technology,Headphones,2032.13,14,0.1,451.2,161.28,34.9956,-118.577,2021,11,4,Nov,0.222
ORD-14075,2020-02-13,2020-02-20,CUST-22580,Home Office,Memphis,TN,South,Technology,Keyboards,4340.49,11,0.0,1007.62,394.59,34.5254,-89.8841,2020,2,1,Feb,0.2321
ORD-14076,2020-03-27,2020-03-29,CUST-13574,Consumer,Jacksonville,FL,East,Technology,Mice,804.37,2,0.5,-166.83,804.37,30.907,-81.8824,2020,3,1,Mar,-0.2074
ORD-14079,2021-10-18,2021-10-24,CUST-16822,Consumer,Miami,FL,South,Office Supplies,Tape,127.33,7,0.15,24.9,21.4,25.6286,-80.7826,2021,10,4,Oct,0.1956
ORD-14084,2023-03-17,2023-03-18,CUST-37637,Corporate,New Orleans,LA,South,Office Supplies,Staplers,995.68,16,0.0,435.66,62.23,29.3305,-90.0615,2023,3,1,Mar,0.4376
ORD-14087,2021-05-10,2021-05-13,CUST-49117,Consumer,Houston,TX,Central,Office Supplies,Pens,659.38,18,0.05,168.87,38.56,29.6639,-94.877,2021,5,2,May,0.2561
ORD-14088,2022-12-18,2022-12-20,CUST-23431,Home Office,Denver,CO,West,Office Supplies,Folders,462.98,14,0.0,193.54,33.07,39.481,-104.9894,2022,12,4,Dec,0.418
ORD-14091,2020-04-07,2020-04-12,CUST-85246,Home Office,Minneapolis,MN,Central,Office Supplies,Pens,106.49,12,0.1,34.17,9.86,45.1218,-93.6801,2020,4,2,Apr,0.3209
ORD-14096,2023-04-08,2023-04-15,CUST-85066,Corporate,Los Angeles,CA,West,Office Supplies,Tape,230.21,6,0.2,62.07,47.96,33.2387,-118.429,2023,4,2,Apr,0.2696
ORD-14097,2023-05-23,2023-05-30,CUST-78447,Home Office,Memphis,TN,South,Furniture,Rugs,7706.3,20,0.3,274.24,550.45,35.34,-90.0432,2023,5,2,May,0.0356
ORD-14102,2022-02-25,2022-03-03,CUST-50579,Home Office,Dallas,TX,Central,Office Supplies,Sticky Notes,241.68,19,0.0,79.69,12.72,32.4845,-96.7404,2022,2,1,Feb,0.3297
ORD-14106,2021-04-01,2021-04-04,CUST-91555,Consumer,San Francisco,CA,West,Technology,Smartphones,5877.95,5,0.0,1269.91,1175.59,37.5963,-122.5643,2021,4,2,Apr,0.216
ORD-14108,2023-08-04,2023-08-05,CUST-38299,Corporate,Charlotte,NC,East,Furniture,Bookshelves,8176.35,15,0.3,775.19,778.7,35.0747,-80.8664,2023,8,3,Aug,0.0948
ORD-14113,2023-05-27,2023-05-29,CUST-28156,Home Office,Kansas City,MO,Central,Office Supplies,Paper Reams,335.86,11,0.05,157.35,32.14,38.6729,-95.1356,2023,5,2,May,0.4685
ORD-14118,2023-09-21,2023-09-22,CUST-29299,Corporate,Boston,MA,East,Technology,Keyboards,6791.3,5,0.0,1760.17,1358.26,42.1564,-71.1555,2023,9,3,Sep,0.2592
ORD-14122,2020-10-27,2020-10-31,CUST-92621,Home Office,New Orleans,LA,South,Furniture,Rugs,3472.87,9,0.15,489.47,453.97,29.8721,-89.5904,2020,10,4,Oct,0.1409
ORD-14123,2022-05-22,2022-05-23,CUST-43021,Corporate,Philadelphia,PA,East,Technology,Cameras,4935.99,5,0.15,691.56,1161.41,40.2087,-75.5849,2022,5,2,May,0.1401
ORD-14125,2021-05-07,2021-05-12,CUST-72707,Consumer,Seattle,WA,West,Furniture,Rugs,2393.6,10,0.0,580.31,239.36,46.7583,-122.5728,2021,5,2,May,0.2424
ORD-14130,2023-05-14,2023-05-18,CUST-36484,Corporate,Los Angeles,CA,West,Technology,Cameras,1464.11,13,0.2,157.88,140.78,34.2051,-118.3065,2023,5,2,May,0.1078
ORD-14133,2021-11-16,2021-11-23,CUST-20499,Home Office,New York,NY,East,Office Supplies,Paper Reams,22.3,1,0.5,-0.02,44.59,40.5033,-73.9486,2021,11,4,Nov,-0.0009
ORD-14138,2021-10-20,2021-10-21,CUST-68106,Home Office,St. Louis,MO,Central,Office Supplies,Notebooks,744.13,15,0.05,296.38,52.22,38.1452,-90.1101,2021,10,4,Oct,0.3983
ORD-14141,2022-01-24,2022-01-26,CUST-61214,Home Office,Memphis,TN,South,Technology,Laptops,1987.56,9,0.5,-265.1,441.68,35.0255,-89.8398,2022,1,1,Jan,-0.1334
ORD-14142,2022-04-05,2022-04-12,CUST-74499,Consumer,Los Angeles,CA,West,Office Supplies,Tape,259.06,14,0.4,57.18,30.84,34.0187,-118.122,2022,4,2,Apr,0.2207
ORD-14147,2023-12-03,2023-12-08,CUST-44445,Home Office,Austin,TX,South,Technology,Tablets,2097.38,3,0.4,-287.14,1165.21,30.3244,-97.6019,2023,12,4,Dec,-0.1369
ORD-14149,2021-04-20,2021-04-21,CUST-55185,Corporate,Philadelphia,PA,East,Technology,Monitors,7167.9,5,0.0,1646.77,1433.58,39.6441,-75.0981,2021,4,2,Apr,0.2297
ORD-14150,2022-08-08,2022-08-09,CUST-89026,Consumer,Atlanta,GA,South,Furniture,Rugs,5056.24,7,0.0,1886.53,722.32,33.8846,-84.1014,2022,8,3,Aug,0.3731
ORD-14155,2022-05-14,2022-05-16,CUST-55215,Consumer,Los Angeles,CA,West,Furniture,Desks,2801.63,17,0.4,-89.23,274.67,34.275,-118.1562,2022,5,2,May,-0.0318
ORD-14160,2020-06-01,2020-06-07,CUST-52339,Corporate,Atlanta,GA,South,Technology,Monitors,8644.68,18,0.0,1490.81,480.26,33.8456,-84.6875,2020,6,2,Jun,0.1725
ORD-14162,2020-03-29,2020-04-05,CUST-99397,Home Office,Philadelphia,PA,East,Furniture,Sofas,697.96,4,0.3,19.79,249.27,40.0068,-75.0708,2020,3,1,Mar,0.0284
ORD-14163,2020-08-09,2020-08-11,CUST-11836,Home Office,Chicago,IL,Central,Furniture,Lamps,6221.1,15,0.0,1496.41,414.74,42.1662,-87.4784,2020,8,3,Aug,0.2405
ORD-14165,2023-01-03,2023-01-10,CUST-85041,Home Office,Las Vegas,NV,West,Technology,Headphones,952.27,6,0.2,23.58,198.39,35.7087,-115.1835,2023,1,1,Jan,0.0248
ORD-14166,2021-04-23,2021-04-30,CUST-77541,Corporate,St. Louis,MO,Central,Furniture,Wardrobes,2771.05,14,0.05,658.69,208.35,38.6639,-90.3089,2021,4,2,Apr,0.2377
ORD-14171,2020-02-29,2020-03-03,CUST-81381,Corporate,Phoenix,AZ,West,Office Supplies,Sticky Notes,338.3,8,0.3,20.17,60.41,33.3335,-112.1617,2020,2,1,Feb,0.0596
ORD-14176,2022-09-06,2022-09-12,CUST-29207,Corporate,Austin,TX,South,Office Supplies,Notebooks,36.32,2,0.2,9.87,22.7,30.0605,-97.2364,2022,9,3,Sep,0.2718
ORD-14177,2020-10-21,2020-10-22,CUST-61558,Home Office,Boston,MA,East,Technology,Mice,1869.9,6,0.0,232.65,311.65,42.7534,-71.1273,2020,10,4,Oct,0.1244
ORD-14178,2020-08-02,2020-08-08,CUST-84792,Corporate,Chicago,IL,Central,Furniture,Rugs,1311.84,9,0.0,449.93,145.76,41.8739,-87.3081,2020,8,3,Aug,0.343
ORD-14183,2023-05-01,2023-05-02,CUST-89817,Corporate,Seattle,WA,West,Office Supplies,Scissors,362.02,18,0.2,79.87,25.14,47.2804,-121.9038,2023,5,2,May,0.2206
ORD-14188,2020-03-18,2020-03-25,CUST-66773,Consumer,Kansas City,MO,Central,Technology,Tablets,12620.05,11,0.05,2200.0,1207.66,39.1665,-94.2096,2020,3,1,Mar,0.1743
ORD-14191,2023-05-25,2023-05-28,CUST-69226,Corporate,Kansas City,MO,Central,Furniture,Bookshelves,9265.14,20,0.1,1560.27,514.73,39.2786,-94.757,2023,5,2,May,0.1684
ORD-14196,2022-01-01,2022-01-03,CUST-96078,Consumer,Atlanta,GA,South,Office Supplies,Tape,260.6,8,0.05,92.09,34.29,33.7717,-84.8401,2022,1,1,Jan,0.3534
ORD-14200,2022-02-18,2022-02-25,CUST-90010,Corporate,Los Angeles,CA,West,Office Supplies,Tape,109.39,3,0.3,13.24,52.09,34.4553,-117.9741,2022,2,1,Feb,0.121
ORD-14203,2023-03-22,2023-03-26,CUST-77648,Home Office,Austin,TX,South,Office Supplies,Staplers,1152.26,17,0.0,457.3,67.78,30.3429,-97.8283,2023,3,1,Mar,0.3969
ORD-14206,2022-12-25,2022-12-28,CUST-16798,Home Office,Denver,CO,West,Office Supplies,Pens,907.31,17,0.05,388.17,56.18,39.6799,-104.9104,2022,12,4,Dec,0.4278
ORD-14208,2022-02-19,2022-02-25,CUST-46647,Corporate,Chicago,IL,Central,Office Supplies,Sticky Notes,157.4,20,0.0,71.98,7.87,41.6168,-87.1824,2022,2,1,Feb,0.4573
ORD-14213,2021-05-29,2021-05-31,CUST-48556,Corporate,Las Vegas,NV,West,Furniture,Conference Tables,7038.16,17,0.15,728.29,487.07,36.6589,-115.2518,2021,5,2,May,0.1035
ORD-14215,2022-12-26,2023-01-01,CUST-81589,Home Office,Las Vegas,NV,West,Technology,Tablets,23063.93,19,0.05,3871.63,1277.78,35.603,-115.2764,2022,12,4,Dec,0.1679
ORD-14217,2020-06-12,2020-06-18,CUST-55003,Corporate,Boston,MA,East,Furniture,Bookshelves,4745.89,11,0.3,38.01,616.35,42.1777,-71.1012,2020,6,2,Jun,0.008
ORD-14219,2023-04-21,2023-04-23,CUST-76123,Corporate,Miami,FL,South,Office Supplies,Staplers,451.84,8,0.0,202.37,56.48,25.8323,-80.0977,2023,4,2,Apr,0.4479
ORD-14222,2022-01-19,2022-01-20,CUST-12048,Corporate,Charlotte,NC,East,Office Supplies,Scissors,731.71,16,0.4,18.46,76.22,34.9658,-80.3004,2022,1,1,Jan,0.0252
ORD-14227,2021-04-04,2021-04-05,CUST-19766,Corporate,Minneapolis,MN,Central,Office Supplies,Binders,297.49,7,0.4,12.86,70.83,45.4769,-93.3429,2021,4,2,Apr,0.0432
ORD-14228,2020-04-06,2020-04-08,CUST-57739,Consumer,Baltimore,MD,East,Office Supplies,Tape,385.9,17,0.0,154.4,22.7,39.6111,-76.2284,2020,4,2,Apr,0.4001
ORD-14231,2021-08-24,2021-08-28,CUST-91183,Corporate,Denver,CO,West,Furniture,Desks,1129.52,4,0.0,332.6,282.38,39.6235,-104.9968,2021,8,3,Aug,0.2945
ORD-14234,2021-05-02,2021-05-09,CUST-29619,Consumer,Denver,CO,West,Furniture,Rugs,1920.38,14,0.5,-159.59,274.34,40.0074,-104.9787,2021,5,2,May,-0.0831
ORD-14239,2020-12-29,2021-01-02,CUST-71982,Corporate,Boston,MA,East,Technology,Laptops,6128.14,13,0.5,-913.43,942.79,42.8515,-70.9456,2020,12,4,Dec,-0.1491
ORD-14243,2020-01-14,2020-01-17,CUST-31337,Corporate,Charlotte,NC,East,Office Supplies,Staplers,454.0,12,0.15,134.19,44.51,34.7743,-81.6292,2020,1,1,Jan,0.2956
ORD-14246,2020-04-29,2020-05-02,CUST-49144,Corporate,Seattle,WA,West,Office Supplies,Scissors,515.11,19,0.3,92.42,38.73,47.5816,-122.4844,2020,4,2,Apr,0.1794
ORD-14249,2021-11-21,2021-11-27,CUST-90432,Home Office,San Francisco,CA,West,Furniture,Conference Tables,2229.52,9,0.15,428.46,291.44,37.7519,-122.0817,2021,11,4,Nov,0.1922
ORD-14250,2023-06-12,2023-06-13,CUST-15164,Corporate,Dallas,TX,Central,Office Supplies,Staplers,89.76,3,0.0,36.29,29.92,32.5559,-96.503,2023,6,2,Jun,0.4043
ORD-14253,2021-04-15,2021-04-20,CUST-51599,Home Office,Philadelphia,PA,East,Furniture,Conference Tables,1696.32,8,0.0,490.48,212.04,40.108,-75.3032,2021,4,2,Apr,0.2891
ORD-14254,2022-09-11,2022-09-12,CUST-47212,Corporate,Philadelphia,PA,East,Technology,Keyboards,5880.81,17,0.0,1102.7,345.93,39.9753,-75.1562,2022,9,3,Sep,0.1875
ORD-14258,2022-02-23,2022-02-27,CUST-68851,Home Office,Houston,TX,Central,Office Supplies,Folders,285.37,19,0.05,109.58,15.81,29.6794,-95.9209,2022,2,1,Feb,0.384
ORD-14261,2020-01-14,2020-01-16,CUST-37413,Consumer,Memphis,TN,South,Furniture,Standing Desks,8040.56,12,0.15,1273.31,788.29,35.3881,-90.1392,2020,1,1,Jan,0.1584
ORD-14266,2023-01-17,2023-01-24,CUST-28771,Home Office,Charlotte,NC,East,Technology,Tablets,4251.14,4,0.05,712.83,1118.72,35.5259,-81.0536,2023,1,1,Jan,0.1677
ORD-14268,2020-04-30,2020-05-04,CUST-36733,Consumer,Jacksonville,FL,East,Furniture,Wardrobes,301.06,1,0.3,-5.16,430.08,30.2818,-81.7953,2020,4,2,Apr,-0.0171
ORD-14271,2022-08-23,2022-08-27,CUST-72924,Consumer,Nashville,TN,South,Technology,Cameras,18256.98,17,0.0,3134.5,1073.94,36.1174,-86.6325,2022,8,3,Aug,0.1717
ORD-14274,2023-07-09,2023-07-12,CUST-28670,Home Office,Nashville,TN,South,Furniture,Conference Tables,2386.56,16,0.0,714.86,149.16,36.2621,-86.236,2023,7,3,Jul,0.2995
ORD-14278,2023-09-08,2023-09-13,CUST-25850,Corporate,Charlotte,NC,East,Office Supplies,Tape,369.6,8,0.0,141.5,46.2,35.3135,-80.9928,2023,9,3,Sep,0.3828
ORD-14280,2021-03-16,2021-03-18,CUST-13836,Home Office,Miami,FL,South,Technology,Headphones,8935.95,15,0.5,-1986.62,1191.46,25.5945,-80.3336,2021,3,1,Mar,-0.2223
ORD-14283,2023-03-06,2023-03-11,CUST-96146,Home Office,Dallas,TX,Central,Technology,Tablets,6296.86,7,0.2,490.99,1124.44,33.4847,-97.0148,2023,3,1,Mar,0.078
ORD-14288,2023-02-01,2023-02-03,CUST-80800,Home Office,Jacksonville,FL,East,Furniture,Filing Cabinets,2130.51,8,0.05,509.55,280.33,30.3111,-81.5313,2023,2,1,Feb,0.2392
ORD-14290,2022-05-05,2022-05-06,CUST-31176,Corporate,Seattle,WA,West,Office Supplies,Binders,680.62,16,0.3,117.87,60.77,47.9952,-123.0579,2022,5,2,May,0.1732
ORD-14292,2021-11-12,2021-11-15,CUST-68566,Home Office,Nashville,TN,South,Technology,Laptops,7987.77,9,0.0,804.0,887.53,36.0212,-86.4508,2021,11,4,Nov,0.1007
ORD-14297,2022-06-20,2022-06-21,CUST-75234,Consumer,Atlanta,GA,South,Technology,Smartwatches,547.6,6,0.3,-53.82,130.38,32.8477,-84.2186,2022,6,2,Jun,-0.0983
ORD-14299,2023-04-01,2023-04-06,CUST-57750,Consumer,Philadelphia,PA,East,Furniture,Conference Tables,2463.47,17,0.0,769.05,144.91,39.6229,-75.4557,2023,4,2,Apr,0.3122
ORD-14303,2021-01-20,2021-01-22,CUST-77977,Home Office,Memphis,TN,South,Office Supplies,Pens,46.57,2,0.5,-2.26,46.57,35.1832,-90.2379,2021,1,1,Jan,-0.0485
ORD-14304,2023-12-14,2023-12-17,CUST-36475,Home Office,Nashville,TN,South,Office Supplies,Paper Reams,767.04,17,0.0,325.76,45.12,35.3136,-87.0371,2023,12,4,Dec,0.4247
ORD-14307,2023-08-14,2023-08-15,CUST-31365,Corporate,Boston,MA,East,Furniture,Filing Cabinets,8965.53,19,0.0,2184.88,471.87,42.2831,-71.2214,2023,8,3,Aug,0.2437
ORD-14308,2020-11-01,2020-11-07,CUST-22120,Consumer,Las Vegas,NV,West,Office Supplies,Notebooks,1221.59,19,0.15,390.78,75.64,35.6122,-115.1264,2020,11,4,Nov,0.3199
ORD-14312,2022-11-13,2022-11-15,CUST-20832,Home Office,Dallas,TX,Central,Furniture,Sofas,289.89,2,0.2,48.68,181.18,33.337,-96.9445,2022,11,4,Nov,0.1679
ORD-14314,2023-05-31,2023-06-01,CUST-30631,Consumer,Las Vegas,NV,West,Office Supplies,Tape,299.4,5,0.0,124.62,59.88,35.6288,-115.8576,2023,5,2,May,0.4162
ORD-14315,2022-08-13,2022-08-20,CUST-24773,Corporate,Jacksonville,FL,East,Office Supplies,Tape,304.75,5,0.0,134.77,60.95,30.3283,-81.2964,2022,8,3,Aug,0.4422
ORD-14319,2020-03-26,2020-03-27,CUST-42594,Consumer,Austin,TX,South,Technology,Tablets,13157.04,20,0.4,-2219.2,1096.42,30.426,-97.1794,2020,3,1,Mar,-0.1687
ORD-14323,2021-08-24,2021-08-29,CUST-95278,Consumer,Phoenix,AZ,West,Office Supplies,Paper Reams,316.47,7,0.0,133.23,45.21,33.533,-112.0674,2021,8,3,Aug,0.421
ORD-14325,2020-12-26,2020-12-27,CUST-54191,Corporate,Kansas City,MO,Central,Technology,Tablets,832.41,3,0.4,-148.62,462.45,39.5067,-94.7633,2020,12,4,Dec,-0.1785
ORD-14328,2020-11-03,2020-11-08,CUST-55871,Consumer,Charlotte,NC,East,Office Supplies,Sticky Notes,634.03,10,0.05,244.24,66.74,34.7611,-81.1938,2020,11,4,Nov,0.3852
ORD-14329,2023-09-27,2023-10-02,CUST-39997,Consumer,Atlanta,GA,South,Office Supplies,Pens,975.2,20,0.0,460.05,48.76,33.6458,-83.954,2023,9,3,Sep,0.4717
ORD-14331,2022-05-18,2022-05-21,CUST-13544,Consumer,Atlanta,GA,South,Technology,Printers,9425.34,18,0.0,2036.71,523.63,33.1974,-84.1224,2022,5,2,May,0.2161
ORD-14336,2020-10-15,2020-10-19,CUST-74861,Consumer,Chicago,IL,Central,Office Supplies,Staplers,32.58,2,0.05,10.77,17.15,42.0596,-87.6424,2020,10,4,Oct,0.3306
ORD-14338,2020-05-05,2020-05-09,CUST-26578,Home Office,Chicago,IL,Central,Technology,Smartwatches,1924.52,3,0.05,197.93,675.27,41.8993,-86.9911,2020,5,2,May,0.1028
ORD-14341,2021-10-16,2021-10-19,CUST-14244,Corporate,Kansas City,MO,Central,Office Supplies,Notebooks,302.95,6,0.05,116.53,53.15,39.0827,-94.2574,2021,10,4,Oct,0.3847
ORD-14344,2022-01-13,2022-01-17,CUST-91645,Home Office,Los Angeles,CA,West,Technology,Laptops,11115.78,16,0.2,784.03,868.42,34.1129,-118.5675,2022,1,1,Jan,0.0705
ORD-14345,2021-12-13,2021-12-16,CUST-27938,Home Office,Boston,MA,East,Furniture,Wardrobes,1139.67,10,0.3,81.71,162.81,42.6706,-71.3108,2021,12,4,Dec,0.0717
ORD-14347,2020-03-31,2020-04-05,CUST-13492,Consumer,Minneapolis,MN,Central,Furniture,Office Chairs,1287.78,2,0.0,478.06,643.89,44.9525,-93.5363,2020,3,1,Mar,0.3712
ORD-14352,2022-03-27,2022-03-30,CUST-22770,Corporate,New Orleans,LA,South,Technology,Smartphones,2277.09,3,0.0,614.54,759.03,29.864,-89.8421,2022,3,1,Mar,0.2699
ORD-14357,2020-03-03,2020-03-10,CUST-15564,Home Office,Minneapolis,MN,Central,Technology,Tablets,5557.84,4,0.05,919.33,1462.59,44.9621,-93.1219,2020,3,1,Mar,0.1654
ORD-14360,2022-08-04,2022-08-10,CUST-79559,Consumer,Austin,TX,South,Technology,Monitors,3827.52,8,0.1,591.52,531.6,29.6713,-98.0764,2022,8,3,Aug,0.1545
ORD-14365,2020-12-24,2020-12-25,CUST-98652,Corporate,Minneapolis,MN,Central,Furniture,Filing Cabinets,1953.63,7,0.4,51.71,465.15,44.9404,-93.4271,2020,12,4,Dec,0.0265
ORD-14370,2021-06-03,2021-06-07,CUST-62766,Home Office,Minneapolis,MN,Central,Furniture,Standing Desks,439.06,1,0.05,84.33,462.17,44.6561,-93.8765,2021,6,2,Jun,0.1921
ORD-14374,2022-06-13,2022-06-20,CUST-12487,Corporate,Denver,CO,West,Furniture,Standing Desks,2402.8,5,0.0,708.67,480.56,39.5605,-105.27,2022,6,2,Jun,0.2949
ORD-14375,2022-05-21,2022-05-22,CUST-16629,Corporate,New York,NY,East,Furniture,Standing Desks,5126.6,10,0.0,1520.52,512.66,40.8192,-73.382,2022,5,2,May,0.2966
ORD-14376,2021-05-31,2021-06-01,CUST-83783,Consumer,New Orleans,LA,South,Furniture,Lamps,139.36,1,0.4,-13.32,232.27,30.2978,-89.7781,2021,5,2,May,-0.0956
ORD-14381,2023-09-29,2023-10-05,CUST-14967,Consumer,Kansas City,MO,Central,Technology,Keyboards,763.75,3,0.5,-167.23,509.17,39.161,-94.7173,2023,9,3,Sep,-0.219
ORD-14385,2023-05-26,2023-05-31,CUST-99804,Corporate,St. Louis,MO,Central,Office Supplies,Tape,159.2,16,0.5,1.48,19.9,39.0827,-90.0183,2023,5,2,May,0.0093
ORD-14388,2021-08-22,2021-08-23,CUST-16436,Home Office,Baltimore,MD,East,Furniture,Wardrobes,7503.86,14,0.3,641.06,765.7,39.1609,-77.0552,2021,8,3,Aug,0.0854
ORD-14393,2021-04-22,2021-04-29,CUST-88003,Consumer,Austin,TX,South,Office Supplies,Binders,74.95,6,0.4,5.21,20.82,30.632,-98.1982,2021,4,2,Apr,0.0695
ORD-14395,2022-07-02,2022-07-09,CUST-13448,Home Office,Kansas City,MO,Central,Office Supplies,Notebooks,19.85,1,0.2,3.72,24.81,39.1379,-94.8754,2022,7,3,Jul,0.1874
ORD-14398,2023-01-12,2023-01-19,CUST-22462,Corporate,Denver,CO,West,Technology,Cameras,1219.5,6,0.0,219.97,203.25,39.6129,-105.3897,2023,1,1,Jan,0.1804
ORD-14399,2022-11-16,2022-11-21,CUST-20944,Home Office,Philadelphia,PA,East,Furniture,Wardrobes,10720.71,17,0.0,2694.05,630.63,40.161,-75.5522,2022,11,4,Nov,0.2513
ORD-14404,2023-07-05,2023-07-10,CUST-62297,Home Office,Atlanta,GA,South,Office Supplies,Folders,661.5,10,0.0,211.75,66.15,33.561,-84.1704,2023,7,3,Jul,0.3201
ORD-14409,2020-09-03,2020-09-07,CUST-58994,Consumer,Houston,TX,Central,Office Supplies,Staplers,188.92,12,0.3,28.37,22.49,29.6206,-95.3567,2020,9,3,Sep,0.1502
ORD-14411,2020-02-22,2020-02-25,CUST-34761,Consumer,Atlanta,GA,South,Office Supplies,Staplers,729.0,18,0.0,227.97,40.5,33.8984,-84.275,2020,2,1,Feb,0.3127
ORD-14414,2022-04-05,2022-04-06,CUST-31672,Home Office,New Orleans,LA,South,Technology,Printers,2106.78,3,0.5,-422.34,1404.52,30.2518,-90.4082,2022,4,2,Apr,-0.2005
ORD-14416,2022-03-14,2022-03-19,CUST-25455,Corporate,New Orleans,LA,South,Office Supplies,Staplers,112.06,16,0.15,37.7,8.24,29.9963,-90.171,2022,3,1,Mar,0.3364
ORD-14419,2021-12-27,2021-12-31,CUST-98367,Consumer,Chicago,IL,Central,Office Supplies,Scissors,33.05,2,0.3,5.26,23.61,41.8178,-87.2839,2021,12,4,Dec,0.1592
ORD-14421,2020-08-07,2020-08-14,CUST-48384,Corporate,Seattle,WA,West,Office Supplies,Scissors,652.8,15,0.2,121.53,54.4,47.3812,-122.0191,2020,8,3,Aug,0.1862
ORD-14424,2022-02-09,2022-02-13,CUST-69383,Home Office,Charlotte,NC,East,Furniture,Sofas,4210.56,18,0.0,1137.79,233.92,35.5002,-80.3302,2022,2,1,Feb,0.2702
ORD-14429,2020-11-09,2020-11-14,CUST-41871,Consumer,Dallas,TX,Central,Technology,Headphones,1853.17,11,0.15,148.09,198.2,32.9844,-97.1461,2020,11,4,Nov,0.0799
ORD-14434,2020-01-01,2020-01-06,CUST-75773,Consumer,Nashville,TN,South,Office Supplies,Folders,379.09,19,0.2,105.29,24.94,36.2298,-86.6381,2020,1,1,Jan,0.2777
ORD-14439,2021-06-13,2021-06-17,CUST-18932,Consumer,Phoenix,AZ,West,Technology,Mice,2155.52,16,0.5,-457.57,269.44,32.9517,-111.919,2021,6,2,Jun,-0.2123
ORD-14442,2021-09-06,2021-09-07,CUST-96662,Consumer,Atlanta,GA,South,Office Supplies,Notebooks,480.13,7,0.05,123.31,72.2,33.6548,-84.1076,2021,9,3,Sep,0.2568
ORD-14443,2021-04-21,2021-04-23,CUST-43359,Consumer,San Francisco,CA,West,Office Supplies,Scissors,465.58,16,0.05,172.08,30.63,38.3545,-122.1125,2021,4,2,Apr,0.3696
ORD-14447,2021-11-11,2021-11-18,CUST-28958,Corporate,Kansas City,MO,Central,Office Supplies,Notebooks,69.04,1,0.1,19.84,76.71,39.1082,-94.5942,2021,11,4,Nov,0.2874
ORD-14451,2021-10-13,2021-10-19,CUST-62699,Corporate,Chicago,IL,Central,Office Supplies,Notebooks,25.52,2,0.5,-2.02,25.52,41.5679,-87.8182,2021,10,4,Oct,-0.0792
ORD-14452,2020-05-13,2020-05-20,CUST-81657,Home Office,Baltimore,MD,East,Office Supplies,Tape,462.77,17,0.4,-10.09,45.37,39.3042,-76.6847,2020,5,2,May,-0.0218
ORD-14454,2020-07-17,2020-07-20,CUST-52788,Consumer,Baltimore,MD,East,Furniture,Rugs,1045.65,3,0.0,226.23,348.55,39.4113,-76.3952,2020,7,3,Jul,0.2164
ORD-14458,2023-01-23,2023-01-27,CUST-91073,Corporate,Denver,CO,West,Office Supplies,Scissors,736.4,20,0.5,8.36,73.64,39.6428,-104.8026,2023,1,1,Jan,0.0114
ORD-14459,2021-10-01,2021-10-07,CUST-26268,Home Office,Nashville,TN,South,Office Supplies,Scissors,235.26,3,0.0,102.11,78.42,36.2622,-87.0274,2021,10,4,Oct,0.434
ORD-14462,2023-11-08,2023-11-15,CUST-24862,Consumer,Las Vegas,NV,West,Office Supplies,Staplers,1194.56,16,0.0,494.34,74.66,36.5286,-115.319,2023,11,4,Nov,0.4138
ORD-14466,2020-05-06,2020-05-08,CUST-51207,Home Office,Baltimore,MD,East,Technology,Mice,15766.96,20,0.05,4491.96,829.84,39.1323,-76.6003,2020,5,2,May,0.2849
ORD-14467,2022-11-20,2022-11-25,CUST-13247,Consumer,Denver,CO,West,Office Supplies,Staplers,300.78,9,0.0,110.2,33.42,39.807,-105.5027,2022,11,4,Nov,0.3664
ORD-14472,2021-05-27,2021-05-29,CUST-90398,Home Office,Dallas,TX,Central,Furniture,Rugs,575.6,2,0.1,110.92,319.78,32.4524,-96.7594,2021,5,2,May,0.1927
ORD-14475,2021-10-31,2021-11-07,CUST-65520,Consumer,Austin,TX,South,Furniture,Standing Desks,517.23,14,0.1,139.51,41.05,30.4638,-98.4515,2021,10,4,Oct,0.2697
ORD-14477,2020-02-29,2020-03-05,CUST-76377,Home Office,Minneapolis,MN,Central,Furniture,Conference Tables,3812.73,15,0.05,1380.6,267.56,45.0686,-93.5029,2020,2,1,Feb,0.3621
ORD-14481,2021-06-12,2021-06-19,CUST-54106,Corporate,Baltimore,MD,East,Technology,Monitors,17160.39,13,0.0,3910.1,1320.03,39.3429,-76.8101,2021,6,2,Jun,0.2279
ORD-14483,2021-11-15,2021-11-20,CUST-34476,Home Office,Chicago,IL,Central,Technology,Mice,8850.88,20,0.2,618.64,553.18,41.6678,-87.7713,2021,11,4,Nov,0.0699
ORD-14488,2022-07-14,2022-07-18,CUST-18825,Consumer,Philadelphia,PA,East,Technology,Printers,14364.73,16,0.15,943.56,1056.23,39.5202,-75.1162,2022,7,3,Jul,0.0657
ORD-14493,2021-07-29,2021-08-04,CUST-77773,Consumer,Atlanta,GA,South,Technology,Smartphones,661.82,4,0.1,112.02,183.84,33.9045,-84.144,2021,7,3,Jul,0.1693
ORD-14495,2020-08-09,2020-08-13,CUST-35674,Consumer,Atlanta,GA,South,Technology,Cameras,9103.93,19,0.4,-762.75,798.59,33.5902,-84.1381,2020,8,3,Aug,-0.0838
ORD-14498,2022-06-28,2022-07-05,CUST-31510,Corporate,Philadelphia,PA,East,Office Supplies,Envelopes,12.1,1,0.2,2.08,15.12,39.6798,-75.4493,2022,6,2,Jun,0.1719
ORD-14500,2020-04-19,2020-04-21,CUST-66371,Consumer,Atlanta,GA,South,Technology,Smartphones,5986.35,17,0.15,921.91,414.28,34.0328,-84.2438,2020,4,2,Apr,0.154
ORD-14505,2020-04-08,2020-04-12,CUST-32915,Home Office,St. Louis,MO,Central,Office Supplies,Scissors,286.09,18,0.1,106.88,17.66,38.3662,-90.0954,2020,4,2,Apr,0.3736
ORD-14506,2021-04-21,2021-04-26,CUST-14120,Home Office,Dallas,TX,Central,Technology,Cameras,13108.0,11,0.1,1753.08,1324.04,33.0341,-96.8346,2021,4,2,Apr,0.1337
ORD-14507,2023-08-28,2023-09-01,CUST-28342,Corporate,Nashville,TN,South,Furniture,Conference Tables,7697.8,11,0.0,2161.18,699.8,36.3323,-86.5171,2023,8,3,Aug,0.2808
ORD-14511,2023-01-05,2023-01-10,CUST-67460,Corporate,San Francisco,CA,West,Office Supplies,Tape,1058.72,16,0.0,388.11,66.17,37.7517,-122.7375,2023,1,1,Jan,0.3666
ORD-14516,2023-08-06,2023-08-12,CUST-59742,Home Office,Miami,FL,South,Technology,Printers,2734.06,6,0.4,-614.9,759.46,25.8301,-80.0073,2023,8,3,Aug,-0.2249
ORD-14518,2020-01-26,2020-02-01,CUST-15466,Home Office,Los Angeles,CA,West,Furniture,Conference Tables,9821.23,18,0.2,1503.66,682.03,33.4651,-118.3453,2020,1,1,Jan,0.1531
ORD-14523,2022-03-02,2022-03-07,CUST-40072,Consumer,Houston,TX,Central,Office Supplies,Paper Reams,484.06,8,0.1,101.21,67.23,30.1709,-95.6958,2022,3,1,Mar,0.2091
ORD-14528,2023-12-04,2023-12-11,CUST-47565,Consumer,Dallas,TX,Central,Furniture,Office Chairs,1625.88,4,0.3,199.61,580.67,33.0638,-97.0702,2023,12,4,Dec,0.1228
ORD-14533,2021-06-04,2021-06-07,CUST-57399,Corporate,Baltimore,MD,East,Furniture,Bookshelves,4094.54,12,0.05,832.67,359.17,39.3951,-76.8633,2021,6,2,Jun,0.2034
ORD-14535,2022-07-11,2022-07-17,CUST-94364,Consumer,Baltimore,MD,East,Office Supplies,Envelopes,823.45,18,0.15,234.79,53.82,39.1452,-77.1443,2022,7,3,Jul,0.2851
ORD-14540,2022-11-15,2022-11-21,CUST-65782,Home Office,Philadelphia,PA,East,Office Supplies,Tape,293.81,9,0.5,-32.77,65.29,40.018,-75.3285,2022,11,4,Nov,-0.1115
ORD-14542,2021-10-06,2021-10-10,CUST-43265,Corporate,Las Vegas,NV,West,Office Supplies,Pens,170.91,19,0.3,22.62,12.85,36.3788,-114.788,2021,10,4,Oct,0.1324
ORD-14547,2023-05-10,2023-05-15,CUST-95026,Home Office,Miami,FL,South,Technology,Smartphones,13340.35,13,0.05,2219.47,1080.19,25.6678,-80.04,2023,5,2,May,0.1664
ORD-14551,2021-04-27,2021-04-29,CUST-13943,Home Office,Phoenix,AZ,West,Furniture,Bookshelves,1667.02,19,0.4,-146.44,146.23,33.5169,-111.9044,2021,4,2,Apr,-0.0878
ORD-14553,2022-11-24,2022-12-01,CUST-29097,Consumer,Miami,FL,South,Office Supplies,Paper Reams,755.5,17,0.05,297.68,46.78,25.189,-80.4184,2022,11,4,Nov,0.394
ORD-14557,2021-04-16,2021-04-18,CUST-25022,Consumer,New York,NY,East,Technology,Laptops,58.88,1,0.2,0.95,73.6,40.74,-73.8658,2021,4,2,Apr,0.0161
ORD-14559,2023-02-17,2023-02-24,CUST-58846,Home Office,New York,NY,East,Office Supplies,Envelopes,663.55,16,0.1,261.99,46.08,40.5615,-74.1593,2023,2,1,Feb,0.3948
ORD-14564,2021-04-26,2021-05-01,CUST-76890,Home Office,Atlanta,GA,South,Furniture,Office Chairs,5304.0,10,0.0,1896.09,530.4,33.839,-84.0097,2021,4,2,Apr,0.3575
ORD-14565,2023-08-06,2023-08-08,CUST-14570,Home Office,Baltimore,MD,East,Furniture,Standing Desks,2050.79,7,0.15,398.75,344.67,38.9429,-77.0099,2023,8,3,Aug,0.1944
ORD-14569,2022-04-07,2022-04-09,CUST-67348,Corporate,Philadelphia,PA,East,Office Supplies,Pens,37.88,1,0.5,-2.94,75.76,40.1486,-74.8034,2022,4,2,Apr,-0.0776
ORD-14572,2022-06-05,2022-06-11,CUST-49202,Corporate,Boston,MA,East,Technology,Laptops,6885.01,13,0.2,1049.74,662.02,42.6129,-70.7111,2022,6,2,Jun,0.1525
ORD-14575,2020-01-04,2020-01-11,CUST-91082,Corporate,Jacksonville,FL,East,Technology,Monitors,6265.5,15,0.5,-1309.49,835.4,29.9831,-81.395,2020,1,1,Jan,-0.209
ORD-14580,2022-01-22,2022-01-29,CUST-28458,Consumer,Atlanta,GA,South,Office Supplies,Envelopes,747.14,18,0.1,254.69,46.12,33.7822,-84.2738,2022,1,1,Jan,0.3409
ORD-14585,2023-06-27,2023-07-01,CUST-66813,Home Office,New Orleans,LA,South,Office Supplies,Envelopes,35.11,6,0.05,13.21,6.16,30.3351,-89.6815,2023,6,2,Jun,0.3762
ORD-14586,2020-05-28,2020-05-31,CUST-84625,Home Office,Baltimore,MD,East,Office Supplies,Tape,12.98,1,0.3,2.43,18.55,39.5437,-76.4558,2020,5,2,May,0.1872
ORD-14590,2020-09-16,2020-09-17,CUST-92714,Consumer,Austin,TX,South,Technology,Smartwatches,618.17,3,0.15,47.56,242.42,30.497,-98.1583,2020,9,3,Sep,0.0769
ORD-14591,2023-02-07,2023-02-14,CUST-70422,Consumer,Denver,CO,West,Technology,Printers,1153.53,1,0.0,314.56,1153.53,39.3816,-104.8943,2023,2,1,Feb,0.2727
ORD-14594,2022-08-01,2022-08-05,CUST-60475,Consumer,Houston,TX,Central,Office Supplies,Sticky Notes,641.55,15,0.3,75.54,61.1,29.926,-95.3802,2022,8,3,Aug,0.1177
ORD-14598,2023-08-13,2023-08-18,CUST-44900,Home Office,Los Angeles,CA,West,Technology,Cameras,2282.4,5,0.0,320.13,456.48,34.1762,-118.4134,2023,8,3,Aug,0.1403
ORD-14601,2021-11-15,2021-11-20,CUST-44917,Corporate,San Francisco,CA,West,Technology,Smartwatches,2700.94,19,0.1,497.13,157.95,37.7704,-122.3014,2021,11,4,Nov,0.1841
ORD-14603,2021-08-24,2021-08-27,CUST-10378,Home Office,Los Angeles,CA,West,Office Supplies,Sticky Notes,361.25,16,0.4,11.6,37.63,33.8732,-118.3776,2021,8,3,Aug,0.0321
ORD-14606,2023-12-25,2023-12-30,CUST-63740,Consumer,San Francisco,CA,West,Furniture,Lamps,64.91,1,0.05,19.66,68.33,38.2732,-122.6616,2023,12,4,Dec,0.3029
ORD-14609,2020-10-05,2020-10-08,CUST-46699,Consumer,Chicago,IL,Central,Furniture,Bookshelves,3339.12,16,0.5,-154.13,417.39,41.1991,-88.0083,2020,10,4,Oct,-0.0462
ORD-14610,2023-08-28,2023-09-04,CUST-27858,Home Office,New York,NY,East,Technology,Headphones,5087.41,17,0.05,671.85,315.01,40.3042,-74.4851,2023,8,3,Aug,0.1321
ORD-14611,2020-01-13,2020-01-17,CUST-25226,Corporate,Atlanta,GA,South,Furniture,Rugs,901.8,3,0.0,289.16,300.6,33.6858,-84.2762,2020,1,1,Jan,0.3206
ORD-14614,2020-08-11,2020-08-18,CUST-39807,Corporate,Chicago,IL,Central,Office Supplies,Staplers,183.18,3,0.0,79.6,61.06,41.9297,-87.4527,2020,8,3,Aug,0.4345
ORD-14615,2020-03-30,2020-03-31,CUST-73421,Consumer,Atlanta,GA,South,Office Supplies,Staplers,428.1,15,0.0,169.75,28.54,33.3939,-84.0727,2020,3,1,Mar,0.3965
ORD-14620,2023-03-21,2023-03-28,CUST-78406,Home Office,St. Louis,MO,Central,Office Supplies,Notebooks,269.8,10,0.0,99.97,26.98,38.3493,-90.2534,2023,3,1,Mar,0.3705
ORD-14621,2021-03-12,2021-03-19,CUST-64187,Home Office,Austin,TX,South,Office Supplies,Folders,254.11,14,0.3,29.06,25.93,30.1448,-97.6368,2021,3,1,Mar,0.1144
ORD-14622,2022-08-29,2022-08-31,CUST-43792,Consumer,Charlotte,NC,East,Office Supplies,Folders,726.3,10,0.0,303.17,72.63,34.9607,-80.9863,2022,8,3,Aug,0.4174
ORD-14624,2023-09-21,2023-09-26,CUST-57178,Home Office,Chicago,IL,Central,Technology,Keyboards,4347.49,13,0.1,842.18,371.58,41.9989,-87.0275,2023,9,3,Sep,0.1937
ORD-14625,2020-11-06,2020-11-10,CUST-66264,Corporate,Nashville,TN,South,Office Supplies,Paper Reams,1066.65,17,0.2,318.94,78.43,36.5133,-87.1964,2020,11,4,Nov,0.299
ORD-14627,2021-05-29,2021-06-01,CUST-60151,Consumer,Miami,FL,South,Office Supplies,Folders,1186.97,18,0.15,377.69,77.58,25.7541,-80.3553,2021,5,2,May,0.3182
ORD-14631,2021-11-08,2021-11-11,CUST-57199,Consumer,Minneapolis,MN,Central,Technology,Cameras,1392.0,2,0.0,317.93,696.0,45.2636,-93.1198,2021,11,4,Nov,0.2284
ORD-14632,2022-01-15,2022-01-19,CUST-80889,Consumer,New Orleans,LA,South,Furniture,Conference Tables,512.19,6,0.5,-73.72,170.73,30.1727,-90.2613,2022,1,1,Jan,-0.1439
ORD-14633,2023-07-12,2023-07-18,CUST-20922,Corporate,Houston,TX,Central,Technology,Laptops,10539.3,10,0.05,2011.26,1109.4,29.669,-95.4357,2023,7,3,Jul,0.1908
ORD-14637,2023-05-15,2023-05-21,CUST-17075,Consumer,Baltimore,MD,East,Office Supplies,Scissors,40.47,1,0.3,8.03,57.81,38.9779,-76.0264,2023,5,2,May,0.1984
ORD-14639,2023-06-25,2023-06-28,CUST-10085,Corporate,San Francisco,CA,West,Office Supplies,Pens,200.8,8,0.0,62.04,25.1,37.5907,-122.3089,2023,6,2,Jun,0.309
ORD-14640,2021-10-04,2021-10-11,CUST-20346,Corporate,Jacksonville,FL,East,Technology,Tablets,8635.88,19,0.2,770.46,568.15,30.2999,-81.6672,2021,10,4,Oct,0.0892
ORD-14644,2021-01-09,2021-01-12,CUST-47030,Home Office,Chicago,IL,Central,Furniture,Filing Cabinets,9841.24,19,0.0,3154.39,517.96,41.7807,-87.232,2021,1,1,Jan,0.3205
ORD-14647,2021-01-26,2021-02-02,CUST-94399,Home Office,Baltimore,MD,East,Technology,Headphones,1805.9,5,0.5,-249.27,722.36,39.5518,-76.8998,2021,1,1,Jan,-0.138
ORD-14649,2020-01-20,2020-01-24,CUST-85887,Consumer,Philadelphia,PA,East,Office Supplies,Notebooks,777.4,10,0.0,307.87,77.74,39.8599,-75.4617,2020,1,1,Jan,0.396
ORD-14650,2020-03-05,2020-03-07,CUST-19438,Consumer,New York,NY,East,Furniture,Conference Tables,6311.47,14,0.1,1502.18,500.91,40.5487,-73.8134,2020,3,1,Mar,0.238
ORD-14652,2023-09-01,2023-09-04,CUST-58994,Consumer,St. Louis,MO,Central,Office Supplies,Notebooks,780.47,20,0.15,176.77,45.91,39.1457,-90.4689,2023,9,3,Sep,0.2265
ORD-14653,2020-05-24,2020-05-25,CUST-62138,Corporate,Dallas,TX,Central,Technology,Keyboards,1281.92,2,0.0,296.08,640.96,33.0176,-96.9712,2020,5,2,May,0.231
ORD-14657,2022-03-03,2022-03-09,CUST-75661,Home Office,New Orleans,LA,South,Technology,Smartphones,10578.92,15,0.05,2355.12,742.38,29.5812,-89.6344,2022,3,1,Mar,0.2226
ORD-14659,2021-03-22,2021-03-28,CUST-12688,Home Office,St. Louis,MO,Central,Office Supplies,Staplers,289.05,7,0.15,81.14,48.58,38.4511,-90.2898,2021,3,1,Mar,0.2807
ORD-14660,2020-11-17,2020-11-20,CUST-74648,Corporate,Baltimore,MD,East,Furniture,Lamps,1690.92,11,0.0,575.67,153.72,39.1147,-76.8348,2020,11,4,Nov,0.3404
ORD-14662,2022-03-12,2022-03-14,CUST-96703,Consumer,Denver,CO,West,Furniture,Sofas,4436.7,10,0.0,1281.87,443.67,39.3869,-104.4338,2022,3,1,Mar,0.2889
ORD-14663,2020-07-14,2020-07-15,CUST-56683,Corporate,San Francisco,CA,West,Technology,Printers,895.18,1,0.2,28.36,1118.98,38.0195,-122.3572,2020,7,3,Jul,0.0317
ORD-14667,2022-04-27,2022-05-02,CUST-61456,Home Office,Los Angeles,CA,West,Office Supplies,Folders,654.39,9,0.0,229.54,72.71,34.0482,-118.0048,2022,4,2,Apr,0.3508
ORD-14672,2021-07-30,2021-08-05,CUST-81176,Consumer,Miami,FL,South,Technology,Smartwatches,7912.58,11,0.5,-1498.75,1438.65,26.1279,-79.8835,2021,7,3,Jul,-0.1894
ORD-14674,2020-12-16,2020-12-21,CUST-64929,Consumer,Nashville,TN,South,Office Supplies,Staplers,625.25,19,0.05,253.82,34.64,36.0321,-87.104,2020,12,4,Dec,0.4059
ORD-14679,2022-01-27,2022-01-30,CUST-26525,Corporate,Los Angeles,CA,West,Office Supplies,Staplers,1338.75,17,0.0,494.43,78.75,34.1089,-118.0763,2022,1,1,Jan,0.3693
ORD-14680,2020-11-27,2020-11-29,CUST-94808,Corporate,Baltimore,MD,East,Technology,Smartphones,1059.66,18,0.0,118.07,58.87,39.2876,-76.5626,2020,11,4,Nov,0.1114
ORD-14681,2022-12-05,2022-12-10,CUST-24688,Consumer,Los Angeles,CA,West,Furniture,Rugs,7149.06,16,0.2,901.66,558.52,34.4374,-118.1135,2022,12,4,Dec,0.1261
ORD-14685,2023-01-31,2023-02-05,CUST-31951,Corporate,Miami,FL,South,Office Supplies,Sticky Notes,100.11,3,0.3,22.58,47.67,25.7052,-79.9088,2023,1,1,Jan,0.2256
ORD-14687,2023-12-22,2023-12-23,CUST-18803,Consumer,Baltimore,MD,East,Office Supplies,Folders,343.31,11,0.5,28.07,62.42,39.6835,-76.9376,2023,12,4,Dec,0.0818
ORD-14688,2022-09-09,2022-09-11,CUST-77359,Home Office,New Orleans,LA,South,Technology,Cameras,7656.12,17,0.0,1587.24,450.36,29.8465,-89.9232,2022,9,3,Sep,0.2073
ORD-14690,2020-01-03,2020-01-04,CUST-96833,Consumer,San Francisco,CA,West,Office Supplies,Tape,257.93,6,0.05,101.71,45.25,37.5183,-122.3996,2020,1,1,Jan,0.3943
ORD-14691,2021-07-24,2021-07-28,CUST-18655,Corporate,Los Angeles,CA,West,Furniture,Desks,3202.09,9,0.4,-387.44,592.98,34.4826,-118.3937,2021,7,3,Jul,-0.121
ORD-14692,2021-02-05,2021-02-11,CUST-93105,Home Office,Nashville,TN,South,Office Supplies,Envelopes,60.11,1,0.0,24.21,60.11,36.0771,-86.4362,2021,2,1,Feb,0.4028
ORD-14694,2020-09-25,2020-09-27,CUST-58880,Consumer,Los Angeles,CA,West,Furniture,Bookshelves,10273.05,15,0.0,1624.42,684.87,34.045,-118.2717,2020,9,3,Sep,0.1581
ORD-14697,2022-05-05,2022-05-08,CUST-87970,Consumer,Los Angeles,CA,West,Technology,Cameras,1280.76,2,0.0,252.72,640.38,34.5679,-118.5062,2022,5,2,May,0.1973
ORD-14699,2022-03-25,2022-03-30,CUST-88409,Corporate,Denver,CO,West,Furniture,Lamps,810.68,4,0.0,274.49,202.67,39.8469,-104.6015,2022,3,1,Mar,0.3386
ORD-14701,2021-09-03,2021-09-07,CUST-25641,Corporate,Baltimore,MD,East,Office Supplies,Notebooks,583.8,20,0.4,27.23,48.65,39.0701,-76.2812,2021,9,3,Sep,0.0466
ORD-14702,2020-05-16,2020-05-21,CUST-65023,Corporate,Boston,MA,East,Technology,Cameras,7635.14,13,0.05,1536.69,618.23,41.8965,-71.2218,2020,5,2,May,0.2013
ORD-14706,2022-04-11,2022-04-16,CUST-15318,Corporate,Atlanta,GA,South,Office Supplies,Pens,746.21,12,0.2,193.51,77.73,34.0013,-84.5938,2022,4,2,Apr,0.2593
ORD-14709,2020-06-21,2020-06-26,CUST-43388,Consumer,Miami,FL,South,Office Supplies,Scissors,81.0,17,0.5,-11.8,9.53,25.927,-80.5561,2020,6,2,Jun,-0.1457
ORD-14712,2022-03-12,2022-03-14,CUST-11118,Corporate,St. Louis,MO,Central,Technology,Headphones,7414.08,10,0.2,-302.99,926.76,37.7803,-89.9558,2022,3,1,Mar,-0.0409
ORD-14713,2022-07-18,2022-07-20,CUST-48734,Consumer,St. Louis,MO,Central,Office Supplies,Scissors,187.7,5,0.0,76.29,37.54,38.5623,-89.7833,2022,7,3,Jul,0.4064
ORD-14714,2020-10-08,2020-10-15,CUST-99021,Home Office,Seattle,WA,West,Technology,Mice,15556.42,11,0.0,3918.14,1414.22,48.0949,-122.7478,2020,10,4,Oct,0.2519
ORD-14717,2023-11-08,2023-11-13,CUST-21093,Home Office,Charlotte,NC,East,Office Supplies,Tape,61.03,4,0.05,21.87,16.06,34.745,-80.9088,2023,11,4,Nov,0.3583
ORD-14721,2021-11-24,2021-12-01,CUST-34465,Home Office,Nashville,TN,South,Technology,Monitors,9624.02,8,0.1,1227.73,1336.67,36.358,-86.7663,2021,11,4,Nov,0.1276
ORD-14722,2021-04-28,2021-04-30,CUST-20313,Home Office,St. Louis,MO,Central,Technology,Keyboards,3253.41,8,0.05,687.02,428.08,38.841,-89.5535,2021,4,2,Apr,0.2112
ORD-14725,2020-02-27,2020-03-01,CUST-75454,Corporate,St. Louis,MO,Central,Office Supplies,Tape,268.11,9,0.5,-4.23,59.58,38.3477,-90.1262,2020,2,1,Feb,-0.0158
ORD-14730,2021-07-03,2021-07-09,CUST-71890,Home Office,Minneapolis,MN,Central,Furniture,Wardrobes,2875.87,11,0.15,402.29,307.58,45.4246,-93.355,2021,7,3,Jul,0.1399
ORD-14733,2022-02-21,2022-02-28,CUST-47427,Home Office,Minneapolis,MN,Central,Furniture,Wardrobes,2182.74,3,0.0,593.1,727.58,44.8386,-93.0545,2022,2,1,Feb,0.2717
ORD-14735,2021-11-11,2021-11-18,CUST-62310,Home Office,Chicago,IL,Central,Office Supplies,Pens,196.69,20,0.15,53.52,11.57,41.6575,-87.1504,2021,11,4,Nov,0.2721
ORD-14738,2022-03-24,2022-03-27,CUST-27918,Corporate,Seattle,WA,West,Furniture,Wardrobes,7215.18,15,0.3,124.04,687.16,47.6207,-122.1343,2022,3,1,Mar,0.0172
ORD-14743,2021-06-28,2021-06-30,CUST-86483,Consumer,Seattle,WA,West,Office Supplies,Envelopes,104.72,13,0.1,24.97,8.95,47.7541,-122.6465,2021,6,2,Jun,0.2384
ORD-14748,2021-09-08,2021-09-15,CUST-64086,Consumer,San Francisco,CA,West,Technology,Mice,10278.65,11,0.3,217.28,1334.89,37.4812,-122.2122,2021,9,3,Sep,0.0211
ORD-14751,2023-10-26,2023-10-27,CUST-31890,Consumer,Las Vegas,NV,West,Furniture,Filing Cabinets,335.05,1,0.4,11.82,558.42,36.4284,-115.0646,2023,10,4,Oct,0.0353
ORD-14754,2023-01-29,2023-02-02,CUST-96237,Home Office,Los Angeles,CA,West,Technology,Keyboards,3928.5,3,0.05,661.7,1378.42,33.8771,-117.7987,2023,1,1,Jan,0.1684
ORD-14755,2022-08-01,2022-08-04,CUST-75171,Home Office,St. Louis,MO,Central,Technology,Mice,11466.09,9,0.0,2121.52,1274.01,38.3189,-90.0004,2022,8,3,Aug,0.185
ORD-14759,2022-12-19,2022-12-23,CUST-69371,Home Office,Las Vegas,NV,West,Technology,Laptops,10157.84,11,0.3,-607.51,1319.2,35.885,-115.5731,2022,12,4,Dec,-0.0598
ORD-14760,2021-10-25,2021-10-29,CUST-92483,Home Office,Phoenix,AZ,West,Furniture,Standing Desks,228.34,7,0.0,62.99,32.62,33.4252,-111.9971,2021,10,4,Oct,0.2759
ORD-14762,2020-02-20,2020-02-23,CUST-73418,Consumer,Dallas,TX,Central,Furniture,Rugs,5905.68,11,0.0,2052.61,536.88,32.9381,-96.8573,2020,2,1,Feb,0.3476
ORD-14767,2021-01-16,2021-01-19,CUST-49468,Corporate,Las Vegas,NV,West,Technology,Smartphones,15160.8,15,0.0,3185.14,1010.72,36.323,-114.7582,2021,1,1,Jan,0.2101
ORD-14769,2022-03-26,2022-03-31,CUST-59556,Consumer,Phoenix,AZ,West,Office Supplies,Notebooks,22.89,3,0.0,9.3,7.63,33.3093,-112.3679,2022,3,1,Mar,0.4063
ORD-14771,2022-03-11,2022-03-13,CUST-55084,Home Office,Houston,TX,Central,Office Supplies,Staplers,41.63,1,0.3,3.65,59.47,29.9599,-95.1966,2022,3,1,Mar,0.0877
ORD-14773,2023-09-12,2023-09-18,CUST-90733,Corporate,Las Vegas,NV,West,Furniture,Wardrobes,706.78,7,0.3,62.81,144.24,36.1314,-114.7179,2023,9,3,Sep,0.0889
ORD-14776,2020-01-03,2020-01-06,CUST-39556,Consumer,Phoenix,AZ,West,Office Supplies,Envelopes,765.17,12,0.05,256.94,67.12,33.7366,-112.0816,2020,1,1,Jan,0.3358
ORD-14777,2022-11-04,2022-11-07,CUST-77036,Consumer,San Francisco,CA,West,Furniture,Standing Desks,140.78,2,0.3,4.16,100.56,37.9478,-122.2971,2022,11,4,Nov,0.0295
ORD-14781,2022-11-01,2022-11-08,CUST-26342,Consumer,Denver,CO,West,Office Supplies,Tape,47.34,6,0.0,19.78,7.89,39.7644,-104.9914,2022,11,4,Nov,0.4178
ORD-14785,2023-02-07,2023-02-09,CUST-97322,Home Office,Denver,CO,West,Technology,Keyboards,18589.86,18,0.0,6309.74,1032.77,40.0953,-104.7632,2023,2,1,Feb,0.3394
ORD-14787,2022-04-04,2022-04-08,CUST-30023,Corporate,Memphis,TN,South,Furniture,Rugs,4059.09,7,0.05,1078.05,610.39,35.4521,-89.8946,2022,4,2,Apr,0.2656
ORD-14789,2023-07-23,2023-07-24,CUST-97163,Consumer,San Francisco,CA,West,Office Supplies,Folders,309.6,20,0.5,0.41,30.96,37.6789,-122.4443,2023,7,3,Jul,0.0013
ORD-14792,2020-04-27,2020-05-01,CUST-95994,Corporate,San Francisco,CA,West,Office Supplies,Sticky Notes,453.04,6,0.05,91.28,79.48,37.8332,-122.5665,2020,4,2,Apr,0.2015
ORD-14795,2020-05-16,2020-05-23,CUST-23702,Consumer,Baltimore,MD,East,Technology,Headphones,2298.18,4,0.3,137.05,820.78,39.2958,-76.9667,2020,5,2,May,0.0596
ORD-14797,2023-02-18,2023-02-21,CUST-60510,Consumer,Los Angeles,CA,West,Furniture,Conference Tables,1117.8,4,0.0,332.55,279.45,33.7362,-118.098,2023,2,1,Feb,0.2975
ORD-14801,2021-08-10,2021-08-16,CUST-18291,Home Office,Denver,CO,West,Office Supplies,Pens,447.64,13,0.15,131.85,40.51,40.0274,-105.2173,2021,8,3,Aug,0.2945
ORD-14804,2022-01-10,2022-01-13,CUST-21334,Consumer,St. Louis,MO,Central,Furniture,Lamps,5809.05,9,0.0,1752.59,645.45,38.2205,-89.9896,2022,1,1,Jan,0.3017
ORD-14809,2023-03-05,2023-03-12,CUST-59279,Consumer,Memphis,TN,South,Furniture,Desks,2630.65,11,0.0,857.44,239.15,35.2987,-90.0495,2023,3,1,Mar,0.3259
ORD-14812,2022-10-14,2022-10-17,CUST-32115,Home Office,Phoenix,AZ,West,Furniture,Lamps,3891.84,6,0.0,1248.26,648.64,33.9313,-112.1555,2022,10,4,Oct,0.3207
ORD-14813,2023-06-29,2023-07-06,CUST-36448,Consumer,Miami,FL,South,Office Supplies,Pens,169.06,16,0.1,55.27,11.74,25.4442,-80.4505,2023,6,2,Jun,0.3269
ORD-14817,2022-08-05,2022-08-10,CUST-38261,Corporate,Las Vegas,NV,West,Furniture,Wardrobes,3905.75,19,0.4,-59.01,342.61,36.5012,-115.2169,2022,8,3,Aug,-0.0151
ORD-14818,2021-04-18,2021-04-19,CUST-70343,Corporate,Philadelphia,PA,East,Furniture,Lamps,2763.84,20,0.2,354.34,172.74,39.8279,-75.3204,2021,4,2,Apr,0.1282
ORD-14823,2023-06-27,2023-07-01,CUST-50470,Home Office,St. Louis,MO,Central,Office Supplies,Folders,903.05,18,0.05,338.42,52.81,38.1808,-89.8157,2023,6,2,Jun,0.3748
ORD-14826,2022-02-21,2022-02-24,CUST-33814,Home Office,Los Angeles,CA,West,Office Supplies,Notebooks,277.05,10,0.5,-9.22,55.41,34.2666,-118.621,2022,2,1,Feb,-0.0333
ORD-14829,2020-09-04,2020-09-09,CUST-47065,Consumer,Los Angeles,CA,West,Technology,Laptops,1344.86,3,0.2,125.67,560.36,34.2516,-118.1247,2020,9,3,Sep,0.0934
ORD-14834,2020-04-12,2020-04-13,CUST-97212,Home Office,Nashville,TN,South,Furniture,Office Chairs,2079.76,5,0.1,354.14,462.17,36.2449,-87.1349,2020,4,2,Apr,0.1703
ORD-14838,2022-07-06,2022-07-11,CUST-55555,Home Office,Austin,TX,South,Furniture,Sofas,10136.17,15,0.05,2507.3,711.31,30.5788,-97.501,2022,7,3,Jul,0.2474
ORD-14839,2020-03-08,2020-03-09,CUST-87183,Corporate,Memphis,TN,South,Technology,Printers,5375.59,14,0.05,971.69,404.18,34.8576,-89.8563,2020,3,1,Mar,0.1808
ORD-14841,2021-01-16,2021-01-20,CUST-84620,Home Office,Nashville,TN,South,Office Supplies,Scissors,604.48,15,0.15,169.84,47.41,35.4739,-86.5452,2021,1,1,Jan,0.281
ORD-14843,2023-11-23,2023-11-26,CUST-79339,Consumer,Miami,FL,South,Furniture,Filing Cabinets,686.47,19,0.0,205.11,36.13,26.1307,-80.5186,2023,11,4,Nov,0.2988
ORD-14848,2021-09-05,2021-09-07,CUST-84700,Corporate,Denver,CO,West,Furniture,Filing Cabinets,754.26,3,0.5,-195.23,502.84,39.8237,-104.8925,2021,9,3,Sep,-0.2588
ORD-14850,2022-04-27,2022-05-03,CUST-50290,Corporate,Kansas City,MO,Central,Furniture,Conference Tables,9812.0,14,0.1,1329.2,778.73,38.8065,-93.7534,2022,4,2,Apr,0.1355
ORD-14853,2022-03-21,2022-03-26,CUST-85801,Consumer,Chicago,IL,Central,Furniture,Wardrobes,10976.4,20,0.1,2247.08,609.8,42.0693,-87.8452,2022,3,1,Mar,0.2047
ORD-14855,2022-04-19,2022-04-22,CUST-29150,Corporate,Nashville,TN,South,Technology,Smartwatches,487.47,1,0.4,-99.69,812.45,36.1189,-86.8597,2022,4,2,Apr,-0.2045
ORD-14860,2022-05-10,2022-05-12,CUST-94219,Home Office,Los Angeles,CA,West,Office Supplies,Sticky Notes,213.9,20,0.5,-4.28,21.39,34.0156,-118.1607,2022,5,2,May,-0.02
ORD-14861,2020-01-17,2020-01-24,CUST-72774,Consumer,Chicago,IL,Central,Technology,Tablets,9257.33,19,0.3,-254.63,696.04,41.4708,-87.5041,2020,1,1,Jan,-0.0275
ORD-14862,2021-08-10,2021-08-16,CUST-42038,Consumer,Houston,TX,Central,Office Supplies,Sticky Notes,684.88,14,0.0,207.2,48.92,29.1449,-95.1482,2021,8,3,Aug,0.3025
ORD-14867,2022-06-05,2022-06-12,CUST-17157,Home Office,New York,NY,East,Furniture,Sofas,753.82,10,0.05,215.1,79.35,40.6928,-74.4286,2022,6,2,Jun,0.2853
ORD-14870,2020-10-06,2020-10-13,CUST-79306,Consumer,Philadelphia,PA,East,Office Supplies,Sticky Notes,96.0,4,0.2,19.64,30.0,39.8712,-75.6388,2020,10,4,Oct,0.2046
ORD-14875,2023-07-10,2023-07-16,CUST-89886,Corporate,Miami,FL,South,Furniture,Wardrobes,7322.24,16,0.0,1926.1,457.64,25.9657,-79.7618,2023,7,3,Jul,0.263
ORD-14877,2021-09-03,2021-09-05,CUST-81046,Home Office,Los Angeles,CA,West,Furniture,Conference Tables,3018.06,9,0.0,842.12,335.34,34.2769,-118.8142,2021,9,3,Sep,0.279
ORD-14879,2021-01-25,2021-02-01,CUST-50635,Consumer,Chicago,IL,Central,Technology,Printers,3703.78,14,0.05,788.8,278.48,41.6088,-87.5578,2021,1,1,Jan,0.213
ORD-14883,2021-03-01,2021-03-07,CUST-76117,Corporate,Nashville,TN,South,Technology,Printers,154.28,4,0.5,-29.68,77.14,36.5661,-87.0423,2021,3,1,Mar,-0.1924
ORD-14885,2023-08-26,2023-08-29,CUST-95697,Home Office,New Orleans,LA,South,Technology,Laptops,4375.85,5,0.0,1100.0,875.17,29.8661,-90.1175,2023,8,3,Aug,0.2514
ORD-14886,2021-08-08,2021-08-09,CUST-30337,Corporate,Jacksonville,FL,East,Office Supplies,Tape,352.66,15,0.15,95.5,27.66,30.0763,-81.6542,2021,8,3,Aug,0.2708
ORD-14890,2020-11-27,2020-12-04,CUST-54141,Consumer,Phoenix,AZ,West,Furniture,Office Chairs,4425.3,18,0.0,1313.73,245.85,33.5224,-112.0446,2020,11,4,Nov,0.2969
ORD-14891,2020-11-09,2020-11-14,CUST-38249,Home Office,San Francisco,CA,West,Technology,Tablets,254.04,8,0.5,-35.59,63.51,38.0471,-122.7352,2020,11,4,Nov,-0.1401
ORD-14895,2021-02-08,2021-02-11,CUST-57867,Consumer,Los Angeles,CA,West,Technology,Laptops,8167.6,14,0.2,844.85,729.25,33.6941,-118.0636,2021,2,1,Feb,0.1034
ORD-14897,2023-06-02,2023-06-07,CUST-46437,Corporate,Baltimore,MD,East,Furniture,Bookshelves,3272.4,12,0.0,1083.12,272.7,38.7166,-76.5821,2023,6,2,Jun,0.331
ORD-14898,2021-04-17,2021-04-23,CUST-38414,Consumer,Dallas,TX,Central,Technology,Smartphones,15457.84,19,0.05,2420.31,856.39,32.5524,-96.3947,2021,4,2,Apr,0.1566
ORD-14899,2023-01-11,2023-01-14,CUST-69535,Consumer,St. Louis,MO,Central,Technology,Laptops,2231.25,15,0.0,417.95,148.75,38.3881,-90.1773,2023,1,1,Jan,0.1873
ORD-14904,2020-04-16,2020-04-19,CUST-70629,Corporate,San Francisco,CA,West,Office Supplies,Staplers,64.84,2,0.1,22.97,36.02,37.7275,-122.0701,2020,4,2,Apr,0.3543
ORD-14907,2021-06-17,2021-06-21,CUST-16559,Corporate,Baltimore,MD,East,Office Supplies,Tape,300.72,4,0.0,128.27,75.18,38.6365,-76.7688,2021,6,2,Jun,0.4265
ORD-14912,2023-01-04,2023-01-11,CUST-18400,Consumer,Nashville,TN,South,Office Supplies,Folders,665.17,15,0.15,167.56,52.17,36.3138,-87.5674,2023,1,1,Jan,0.2519
ORD-14917,2023-04-12,2023-04-19,CUST-29324,Consumer,San Francisco,CA,West,Furniture,Wardrobes,6077.12,11,0.1,2111.5,613.85,37.9293,-122.3753,2023,4,2,Apr,0.3475
ORD-14918,2023-03-20,2023-03-27,CUST-79588,Corporate,Denver,CO,West,Technology,Monitors,3605.76,3,0.0,1006.29,1201.92,40.4431,-104.7188,2023,3,1,Mar,0.2791
ORD-14922,2021-12-10,2021-12-16,CUST-16485,Home Office,New Orleans,LA,South,Technology,Monitors,11755.8,18,0.0,3143.98,653.1,29.9892,-90.1125,2021,12,4,Dec,0.2674
ORD-14925,2021-04-06,2021-04-11,CUST-33357,Home Office,Nashville,TN,South,Office Supplies,Pens,231.57,5,0.1,68.59,51.46,35.9222,-86.9861,2021,4,2,Apr,0.2962
ORD-14927,2020-12-19,2020-12-21,CUST-83080,Consumer,St. Louis,MO,Central,Technology,Headphones,6472.87,5,0.05,728.02,1362.71,38.6072,-90.7054,2020,12,4,Dec,0.1125
ORD-14932,2021-08-15,2021-08-17,CUST-94678,Corporate,Miami,FL,South,Technology,Laptops,962.24,5,0.1,143.9,213.83,25.7591,-80.1459,2021,8,3,Aug,0.1495
ORD-14935,2023-01-10,2023-01-17,CUST-75824,Home Office,Miami,FL,South,Technology,Laptops,2403.94,7,0.0,466.11,343.42,26.6931,-79.782,2023,1,1,Jan,0.1939
ORD-14939,2020-01-25,2020-01-28,CUST-76517,Corporate,New Orleans,LA,South,Office Supplies,Envelopes,521.33,15,0.5,-32.44,69.51,30.0199,-90.2524,2020,1,1,Jan,-0.0622
ORD-14941,2023-10-28,2023-11-01,CUST-30966,Consumer,Chicago,IL,Central,Office Supplies,Sticky Notes,238.34,16,0.2,45.11,18.62,41.448,-87.5203,2023,10,4,Oct,0.1893
ORD-14943,2022-07-15,2022-07-19,CUST-12298,Consumer,Minneapolis,MN,Central,Technology,Printers,4099.28,16,0.5,-877.53,512.41,45.2703,-92.9719,2022,7,3,Jul,-0.2141
ORD-14945,2020-06-20,2020-06-22,CUST-87663,Home Office,Atlanta,GA,South,Furniture,Conference Tables,10673.4,20,0.0,3935.24,533.67,33.4943,-84.2474,2020,6,2,Jun,0.3687
ORD-14949,2021-03-23,2021-03-24,CUST-40486,Corporate,Chicago,IL,Central,Technology,Keyboards,2268.88,5,0.5,-336.65,907.55,41.7077,-87.8815,2021,3,1,Mar,-0.1484
ORD-14953,2022-04-16,2022-04-18,CUST-59411,Home Office,Miami,FL,South,Furniture,Bookshelves,10826.8,20,0.0,4119.34,541.34,25.8382,-79.9992,2022,4,2,Apr,0.3805
ORD-14958,2022-11-19,2022-11-20,CUST-15301,Home Office,Boston,MA,East,Office Supplies,Binders,1013.86,18,0.05,323.32,59.29,41.9942,-71.2308,2022,11,4,Nov,0.3189
ORD-14959,2023-12-13,2023-12-20,CUST-32661,Consumer,Boston,MA,East,Office Supplies,Folders,109.56,6,0.0,43.14,18.26,42.0407,-71.063,2023,12,4,Dec,0.3938
ORD-14963,2023-09-19,2023-09-20,CUST-62620,Home Office,Boston,MA,East,Office Supplies,Binders,329.47,12,0.4,-1.46,45.76,42.024,-70.8587,2023,9,3,Sep,-0.0044
ORD-14965,2022-12-23,2022-12-26,CUST-98305,Consumer,Chicago,IL,Central,Technology,Smartwatches,6938.38,9,0.1,1180.84,856.59,41.7324,-87.9553,2022,12,4,Dec,0.1702
ORD-14968,2022-10-26,2022-10-30,CUST-60818,Home Office,New York,NY,East,Furniture,Bookshelves,3599.46,15,0.4,-256.89,399.94,40.598,-73.8166,2022,10,4,Oct,-0.0714
ORD-14973,2020-08-31,2020-09-05,CUST-28469,Home Office,Nashville,TN,South,Furniture,Sofas,2766.96,14,0.0,958.51,197.64,36.021,-87.126,2020,8,3,Aug,0.3464
ORD-14978,2021-01-09,2021-01-10,CUST-38437,Consumer,Miami,FL,South,Technology,Smartphones,9456.84,10,0.1,1450.61,1050.76,25.5229,-80.3455,2021,1,1,Jan,0.1534
ORD-14983,2023-03-09,2023-03-16,CUST-89876,Home Office,Boston,MA,East,Office Supplies,Tape,123.17,4,0.2,37.72,38.49,42.6081,-71.0126,2023,3,1,Mar,0.3062
ORD-14985,2023-08-27,2023-08-29,CUST-66621,Consumer,Kansas City,MO,Central,Office Supplies,Folders,785.74,17,0.0,264.33,46.22,39.1634,-94.2612,2023,8,3,Aug,0.3364
ORD-14987,2020-01-05,2020-01-06,CUST-81299,Home Office,Austin,TX,South,Technology,Tablets,471.21,1,0.15,38.27,554.36,30.6753,-97.3522,2020,1,1,Jan,0.0812
ORD-14992,2023-07-17,2023-07-18,CUST-10250,Corporate,Miami,FL,South,Technology,Laptops,12790.17,11,0.05,3366.2,1223.94,25.8616,-80.0138,2023,7,3,Jul,0.2632
ORD-14996,2023-06-15,2023-06-17,CUST-31497,Corporate,Kansas City,MO,Central,Office Supplies,Staplers,442.66,19,0.4,66.71,38.83,39.2342,-94.7304,2023,6,2,Jun,0.1507
ORD-14998,2023-02-12,2023-02-14,CUST-73393,Consumer,Austin,TX,South,Technology,Monitors,15078.45,17,0.05,2375.95,933.65,30.3416,-98.1272,2023,2,1,Feb,0.1576
ORD-15002,2023-07-24,2023-07-25,CUST-69621,Corporate,Memphis,TN,South,Technology,Cameras,24730.56,18,0.0,5263.58,1373.92,35.479,-90.7074,2023,7,3,Jul,0.2128
ORD-15004,2020-08-10,2020-08-11,CUST-89793,Corporate,Philadelphia,PA,East,Furniture,Rugs,1542.25,3,0.05,519.31,541.14,40.2867,-75.2979,2020,8,3,Aug,0.3367
ORD-15008,2021-04-03,2021-04-06,CUST-52646,Home Office,Los Angeles,CA,West,Office Supplies,Folders,249.16,6,0.4,26.7,69.21,34.0509,-117.871,2021,4,2,Apr,0.1072
ORD-15010,2020-07-13,2020-07-19,CUST-10822,Corporate,Baltimore,MD,East,Furniture,Lamps,514.45,2,0.5,-26.17,514.45,38.87,-76.4338,2020,7,3,Jul,-0.0509
ORD-15011,2023-06-26,2023-06-28,CUST-56182,Consumer,Jacksonville,FL,East,Furniture,Filing Cabinets,6898.68,15,0.4,-208.9,766.52,30.3548,-81.8685,2023,6,2,Jun,-0.0303
ORD-15015,2023-11-19,2023-11-22,CUST-59397,Home Office,New Orleans,LA,South,Office Supplies,Paper Reams,668.04,12,0.0,325.61,55.67,30.262,-90.2919,2023,11,4,Nov,0.4874
ORD-15018,2020-12-15,2020-12-20,CUST-90837,Corporate,St. Louis,MO,Central,Furniture,Rugs,1168.84,12,0.05,225.9,102.53,38.5143,-90.0696,2020,12,4,Dec,0.1933
ORD-15020,2021-07-12,2021-07-18,CUST-85934,Home Office,Seattle,WA,West,Furniture,Filing Cabinets,465.57,14,0.1,108.02,36.95,47.9859,-122.093,2021,7,3,Jul,0.232
ORD-15025,2023-06-18,2023-06-22,CUST-91098,Consumer,Baltimore,MD,East,Furniture,Lamps,7817.46,14,0.3,848.03,797.7,39.3881,-77.0268,2023,6,2,Jun,0.1085
ORD-15028,2023-02-07,2023-02-14,CUST-99860,Consumer,Austin,TX,South,Technology,Cameras,8556.72,20,0.4,-939.4,713.06,30.588,-97.7555,2023,2,1,Feb,-0.1098
ORD-15030,2021-01-31,2021-02-07,CUST-47876,Home Office,Minneapolis,MN,Central,Furniture,Desks,9550.38,20,0.3,813.26,682.17,44.8844,-93.5789,2021,1,1,Jan,0.0852
ORD-15035,2022-03-27,2022-04-02,CUST-79953,Consumer,New Orleans,LA,South,Office Supplies,Sticky Notes,1364.41,19,0.1,428.2,79.79,30.0427,-90.2667,2022,3,1,Mar,0.3138
ORD-15036,2023-05-23,2023-05-25,CUST-14115,Consumer,Boston,MA,East,Furniture,Conference Tables,11974.8,17,0.0,3451.31,704.4,42.0782,-70.7242,2023,5,2,May,0.2882
ORD-15038,2022-03-23,2022-03-27,CUST-45462,Consumer,Denver,CO,West,Technology,Headphones,5110.02,10,0.4,-586.24,851.67,40.1758,-104.5214,2022,3,1,Mar,-0.1147
ORD-15041,2020-01-02,2020-01-07,CUST-73237,Consumer,Houston,TX,Central,Office Supplies,Notebooks,988.74,18,0.0,391.49,54.93,29.4575,-95.9958,2020,1,1,Jan,0.3959
ORD-15044,2023-06-21,2023-06-26,CUST-64525,Consumer,St. Louis,MO,Central,Office Supplies,Folders,764.26,16,0.4,4.89,79.61,38.2178,-89.7865,2023,6,2,Jun,0.0064
ORD-15045,2020-01-27,2020-01-28,CUST-87617,Corporate,Los Angeles,CA,West,Technology,Headphones,286.91,1,0.2,18.88,358.64,34.1669,-118.9061,2020,1,1,Jan,0.0658
ORD-15050,2022-03-04,2022-03-07,CUST-97158,Corporate,St. Louis,MO,Central,Technology,Laptops,2405.31,4,0.3,-192.18,859.04,38.8961,-90.114,2022,3,1,Mar,-0.0799
ORD-15054,2022-10-26,2022-11-02,CUST-31233,Consumer,Minneapolis,MN,Central,Furniture,Wardrobes,7031.42,16,0.4,-192.38,732.44,45.1495,-92.7793,2022,10,4,Oct,-0.0274
ORD-15057,2023-07-16,2023-07-23,CUST-48748,Consumer,Memphis,TN,South,Technology,Laptops,4456.83,7,0.05,752.97,670.2,35.1708,-89.9922,2023,7,3,Jul,0.1689
ORD-15060,2020-03-29,2020-04-02,CUST-31605,Home Office,Houston,TX,Central,Technology,Smartwatches,5730.3,16,0.2,1029.19,447.68,29.1302,-95.165,2020,3,1,Mar,0.1796
ORD-15064,2020-08-27,2020-08-30,CUST-33364,Consumer,Chicago,IL,Central,Furniture,Bookshelves,3731.77,12,0.15,650.3,365.86,42.02,-87.8472,2020,8,3,Aug,0.1743
ORD-15067,2021-11-10,2021-11-12,CUST-75392,Consumer,San Francisco,CA,West,Technology,Smartwatches,9808.47,7,0.0,2133.85,1401.21,37.9834,-121.4861,2021,11,4,Nov,0.2176
ORD-15068,2021-08-13,2021-08-19,CUST-40377,Home Office,Minneapolis,MN,Central,Furniture,Sofas,2217.38,11,0.0,754.8,201.58,44.7256,-93.3971,2021,8,3,Aug,0.3404
ORD-15069,2020-10-07,2020-10-10,CUST-10435,Consumer,Seattle,WA,West,Technology,Headphones,6086.02,11,0.5,-1233.46,1106.55,47.0713,-122.429,2020,10,4,Oct,-0.2027
ORD-15073,2020-05-19,2020-05-25,CUST-30585,Consumer,Denver,CO,West,Technology,Tablets,4406.08,16,0.3,73.32,393.4,39.3577,-104.6655,2020,5,2,May,0.0166
ORD-15075,2021-05-19,2021-05-24,CUST-33716,Home Office,Nashville,TN,South,Office Supplies,Folders,296.72,12,0.15,90.32,29.09,35.9497,-86.8225,2021,5,2,May,0.3044
ORD-15078,2023-12-30,2024-01-06,CUST-90602,Consumer,Dallas,TX,Central,Office Supplies,Sticky Notes,328.64,11,0.3,78.85,42.68,33.0001,-96.7974,2023,12,4,Dec,0.2399
ORD-15081,2020-04-16,2020-04-21,CUST-45290,Corporate,Baltimore,MD,East,Technology,Laptops,807.45,2,0.3,-25.74,576.75,39.313,-76.7635,2020,4,2,Apr,-0.0319
ORD-15082,2020-10-16,2020-10-19,CUST-70456,Corporate,Miami,FL,South,Furniture,Filing Cabinets,8012.12,15,0.1,919.49,593.49,26.3827,-80.1434,2020,10,4,Oct,0.1148
ORD-15085,2023-03-15,2023-03-19,CUST-40325,Home Office,Boston,MA,East,Office Supplies,Binders,351.61,7,0.0,147.64,50.23,42.3426,-71.2805,2023,3,1,Mar,0.4199
ORD-15087,2021-02-03,2021-02-04,CUST-94450,Consumer,New Orleans,LA,South,Office Supplies,Pens,1034.57,17,0.05,362.83,64.06,29.4702,-89.3869,2021,2,1,Feb,0.3507
ORD-15091,2022-11-02,2022-11-07,CUST-81212,Corporate,Denver,CO,West,Technology,Cameras,7365.12,6,0.0,1165.71,1227.52,39.4304,-105.1121,2022,11,4,Nov,0.1583
ORD-15095,2022-06-09,2022-06-11,CUST-52823,Home Office,Miami,FL,South,Technology,Printers,10317.68,11,0.1,2108.97,1042.19,25.7744,-80.5608,2022,6,2,Jun,0.2044
ORD-15097,2022-11-14,2022-11-15,CUST-48343,Corporate,Seattle,WA,West,Office Supplies,Paper Reams,88.82,4,0.3,19.78,31.72,47.8293,-122.1685,2022,11,4,Nov,0.2227
ORD-15100,2022-09-08,2022-09-12,CUST-39423,Home Office,Minneapolis,MN,Central,Furniture,Desks,6320.86,13,0.0,2122.46,486.22,45.6983,-92.6145,2022,9,3,Sep,0.3358
ORD-15101,2023-03-24,2023-03-27,CUST-89900,Home Office,Denver,CO,West,Technology,Smartwatches,10632.31,13,0.15,698.16,962.2,40.2272,-104.865,2023,3,1,Mar,0.0657
ORD-15104,2022-12-26,2022-12-31,CUST-31459,Consumer,Jacksonville,FL,East,Technology,Smartphones,9292.31,18,0.05,1904.5,543.41,29.8223,-81.7011,2022,12,4,Dec,0.205
ORD-15107,2022-04-18,2022-04-24,CUST-77449,Home Office,Jacksonville,FL,East,Technology,Cameras,6408.86,17,0.2,124.07,471.24,30.5784,-81.3287,2022,4,2,Apr,0.0194
ORD-15110,2022-07-26,2022-07-31,CUST-93245,Home Office,Kansas City,MO,Central,Office Supplies,Envelopes,594.38,12,0.3,33.45,70.76,39.0934,-94.2434,2022,7,3,Jul,0.0563
ORD-15114,2020-08-15,2020-08-22,CUST-80623,Home Office,Kansas City,MO,Central,Technology,Cameras,1182.28,19,0.5,-223.85,124.45,39.3187,-94.4747,2020,8,3,Aug,-0.1893
ORD-15117,2021-01-19,2021-01-25,CUST-86100,Home Office,Philadelphia,PA,East,Furniture,Rugs,7558.6,20,0.0,2396.7,377.93,39.8686,-75.525,2021,1,1,Jan,0.3171
ORD-15118,2021-02-26,2021-03-02,CUST-20878,Corporate,Houston,TX,Central,Furniture,Desks,1469.76,16,0.4,-111.81,153.1,29.9728,-95.3642,2021,2,1,Feb,-0.0761
ORD-15123,2022-12-17,2022-12-22,CUST-42212,Consumer,Las Vegas,NV,West,Technology,Laptops,12544.18,11,0.0,2672.84,1140.38,36.0428,-115.2316,2022,12,4,Dec,0.2131
ORD-15125,2023-03-26,2023-03-27,CUST-23810,Corporate,New Orleans,LA,South,Technology,Printers,559.97,1,0.5,-71.48,1119.94,29.8494,-90.4723,2023,3,1,Mar,-0.1276
ORD-15128,2021-10-08,2021-10-10,CUST-21721,Corporate,Austin,TX,South,Office Supplies,Pens,836.02,18,0.05,332.05,48.89,30.2085,-97.7306,2021,10,4,Oct,0.3972
ORD-15129,2022-08-09,2022-08-15,CUST-25930,Consumer,St. Louis,MO,Central,Office Supplies,Folders,15.71,1,0.2,5.03,19.64,38.6238,-90.1132,2022,8,3,Aug,0.3202
ORD-15132,2020-01-22,2020-01-24,CUST-55817,Consumer,Charlotte,NC,East,Technology,Smartwatches,4179.42,18,0.0,673.11,232.19,35.1641,-80.6571,2020,1,1,Jan,0.1611
ORD-15133,2023-03-21,2023-03-22,CUST-15598,Consumer,Philadelphia,PA,East,Office Supplies,Scissors,128.32,17,0.4,0.29,12.58,40.0103,-75.1298,2023,3,1,Mar,0.0023
ORD-15137,2021-03-10,2021-03-16,CUST-36953,Corporate,Houston,TX,Central,Technology,Tablets,3145.95,15,0.4,-308.1,349.55,30.0711,-95.2697,2021,3,1,Mar,-0.0979
ORD-15140,2021-03-20,2021-03-26,CUST-41718,Consumer,Austin,TX,South,Technology,Headphones,8994.6,12,0.05,2283.76,789.0,29.9719,-97.6992,2021,3,1,Mar,0.2539
ORD-15141,2021-10-20,2021-10-27,CUST-95283,Home Office,Jacksonville,FL,East,Technology,Keyboards,2407.3,14,0.05,443.48,181.0,30.0092,-81.3631,2021,10,4,Oct,0.1842
ORD-15144,2022-09-25,2022-09-30,CUST-42256,Home Office,Minneapolis,MN,Central,Furniture,Filing Cabinets,3063.31,6,0.2,784.92,638.19,44.9749,-93.1185,2022,9,3,Sep,0.2562
ORD-15146,2020-10-01,2020-10-08,CUST-81395,Home Office,Memphis,TN,South,Office Supplies,Pens,316.71,17,0.0,128.02,18.63,34.9359,-90.5962,2020,10,4,Oct,0.4042
ORD-15147,2021-12-03,2021-12-05,CUST-99516,Consumer,Memphis,TN,South,Furniture,Standing Desks,839.7,10,0.1,155.1,93.3,34.7324,-89.5388,2021,12,4,Dec,0.1847
ORD-15151,2023-11-27,2023-12-01,CUST-44812,Home Office,Atlanta,GA,South,Technology,Smartphones,9604.78,11,0.1,1289.39,970.18,33.6462,-84.1233,2023,11,4,Nov,0.1342
ORD-15153,2023-10-02,2023-10-07,CUST-73780,Consumer,Boston,MA,East,Technology,Laptops,838.67,18,0.1,70.37,51.77,42.1299,-71.0396,2023,10,4,Oct,0.0839
ORD-15155,2020-07-28,2020-07-31,CUST-87591,Home Office,Miami,FL,South,Furniture,Bookshelves,1705.63,9,0.5,-82.83,379.03,25.9205,-80.1155,2020,7,3,Jul,-0.0486
ORD-15156,2023-03-23,2023-03-30,CUST-84667,Corporate,Dallas,TX,Central,Technology,Smartwatches,656.66,2,0.5,-115.63,656.66,32.9001,-96.7395,2023,3,1,Mar,-0.1761
ORD-15157,2023-06-10,2023-06-15,CUST-41081,Corporate,San Francisco,CA,West,Office Supplies,Folders,785.14,15,0.15,179.41,61.58,37.7838,-122.7421,2023,6,2,Jun,0.2285
ORD-15162,2022-10-02,2022-10-03,CUST-83393,Consumer,Kansas City,MO,Central,Office Supplies,Tape,637.68,15,0.2,155.63,53.14,38.9558,-93.8182,2022,10,4,Oct,0.2441
ORD-15167,2020-03-12,2020-03-14,CUST-74673,Home Office,New York,NY,East,Furniture,Sofas,4848.0,10,0.0,1444.73,484.8,40.2887,-74.0503,2020,3,1,Mar,0.298
ORD-15171,2022-01-05,2022-01-10,CUST-11825,Home Office,Phoenix,AZ,West,Furniture,Lamps,1092.73,8,0.3,93.94,195.13,33.952,-112.2468,2022,1,1,Jan,0.086
ORD-15172,2020-01-26,2020-01-31,CUST-34417,Home Office,Chicago,IL,Central,Technology,Laptops,4531.26,4,0.2,-86.64,1416.02,42.0951,-88.0642,2020,1,1,Jan,-0.0191
ORD-15173,2020-12-07,2020-12-08,CUST-90112,Corporate,Denver,CO,West,Technology,Keyboards,1268.31,9,0.05,200.64,148.34,39.6627,-105.0009,2020,12,4,Dec,0.1582
ORD-15178,2022-08-03,2022-08-05,CUST-45666,Corporate,Jacksonville,FL,East,Office Supplies,Sticky Notes,4.54,1,0.3,0.88,6.48,30.1249,-81.7321,2022,8,3,Aug,0.1938
ORD-15183,2022-01-30,2022-02-06,CUST-50575,Corporate,Charlotte,NC,East,Technology,Tablets,7102.31,8,0.3,-147.11,1268.27,35.2749,-80.8107,2022,1,1,Jan,-0.0207
ORD-15186,2023-01-19,2023-01-23,CUST-85279,Corporate,Jacksonville,FL,East,Technology,Tablets,721.36,1,0.2,59.01,901.7,30.5832,-81.5322,2023,1,1,Jan,0.0818
ORD-15188,2020-06-09,2020-06-13,CUST-64947,Corporate,Miami,FL,South,Technology,Tablets,11404.75,10,0.05,2311.51,1200.5,25.2953,-80.1749,2020,6,2,Jun,0.2027
ORD-15189,2020-03-13,2020-03-15,CUST-72244,Consumer,New York,NY,East,Office Supplies,Envelopes,537.41,10,0.05,206.35,56.57,40.9287,-74.2177,2020,3,1,Mar,0.384
ORD-15194,2023-11-23,2023-11-29,CUST-53938,Corporate,Philadelphia,PA,East,Office Supplies,Scissors,380.58,6,0.0,139.69,63.43,39.7778,-74.9991,2023,11,4,Nov,0.367
ORD-15198,2023-03-15,2023-03-18,CUST-72363,Consumer,Denver,CO,West,Furniture,Bookshelves,2669.47,7,0.15,618.5,448.65,39.6178,-104.7076,2023,3,1,Mar,0.2317
ORD-15200,2021-05-13,2021-05-15,CUST-90653,Corporate,Chicago,IL,Central,Technology,Smartphones,11051.12,11,0.3,-152.79,1435.21,41.8127,-87.7134,2021,5,2,May,-0.0138
ORD-15201,2022-07-13,2022-07-15,CUST-76757,Home Office,Atlanta,GA,South,Technology,Laptops,556.83,6,0.5,-79.44,185.61,33.8477,-83.7073,2022,7,3,Jul,-0.1427
ORD-15205,2020-10-18,2020-10-20,CUST-24663,Corporate,Atlanta,GA,South,Office Supplies,Scissors,103.39,4,0.1,28.68,28.72,33.9054,-84.5488,2020,10,4,Oct,0.2774
ORD-15207,2020-05-20,2020-05-24,CUST-49522,Home Office,Atlanta,GA,South,Office Supplies,Staplers,35.53,1,0.0,12.67,35.53,33.7467,-84.3488,2020,5,2,May,0.3566
ORD-15210,2020-07-09,2020-07-15,CUST-20784,Consumer,Dallas,TX,Central,Technology,Keyboards,470.14,13,0.5,-16.03,72.33,32.7248,-97.1391,2020,7,3,Jul,-0.0341
ORD-15211,2021-07-10,2021-07-13,CUST-37294,Home Office,Las Vegas,NV,West,Office Supplies,Pens,138.9,15,0.5,1.9,18.52,35.5476,-115.1676,2021,7,3,Jul,0.0137
ORD-15216,2020-07-12,2020-07-14,CUST-13159,Corporate,Denver,CO,West,Office Supplies,Sticky Notes,179.64,5,0.1,57.63,39.92,39.9784,-104.6879,2020,7,3,Jul,0.3208
ORD-15219,2023-01-11,2023-01-14,CUST-80388,Home Office,Seattle,WA,West,Furniture,Conference Tables,524.76,4,0.0,144.22,131.19,47.5648,-122.5598,2023,1,1,Jan,0.2748
ORD-15223,2023-12-10,2023-12-13,CUST-77331,Corporate,Philadelphia,PA,East,Furniture,Rugs,8536.44,20,0.4,-652.21,711.37,40.043,-75.5421,2023,12,4,Dec,-0.0764
ORD-15225,2020-04-30,2020-05-01,CUST-67451,Corporate,Miami,FL,South,Technology,Headphones,8282.4,17,0.4,-999.95,812.0,25.4714,-80.0251,2020,4,2,Apr,-0.1207
ORD-15226,2022-10-01,2022-10-04,CUST-62909,Consumer,Charlotte,NC,East,Technology,Smartwatches,25544.8,20,0.0,7920.71,1277.24,34.8395,-81.3959,2022,10,4,Oct,0.3101
ORD-15231,2021-10-29,2021-10-31,CUST-30672,Consumer,Denver,CO,West,Office Supplies,Staplers,227.52,9,0.0,89.59,25.28,39.7447,-104.9144,2021,10,4,Oct,0.3938
ORD-15233,2021-10-14,2021-10-17,CUST-36122,Corporate,Philadelphia,PA,East,Office Supplies,Folders,80.22,14,0.0,30.3,5.73,39.8898,-75.0497,2021,10,4,Oct,0.3777
ORD-15234,2022-01-05,2022-01-08,CUST-81898,Consumer,Memphis,TN,South,Office Supplies,Staplers,5.15,1,0.0,2.33,5.15,34.5635,-90.1607,2022,1,1,Jan,0.4524
ORD-15235,2021-05-05,2021-05-10,CUST-25901,Corporate,Miami,FL,South,Furniture,Standing Desks,65.18,4,0.5,-5.82,32.59,25.4946,-79.6706,2021,5,2,May,-0.0893
ORD-15237,2023-04-02,2023-04-09,CUST-99851,Consumer,Chicago,IL,Central,Furniture,Office Chairs,1737.9,3,0.05,396.64,609.79,41.8376,-87.4832,2023,4,2,Apr,0.2282
ORD-15238,2022-12-25,2023-01-01,CUST-81011,Home Office,Miami,FL,South,Furniture,Wardrobes,9117.11,19,0.2,1006.85,599.81,25.216,-80.3186,2022,12,4,Dec,0.1104
ORD-15243,2022-05-20,2022-05-24,CUST-77508,Home Office,Houston,TX,Central,Office Supplies,Notebooks,30.29,9,0.5,1.56,6.73,29.6589,-95.6239,2022,5,2,May,0.0515
ORD-15246,2020-08-31,2020-09-01,CUST-22119,Corporate,St. Louis,MO,Central,Technology,Monitors,11455.84,8,0.0,3050.5,1431.98,38.5308,-90.353,2020,8,3,Aug,0.2663
ORD-15249,2020-10-16,2020-10-23,CUST-97127,Home Office,St. Louis,MO,Central,Furniture,Conference Tables,4836.86,19,0.05,1293.73,267.97,38.8612,-89.4855,2020,10,4,Oct,0.2675
ORD-15254,2021-05-04,2021-05-07,CUST-88280,Corporate,New York,NY,East,Furniture,Filing Cabinets,2616.53,14,0.5,-153.43,373.79,41.058,-74.1618,2021,5,2,May,-0.0586
ORD-15255,2022-06-03,2022-06-07,CUST-28255,Corporate,Houston,TX,Central,Office Supplies,Binders,208.31,5,0.1,55.97,46.29,29.7787,-95.3378,2022,6,2,Jun,0.2687
ORD-15257,2023-08-29,2023-08-31,CUST-61259,Consumer,Jacksonville,FL,East,Office Supplies,Staplers,453.39,17,0.0,156.91,26.67,30.2774,-81.5302,2023,8,3,Aug,0.3461
ORD-15259,2020-05-23,2020-05-27,CUST-63947,Home Office,Los Angeles,CA,West,Office Supplies,Sticky Notes,306.54,9,0.15,91.35,40.07,34.2013,-118.1527,2020,5,2,May,0.298
ORD-15261,2020-02-05,2020-02-06,CUST-82307,Corporate,Dallas,TX,Central,Technology,Keyboards,1058.58,10,0.4,-132.69,176.43,32.6258,-97.1597,2020,2,1,Feb,-0.1253
ORD-15264,2022-05-07,2022-05-08,CUST-97236,Home Office,Chicago,IL,Central,Office Supplies,Notebooks,185.7,6,0.0,90.85,30.95,41.854,-87.7175,2022,5,2,May,0.4892
ORD-15266,2023-05-17,2023-05-19,CUST-83604,Corporate,Atlanta,GA,South,Technology,Laptops,1042.4,8,0.0,180.92,130.3,34.6307,-84.712,2023,5,2,May,0.1736
ORD-15267,2020-03-01,2020-03-02,CUST-55986,Consumer,Phoenix,AZ,West,Technology,Headphones,1635.5,6,0.2,63.06,340.73,33.5748,-111.8899,2020,3,1,Mar,0.0386
ORD-15270,2022-02-05,2022-02-06,CUST-60047,Home Office,Philadelphia,PA,East,Technology,Printers,16075.73,16,0.1,3020.58,1116.37,40.4923,-75.0082,2022,2,1,Feb,0.1879
ORD-15271,2022-06-19,2022-06-23,CUST-91531,Consumer,Boston,MA,East,Office Supplies,Staplers,535.12,8,0.0,185.79,66.89,42.2829,-70.9677,2022,6,2,Jun,0.3472
ORD-15273,2022-10-19,2022-10-25,CUST-55838,Corporate,Boston,MA,East,Technology,Laptops,9121.52,7,0.1,2220.28,1447.86,41.9407,-70.6992,2022,10,4,Oct,0.2434
ORD-15275,2020-12-12,2020-12-14,CUST-61673,Home Office,Atlanta,GA,South,Furniture,Standing Desks,4674.52,11,0.3,322.52,607.08,34.0013,-84.4206,2020,12,4,Dec,0.069
ORD-15277,2023-12-11,2023-12-18,CUST-46183,Corporate,Atlanta,GA,South,Office Supplies,Scissors,828.62,13,0.0,296.55,63.74,33.9753,-84.1937,2023,12,4,Dec,0.3579
ORD-15279,2022-06-24,2022-06-29,CUST-85783,Home Office,Charlotte,NC,East,Furniture,Standing Desks,2303.64,9,0.0,803.06,255.96,35.226,-81.0199,2022,6,2,Jun,0.3486
ORD-15281,2020-03-15,2020-03-19,CUST-26456,Consumer,Jacksonville,FL,East,Technology,Keyboards,4388.76,4,0.1,272.37,1219.1,30.5758,-81.5228,2020,3,1,Mar,0.0621
ORD-15283,2020-04-19,2020-04-22,CUST-21387,Corporate,Seattle,WA,West,Furniture,Filing Cabinets,8547.0,14,0.0,2151.37,610.5,47.4484,-122.47,2020,4,2,Apr,0.2517
ORD-15286,2021-12-30,2022-01-01,CUST-47100,Home Office,St. Louis,MO,Central,Furniture,Sofas,6095.52,12,0.2,401.39,634.95,38.3847,-90.5401,2021,12,4,Dec,0.0659
ORD-15288,2021-02-04,2021-02-09,CUST-50202,Corporate,New York,NY,East,Technology,Smartwatches,2396.88,18,0.2,94.38,166.45,40.4884,-74.4981,2021,2,1,Feb,0.0394
ORD-15293,2022-10-21,2022-10-28,CUST-65020,Corporate,Seattle,WA,West,Office Supplies,Envelopes,682.69,17,0.1,287.5,44.62,47.9858,-122.5637,2022,10,4,Oct,0.4211
ORD-15296,2021-12-12,2021-12-19,CUST-50763,Consumer,Baltimore,MD,East,Furniture,Sofas,3178.32,4,0.0,996.79,794.58,39.4152,-76.2527,2021,12,4,Dec,0.3136
ORD-15300,2021-01-16,2021-01-18,CUST-10549,Consumer,Las Vegas,NV,West,Office Supplies,Binders,16.99,1,0.4,0.66,28.32,36.4976,-115.3044,2021,1,1,Jan,0.0388
ORD-15302,2023-08-07,2023-08-14,CUST-23767,Home Office,Denver,CO,West,Technology,Smartphones,10341.44,17,0.0,1584.38,608.32,39.9572,-104.5928,2023,8,3,Aug,0.1532
ORD-15306,2020-04-11,2020-04-12,CUST-25306,Home Office,New Orleans,LA,South,Office Supplies,Envelopes,16.17,3,0.1,7.27,5.99,29.5901,-89.8603,2020,4,2,Apr,0.4496
ORD-15310,2020-07-21,2020-07-26,CUST-30393,Home Office,Los Angeles,CA,West,Office Supplies,Tape,126.3,15,0.0,47.93,8.42,34.285,-118.6811,2020,7,3,Jul,0.3795
ORD-15315,2022-11-05,2022-11-08,CUST-53077,Consumer,St. Louis,MO,Central,Office Supplies,Envelopes,219.41,4,0.3,21.25,78.36,38.3972,-90.1763,2022,11,4,Nov,0.0969
ORD-15319,2021-02-25,2021-03-01,CUST-31819,Consumer,Chicago,IL,Central,Office Supplies,Notebooks,637.56,11,0.0,234.59,57.96,42.0477,-87.3419,2021,2,1,Feb,0.3679
ORD-15323,2020-10-08,2020-10-15,CUST-23865,Corporate,New Orleans,LA,South,Office Supplies,Pens,330.0,15,0.0,141.89,22.0,30.4356,-89.9453,2020,10,4,Oct,0.43
ORD-15327,2023-06-14,2023-06-18,CUST-42940,Consumer,Atlanta,GA,South,Office Supplies,Folders,124.2,5,0.5,-7.56,49.68,34.159,-84.5715,2023,6,2,Jun,-0.0609
ORD-15328,2022-09-20,2022-09-23,CUST-33863,Consumer,Austin,TX,South,Technology,Cameras,867.68,8,0.0,230.39,108.46,30.7421,-97.603,2022,9,3,Sep,0.2655
ORD-15330,2021-12-21,2021-12-25,CUST-27688,Corporate,Kansas City,MO,Central,Technology,Cameras,1463.29,17,0.1,95.39,95.64,38.8245,-94.1832,2021,12,4,Dec,0.0652
ORD-15335,2022-03-11,2022-03-16,CUST-56191,Consumer,Denver,CO,West,Technology,Tablets,1911.28,2,0.2,98.51,1194.55,39.7639,-104.7524,2022,3,1,Mar,0.0515
ORD-15337,2022-03-07,2022-03-14,CUST-85768,Consumer,Nashville,TN,South,Furniture,Lamps,4567.65,15,0.0,1529.32,304.51,36.2536,-86.8426,2022,3,1,Mar,0.3348
ORD-15338,2021-10-21,2021-10-22,CUST-10578,Consumer,St. Louis,MO,Central,Office Supplies,Staplers,213.63,4,0.2,47.93,66.76,38.8874,-90.0339,2021,10,4,Oct,0.2244
ORD-15339,2020-04-05,2020-04-12,CUST-91265,Corporate,Atlanta,GA,South,Technology,Monitors,18765.01,17,0.05,3136.29,1161.92,34.0746,-84.4287,2020,4,2,Apr,0.1671
ORD-15344,2021-08-22,2021-08-27,CUST-19777,Home Office,Phoenix,AZ,West,Technology,Printers,886.97,3,0.2,15.45,369.57,33.2223,-112.3636,2021,8,3,Aug,0.0174
ORD-15348,2020-07-25,2020-07-28,CUST-48115,Consumer,Boston,MA,East,Technology,Laptops,1074.11,3,0.4,-122.04,596.73,42.7301,-71.3015,2020,7,3,Jul,-0.1136
ORD-15349,2023-06-12,2023-06-19,CUST-25530,Home Office,Memphis,TN,South,Technology,Monitors,3622.0,11,0.15,396.33,387.38,34.953,-90.1281,2023,6,2,Jun,0.1094
ORD-15351,2022-10-01,2022-10-06,CUST-82326,Consumer,Minneapolis,MN,Central,Furniture,Sofas,9160.38,19,0.3,-142.0,688.75,44.9138,-93.3281,2022,10,4,Oct,-0.0155
ORD-15353,2023-01-23,2023-01-30,CUST-40698,Consumer,Houston,TX,Central,Office Supplies,Notebooks,89.13,3,0.0,38.06,29.71,29.827,-95.7295,2023,1,1,Jan,0.427
ORD-15357,2021-11-30,2021-12-03,CUST-31073,Consumer,Kansas City,MO,Central,Furniture,Rugs,3094.38,9,0.5,-141.69,687.64,39.1631,-94.5205,2021,11,4,Nov,-0.0458
ORD-15361,2021-08-28,2021-09-04,CUST-70630,Consumer,Las Vegas,NV,West,Furniture,Office Chairs,5385.33,10,0.1,1182.3,598.37,36.0147,-115.0747,2021,8,3,Aug,0.2195
ORD-15364,2022-06-23,2022-06-24,CUST-60367,Consumer,Miami,FL,South,Technology,Keyboards,718.0,1,0.0,175.03,718.0,25.2459,-80.3516,2022,6,2,Jun,0.2438
ORD-15369,2021-04-15,2021-04-19,CUST-12090,Home Office,St. Louis,MO,Central,Furniture,Rugs,769.01,2,0.05,190.14,404.74,38.7069,-89.842,2021,4,2,Apr,0.2473
ORD-15374,2022-10-27,2022-11-03,CUST-32643,Corporate,Denver,CO,West,Furniture,Desks,6019.42,11,0.0,1573.55,547.22,39.5906,-105.1338,2022,10,4,Oct,0.2614
ORD-15378,2020-10-29,2020-11-02,CUST-66178,Corporate,Houston,TX,Central,Furniture,Rugs,2822.86,6,0.3,56.24,672.11,29.6558,-95.1388,2020,10,4,Oct,0.0199
ORD-15381,2022-02-11,2022-02-17,CUST-37295,Home Office,Dallas,TX,Central,Technology,Headphones,1719.22,7,0.05,218.87,258.53,32.9083,-97.3106,2022,2,1,Feb,0.1273
ORD-15386,2023-05-21,2023-05-23,CUST-16831,Corporate,Austin,TX,South,Furniture,Bookshelves,1774.04,7,0.3,56.65,362.05,30.1712,-97.2375,2023,5,2,May,0.0319
ORD-15389,2022-11-24,2022-11-29,CUST-40843,Corporate,Memphis,TN,South,Office Supplies,Pens,102.99,13,0.15,27.42,9.32,34.4896,-90.6497,2022,11,4,Nov,0.2662
ORD-15392,2022-12-10,2022-12-17,CUST-88142,Home Office,Chicago,IL,Central,Furniture,Office Chairs,7903.6,20,0.0,2384.53,395.18,42.0341,-87.5374,2022,12,4,Dec,0.3017
ORD-15396,2021-01-27,2021-02-02,CUST-75511,Corporate,Austin,TX,South,Furniture,Office Chairs,409.69,11,0.5,-37.54,74.49,30.6187,-97.9019,2021,1,1,Jan,-0.0916
ORD-15400,2020-06-06,2020-06-11,CUST-37532,Corporate,Houston,TX,Central,Furniture,Bookshelves,631.57,1,0.0,217.73,631.57,29.2704,-95.6415,2020,6,2,Jun,0.3447
ORD-15401,2021-02-26,2021-02-28,CUST-23948,Home Office,Memphis,TN,South,Technology,Headphones,1503.52,2,0.3,-165.92,1073.94,35.0675,-90.0639,2021,2,1,Feb,-0.1104
ORD-15406,2023-05-27,2023-05-28,CUST-81197,Corporate,Baltimore,MD,East,Furniture,Lamps,2505.12,16,0.0,765.83,156.57,39.3086,-76.8883,2023,5,2,May,0.3057
ORD-15411,2022-04-07,2022-04-12,CUST-11030,Home Office,Chicago,IL,Central,Furniture,Sofas,4587.7,18,0.2,598.64,318.59,41.4008,-87.241,2022,4,2,Apr,0.1305
ORD-15412,2021-01-04,2021-01-10,CUST-44883,Consumer,Phoenix,AZ,West,Technology,Tablets,20896.54,14,0.0,4280.0,1492.61,33.3033,-111.5933,2021,1,1,Jan,0.2048
ORD-15414,2020-06-07,2020-06-08,CUST-20536,Corporate,Las Vegas,NV,West,Furniture,Sofas,9780.82,14,0.0,2326.74,698.63,35.8323,-115.4689,2020,6,2,Jun,0.2379
ORD-15416,2023-11-04,2023-11-05,CUST-43266,Corporate,Miami,FL,South,Furniture,Office Chairs,255.75,2,0.3,14.48,182.68,25.8995,-79.9681,2023,11,4,Nov,0.0566
ORD-15417,2022-06-21,2022-06-23,CUST-80769,Consumer,Minneapolis,MN,Central,Office Supplies,Paper Reams,893.99,19,0.4,186.49,78.42,44.3052,-93.0874,2022,6,2,Jun,0.2086
ORD-15420,2021-06-16,2021-06-17,CUST-24250,Corporate,Phoenix,AZ,West,Technology,Mice,4778.71,6,0.4,-610.99,1327.42,33.2741,-112.2559,2021,6,2,Jun,-0.1279
ORD-15422,2022-08-04,2022-08-10,CUST-85050,Consumer,Las Vegas,NV,West,Office Supplies,Paper Reams,273.42,6,0.0,96.94,45.57,36.6754,-114.8873,2022,8,3,Aug,0.3545
ORD-15426,2020-04-07,2020-04-10,CUST-61790,Home Office,Baltimore,MD,East,Technology,Keyboards,18768.96,19,0.2,1147.91,1234.8,39.6953,-77.0638,2020,4,2,Apr,0.0612
ORD-15429,2023-08-12,2023-08-15,CUST-13066,Home Office,Dallas,TX,Central,Furniture,Bookshelves,2897.1,12,0.5,-482.47,482.85,32.1266,-97.0098,2023,8,3,Aug,-0.1665
ORD-15430,2022-06-09,2022-06-12,CUST-32235,Home Office,Memphis,TN,South,Technology,Cameras,525.69,1,0.2,35.79,657.11,35.1809,-90.0052,2022,6,2,Jun,0.0681
ORD-15432,2020-12-17,2020-12-22,CUST-91224,Home Office,Charlotte,NC,East,Technology,Smartphones,523.01,2,0.1,36.32,290.56,35.4709,-80.7681,2020,12,4,Dec,0.0694
ORD-15434,2020-03-11,2020-03-16,CUST-32716,Home Office,Boston,MA,East,Furniture,Rugs,1146.08,8,0.05,339.99,150.8,41.7922,-70.9666,2020,3,1,Mar,0.2967
ORD-15435,2020-03-24,2020-03-26,CUST-91027,Consumer,Philadelphia,PA,East,Technology,Keyboards,16362.12,12,0.0,2627.95,1363.51,39.8308,-74.9997,2020,3,1,Mar,0.1606
ORD-15438,2023-10-30,2023-10-31,CUST-37282,Home Office,Seattle,WA,West,Furniture,Conference Tables,2290.99,8,0.4,-35.39,477.29,47.3545,-122.3281,2023,10,4,Oct,-0.0154
ORD-15441,2021-05-19,2021-05-23,CUST-83967,Corporate,San Francisco,CA,West,Technology,Tablets,5451.24,6,0.0,781.83,908.54,38.1151,-122.4816,2021,5,2,May,0.1434
ORD-15444,2020-07-04,2020-07-06,CUST-90180,Corporate,Los Angeles,CA,West,Technology,Printers,2027.98,19,0.2,235.1,133.42,33.892,-118.3971,2020,7,3,Jul,0.1159
ORD-15446,2022-10-13,2022-10-17,CUST-18593,Consumer,Los Angeles,CA,West,Technology,Tablets,1002.46,7,0.1,102.04,159.12,34.3129,-118.4528,2022,10,4,Oct,0.1018
ORD-15451,2023-08-05,2023-08-06,CUST-27359,Corporate,Baltimore,MD,East,Technology,Smartwatches,6546.83,19,0.0,1651.31,344.57,39.1753,-77.2028,2023,8,3,Aug,0.2522
ORD-15454,2021-04-14,2021-04-15,CUST-72056,Home Office,Denver,CO,West,Furniture,Desks,7505.41,16,0.2,836.74,586.36,39.3863,-104.9698,2021,4,2,Apr,0.1115
ORD-15458,2022-03-27,2022-03-30,CUST-25789,Home Office,Dallas,TX,Central,Office Supplies,Folders,374.34,13,0.5,-22.28,57.59,33.0578,-96.8273,2022,3,1,Mar,-0.0595
ORD-15460,2023-04-29,2023-05-01,CUST-31786,Home Office,Miami,FL,South,Technology,Laptops,24452.28,18,0.0,5162.37,1358.46,25.9668,-79.9008,2023,4,2,Apr,0.2111
ORD-15465,2021-12-27,2021-12-28,CUST-93866,Corporate,New York,NY,East,Furniture,Filing Cabinets,2107.71,11,0.0,630.19,191.61,40.4786,-74.5422,2021,12,4,Dec,0.299
ORD-15468,2022-06-23,2022-06-27,CUST-42941,Home Office,Boston,MA,East,Technology,Laptops,13650.36,19,0.0,2534.84,718.44,42.1748,-71.0279,2022,6,2,Jun,0.1857
ORD-15469,2021-04-28,2021-05-04,CUST-87424,Home Office,San Francisco,CA,West,Technology,Cameras,5189.45,9,0.4,-608.5,961.01,37.9764,-122.6039,2021,4,2,Apr,-0.1173
ORD-15471,2022-09-16,2022-09-20,CUST-40733,Home Office,Las Vegas,NV,West,Technology,Printers,1283.56,2,0.05,227.38,675.56,36.5252,-115.0375,2022,9,3,Sep,0.1771
ORD-15476,2021-12-26,2021-12-27,CUST-97230,Corporate,Phoenix,AZ,West,Office Supplies,Folders,146.5,12,0.3,23.0,17.44,33.2694,-112.26,2021,12,4,Dec,0.157
ORD-15481,2021-11-14,2021-11-20,CUST-32517,Home Office,Minneapolis,MN,Central,Furniture,Office Chairs,4952.24,17,0.05,1076.96,306.64,44.8177,-93.0433,2021,11,4,Nov,0.2175
ORD-15486,2022-04-08,2022-04-15,CUST-32057,Consumer,St. Louis,MO,Central,Furniture,Lamps,2526.54,6,0.0,729.93,421.09,38.2251,-89.6695,2022,4,2,Apr,0.2889
ORD-15487,2022-02-03,2022-02-04,CUST-23931,Home Office,Houston,TX,Central,Technology,Keyboards,9982.31,19,0.15,1157.93,618.1,29.3379,-95.5026,2022,2,1,Feb,0.116
ORD-15488,2021-09-06,2021-09-10,CUST-21880,Consumer,Seattle,WA,West,Office Supplies,Scissors,372.24,6,0.0,150.96,62.04,48.1214,-122.6624,2021,9,3,Sep,0.4055
ORD-15492,2021-08-11,2021-08-16,CUST-32313,Consumer,San Francisco,CA,West,Technology,Printers,4617.0,19,0.2,502.34,303.75,38.1898,-122.6086,2021,8,3,Aug,0.1088
ORD-15494,2020-01-01,2020-01-04,CUST-34262,Corporate,Atlanta,GA,South,Technology,Mice,11005.72,11,0.2,507.63,1250.65,33.4391,-84.451,2020,1,1,Jan,0.0461
ORD-15497,2021-04-19,2021-04-24,CUST-36318,Consumer,Baltimore,MD,East,Furniture,Office Chairs,1753.89,3,0.05,452.8,615.4,39.4879,-76.2829,2021,4,2,Apr,0.2582
ORD-15498,2020-07-10,2020-07-11,CUST-79320,Corporate,San Francisco,CA,West,Technology,Printers,5657.14,19,0.2,127.82,372.18,37.1798,-122.4264,2020,7,3,Jul,0.0226
ORD-15502,2022-03-30,2022-04-02,CUST-67137,Corporate,Denver,CO,West,Furniture,Office Chairs,7247.76,13,0.0,2280.7,557.52,39.8148,-105.078,2022,3,1,Mar,0.3147
ORD-15504,2022-12-12,2022-12-18,CUST-45569,Home Office,Denver,CO,West,Furniture,Filing Cabinets,5649.36,12,0.0,1730.05,470.78,40.1946,-104.8655,2022,12,4,Dec,0.3062
ORD-15508,2020-10-27,2020-11-03,CUST-25029,Home Office,Atlanta,GA,South,Furniture,Standing Desks,1431.08,8,0.05,345.36,188.3,33.5999,-84.441,2020,10,4,Oct,0.2413
ORD-15511,2023-12-30,2023-12-31,CUST-46178,Corporate,Jacksonville,FL,East,Office Supplies,Binders,656.99,14,0.2,211.44,58.66,30.275,-81.6559,2023,12,4,Dec,0.3218
ORD-15512,2020-12-31,2021-01-04,CUST-65311,Corporate,Chicago,IL,Central,Office Supplies,Paper Reams,411.52,16,0.2,88.84,32.15,42.1797,-87.062,2020,12,4,Dec,0.2159
ORD-15513,2023-07-01,2023-07-02,CUST-77056,Consumer,Seattle,WA,West,Office Supplies,Binders,309.82,9,0.15,93.73,40.5,47.6348,-122.319,2023,7,3,Jul,0.3025
ORD-15516,2023-06-14,2023-06-19,CUST-83447,Home Office,Atlanta,GA,South,Technology,Headphones,2100.21,7,0.0,211.67,300.03,33.9735,-84.3498,2023,6,2,Jun,0.1008
ORD-15518,2020-06-08,2020-06-15,CUST-75664,Corporate,Denver,CO,West,Furniture,Sofas,3221.43,16,0.15,648.85,236.87,39.5266,-105.0953,2020,6,2,Jun,0.2014
ORD-15522,2020-01-23,2020-01-25,CUST-27932,Home Office,New Orleans,LA,South,Furniture,Lamps,7124.89,12,0.05,1706.05,624.99,30.2565,-90.1836,2020,1,1,Jan,0.2394
ORD-15523,2023-11-10,2023-11-14,CUST-10421,Corporate,New Orleans,LA,South,Office Supplies,Pens,347.76,6,0.0,175.32,57.96,30.0793,-90.4527,2023,11,4,Nov,0.5041
ORD-15528,2021-10-02,2021-10-06,CUST-89089,Home Office,Dallas,TX,Central,Office Supplies,Sticky Notes,198.06,9,0.15,54.18,25.89,32.5845,-97.4583,2021,10,4,Oct,0.2736
ORD-15529,2022-12-28,2022-12-29,CUST-48482,Corporate,New York,NY,East,Office Supplies,Paper Reams,299.88,9,0.2,95.95,41.65,40.9209,-73.85,2022,12,4,Dec,0.32
ORD-15532,2021-07-18,2021-07-20,CUST-64478,Corporate,Denver,CO,West,Office Supplies,Folders,117.39,15,0.3,19.75,11.18,39.3254,-105.1251,2021,7,3,Jul,0.1682
ORD-15535,2022-03-05,2022-03-12,CUST-96392,Home Office,Minneapolis,MN,Central,Furniture,Bookshelves,5935.6,8,0.0,2030.5,741.95,44.6646,-94.0295,2022,3,1,Mar,0.3421
ORD-15537,2022-11-25,2022-12-01,CUST-85610,Corporate,St. Louis,MO,Central,Technology,Cameras,12296.48,20,0.3,-385.56,878.32,38.5875,-90.1593,2022,11,4,Nov,-0.0314
ORD-15539,2020-03-24,2020-03-30,CUST-57623,Corporate,New York,NY,East,Office Supplies,Binders,457.38,15,0.1,163.02,33.88,40.9013,-73.9324,2020,3,1,Mar,0.3564
ORD-15541,2021-04-11,2021-04-17,CUST-13545,Consumer,Austin,TX,South,Technology,Keyboards,5275.16,8,0.05,1264.86,694.1,29.8143,-97.5886,2021,4,2,Apr,0.2398
ORD-15543,2021-03-08,2021-03-09,CUST-33990,Home Office,Austin,TX,South,Office Supplies,Tape,568.31,13,0.4,63.27,72.86,29.8981,-98.1909,2021,3,1,Mar,0.1113
ORD-15547,2023-08-08,2023-08-11,CUST-53135,Home Office,Denver,CO,West,Furniture,Lamps,1122.73,3,0.4,-64.33,623.74,39.5415,-104.754,2023,8,3,Aug,-0.0573
ORD-15552,2022-03-04,2022-03-08,CUST-90991,Consumer,Phoenix,AZ,West,Furniture,Wardrobes,1311.45,7,0.0,353.14,187.35,33.1931,-112.2535,2022,3,1,Mar,0.2693
ORD-15553,2021-10-22,2021-10-29,CUST-69691,Home Office,Austin,TX,South,Technology,Keyboards,1273.57,1,0.0,351.42,1273.57,30.2739,-97.7938,2021,10,4,Oct,0.2759
ORD-15557,2023-12-04,2023-12-11,CUST-61216,Corporate,Boston,MA,East,Office Supplies,Folders,177.75,3,0.0,70.12,59.25,42.7476,-71.2848,2023,12,4,Dec,0.3945
ORD-15562,2020-11-29,2020-12-04,CUST-90702,Corporate,San Francisco,CA,West,Technology,Smartphones,738.12,1,0.0,210.94,738.12,37.8331,-122.4681,2020,11,4,Nov,0.2858
ORD-15564,2022-10-01,2022-10-02,CUST-70771,Consumer,Jacksonville,FL,East,Office Supplies,Folders,1324.05,18,0.05,642.22,77.43,30.0133,-81.7561,2022,10,4,Oct,0.485
ORD-15565,2022-05-16,2022-05-23,CUST-37033,Home Office,Baltimore,MD,East,Office Supplies,Pens,490.5,10,0.0,165.97,49.05,39.5757,-76.1032,2022,5,2,May,0.3384
ORD-15570,2021-09-11,2021-09-17,CUST-64859,Corporate,Los Angeles,CA,West,Office Supplies,Paper Reams,319.1,20,0.5,26.64,31.91,34.4172,-118.2993,2021,9,3,Sep,0.0835
ORD-15575,2020-05-10,2020-05-15,CUST-79533,Consumer,Atlanta,GA,South,Furniture,Wardrobes,3644.98,11,0.1,735.33,368.18,33.2486,-83.7792,2020,5,2,May,0.2017
ORD-15579,2021-07-23,2021-07-29,CUST-80618,Home Office,Seattle,WA,West,Technology,Cameras,9816.0,8,0.0,2389.69,1227.0,47.4624,-121.9316,2021,7,3,Jul,0.2434
ORD-15582,2022-03-02,2022-03-08,CUST-94567,Consumer,Baltimore,MD,East,Furniture,Rugs,3103.49,13,0.0,780.1,238.73,39.412,-76.6618,2022,3,1,Mar,0.2514
ORD-15583,2023-09-09,2023-09-11,CUST-72384,Home Office,New York,NY,East,Furniture,Sofas,529.21,17,0.0,175.66,31.13,40.6909,-74.4453,2023,9,3,Sep,0.3319
ORD-15584,2021-09-03,2021-09-04,CUST-77840,Home Office,Charlotte,NC,East,Technology,Mice,11931.84,15,0.4,-1148.1,1325.76,35.5447,-80.8488,2021,9,3,Sep,-0.0962
ORD-15587,2022-12-18,2022-12-20,CUST-79019,Consumer,Baltimore,MD,East,Technology,Mice,25587.18,20,0.1,4573.86,1421.51,38.9763,-76.6179,2022,12,4,Dec,0.1788
ORD-15591,2020-10-28,2020-11-02,CUST-92751,Corporate,Chicago,IL,Central,Office Supplies,Pens,1298.12,17,0.0,478.71,76.36,42.0741,-87.6406,2020,10,4,Oct,0.3688
ORD-15592,2020-01-05,2020-01-09,CUST-32477,Home Office,Chicago,IL,Central,Technology,Mice,15866.67,19,0.2,1499.46,1043.86,42.1763,-87.4425,2020,1,1,Jan,0.0945
ORD-15593,2023-02-15,2023-02-16,CUST-93309,Consumer,Austin,TX,South,Furniture,Bookshelves,510.39,17,0.3,37.59,42.89,29.9705,-97.7408,2023,2,1,Feb,0.0736
ORD-15596,2021-07-05,2021-07-07,CUST-78409,Corporate,Denver,CO,West,Technology,Printers,12023.06,11,0.1,1362.76,1214.45,39.6368,-105.0924,2021,7,3,Jul,0.1133
ORD-15601,2021-08-27,2021-09-03,CUST-12433,Consumer,Atlanta,GA,South,Technology,Tablets,1929.88,5,0.2,21.24,482.47,33.1628,-84.5904,2021,8,3,Aug,0.011
ORD-15603,2021-05-24,2021-05-25,CUST-89959,Corporate,Philadelphia,PA,East,Technology,Headphones,5096.46,6,0.0,1170.5,849.41,39.5455,-75.1553,2021,5,2,May,0.2297
ORD-15604,2021-08-24,2021-08-26,CUST-56128,Consumer,Memphis,TN,South,Furniture,Office Chairs,7958.81,13,0.1,2507.13,680.24,35.4569,-89.5569,2021,8,3,Aug,0.315
ORD-15605,2022-10-23,2022-10-30,CUST-41859,Corporate,Dallas,TX,Central,Office Supplies,Scissors,173.42,3,0.1,58.89,64.23,33.1303,-97.0172,2022,10,4,Oct,0.3396
ORD-15610,2020-10-27,2020-10-28,CUST-58423,Home Office,Memphis,TN,South,Furniture,Rugs,5345.12,12,0.05,1217.53,468.87,34.3283,-89.6942,2020,10,4,Oct,0.2278
ORD-15615,2021-02-08,2021-02-10,CUST-79329,Consumer,St. Louis,MO,Central,Furniture,Standing Desks,1293.96,8,0.5,-29.74,323.49,38.464,-90.2762,2021,2,1,Feb,-0.023
ORD-15617,2022-02-02,2022-02-07,CUST-16618,Consumer,Nashville,TN,South,Office Supplies,Notebooks,733.5,10,0.0,265.75,73.35,36.2848,-86.4425,2022,2,1,Feb,0.3623
ORD-15618,2021-01-12,2021-01-14,CUST-69468,Corporate,Dallas,TX,Central,Office Supplies,Folders,378.45,14,0.2,57.85,33.79,32.9028,-96.883,2021,1,1,Jan,0.1529
ORD-15623,2023-06-03,2023-06-08,CUST-42499,Corporate,Miami,FL,South,Technology,Keyboards,10030.9,20,0.5,-1748.69,1003.09,25.9077,-80.2465,2023,6,2,Jun,-0.1743
ORD-15624,2023-02-12,2023-02-17,CUST-49466,Corporate,Seattle,WA,West,Office Supplies,Tape,228.6,15,0.2,53.68,19.05,47.5458,-122.0389,2023,2,1,Feb,0.2348
ORD-15629,2020-04-10,2020-04-15,CUST-79190,Consumer,Philadelphia,PA,East,Furniture,Rugs,5609.57,9,0.05,1575.94,656.09,40.0162,-75.5413,2020,4,2,Apr,0.2809
ORD-15633,2022-04-04,2022-04-05,CUST-29240,Consumer,Phoenix,AZ,West,Technology,Tablets,39.49,1,0.3,-1.54,56.41,33.7196,-112.0587,2022,4,2,Apr,-0.039
ORD-15638,2021-08-05,2021-08-11,CUST-74973,Consumer,Boston,MA,East,Office Supplies,Paper Reams,71.25,19,0.4,8.05,6.25,42.89,-70.7484,2021,8,3,Aug,0.113
ORD-15641,2020-09-28,2020-09-29,CUST-30941,Corporate,Dallas,TX,Central,Office Supplies,Folders,449.01,19,0.2,109.85,29.54,32.6267,-97.5661,2020,9,3,Sep,0.2446
ORD-15642,2023-12-23,2023-12-29,CUST-84740,Home Office,Seattle,WA,West,Technology,Keyboards,620.54,5,0.05,106.47,130.64,47.5122,-122.2129,2023,12,4,Dec,0.1716
ORD-15647,2023-06-28,2023-07-01,CUST-14450,Consumer,Austin,TX,South,Furniture,Wardrobes,3046.68,18,0.5,-328.11,338.52,30.1739,-98.2738,2023,6,2,Jun,-0.1077
ORD-15651,2020-06-23,2020-06-27,CUST-23173,Consumer,Minneapolis,MN,Central,Office Supplies,Staplers,370.94,12,0.2,71.59,38.64,45.123,-92.7552,2020,6,2,Jun,0.193
ORD-15655,2023-08-27,2023-09-02,CUST-43767,Consumer,New Orleans,LA,South,Furniture,Lamps,316.62,10,0.1,68.11,35.18,30.0483,-89.7843,2023,8,3,Aug,0.2151
ORD-15656,2020-05-28,2020-06-03,CUST-16793,Consumer,Jacksonville,FL,East,Technology,Keyboards,5243.91,7,0.0,941.05,749.13,30.44,-81.8721,2020,5,2,May,0.1795
ORD-15661,2020-12-13,2020-12-14,CUST-96932,Home Office,Austin,TX,South,Furniture,Filing Cabinets,4787.2,16,0.0,1643.16,299.2,30.3154,-97.6505,2020,12,4,Dec,0.3432
ORD-15662,2023-04-10,2023-04-15,CUST-34887,Home Office,Los Angeles,CA,West,Technology,Keyboards,1903.94,3,0.3,-112.58,906.64,34.2621,-117.6146,2023,4,2,Apr,-0.0591
ORD-15666,2021-07-17,2021-07-24,CUST-13364,Corporate,St. Louis,MO,Central,Technology,Printers,4888.69,15,0.3,-344.14,465.59,38.5281,-90.1305,2021,7,3,Jul,-0.0704
ORD-15670,2021-04-06,2021-04-09,CUST-52120,Consumer,Memphis,TN,South,Office Supplies,Scissors,119.47,3,0.3,23.81,56.89,34.9821,-90.8999,2021,4,2,Apr,0.1993
ORD-15672,2020-03-10,2020-03-16,CUST-80544,Home Office,Charlotte,NC,East,Technology,Headphones,22013.34,18,0.05,5458.42,1287.33,35.4582,-81.3629,2020,3,1,Mar,0.248
ORD-15673,2021-01-29,2021-02-01,CUST-55129,Corporate,Chicago,IL,Central,Furniture,Conference Tables,103.8,2,0.4,-5.23,86.5,42.3205,-87.2157,2021,1,1,Jan,-0.0504
ORD-15675,2020-07-14,2020-07-17,CUST-88941,Home Office,Kansas City,MO,Central,Office Supplies,Notebooks,655.86,15,0.15,214.42,51.44,39.0472,-94.5551,2020,7,3,Jul,0.3269
ORD-15678,2020-01-06,2020-01-07,CUST-51803,Corporate,Baltimore,MD,East,Technology,Headphones,664.0,10,0.0,141.73,66.4,39.6285,-76.8728,2020,1,1,Jan,0.2134
ORD-15683,2021-05-24,2021-05-29,CUST-60150,Consumer,Chicago,IL,Central,Office Supplies,Binders,777.54,18,0.05,248.59,45.47,42.1531,-87.6633,2021,5,2,May,0.3197
ORD-15687,2022-11-18,2022-11-21,CUST-80015,Consumer,Miami,FL,South,Office Supplies,Pens,466.2,18,0.0,218.61,25.9,25.5685,-80.2064,2022,11,4,Nov,0.4689
ORD-15692,2023-05-30,2023-06-05,CUST-37085,Consumer,Philadelphia,PA,East,Furniture,Conference Tables,6371.2,11,0.2,598.12,724.0,39.9522,-75.6036,2023,5,2,May,0.0939
ORD-15695,2022-05-05,2022-05-07,CUST-12708,Home Office,Las Vegas,NV,West,Technology,Keyboards,821.96,7,0.1,95.03,130.47,35.7391,-114.9318,2022,5,2,May,0.1156
ORD-15700,2023-05-24,2023-05-29,CUST-90626,Home Office,Baltimore,MD,East,Furniture,Office Chairs,1004.32,16,0.0,337.28,62.77,38.7709,-76.2098,2023,5,2,May,0.3358
ORD-15701,2020-06-10,2020-06-11,CUST-22615,Consumer,Charlotte,NC,East,Office Supplies,Binders,368.54,7,0.2,134.47,65.81,35.2438,-81.0323,2020,6,2,Jun,0.3649
ORD-15702,2023-02-22,2023-02-23,CUST-87856,Corporate,Kansas City,MO,Central,Furniture,Rugs,3712.39,11,0.0,1637.97,337.49,38.7043,-94.574,2023,2,1,Feb,0.4412
ORD-15706,2023-10-08,2023-10-10,CUST-72574,Home Office,Atlanta,GA,South,Furniture,Lamps,1019.7,5,0.0,315.07,203.94,34.1535,-84.2821,2023,10,4,Oct,0.309
ORD-15708,2022-09-10,2022-09-16,CUST-20476,Corporate,Houston,TX,Central,Office Supplies,Binders,111.84,2,0.0,41.95,55.92,29.4746,-95.4725,2022,9,3,Sep,0.3751
ORD-15712,2020-05-30,2020-06-06,CUST-60788,Home Office,Atlanta,GA,South,Furniture,Standing Desks,9463.68,20,0.2,848.45,591.48,33.7643,-84.5593,2020,5,2,May,0.0897
ORD-15714,2021-10-31,2021-11-06,CUST-60379,Consumer,Miami,FL,South,Furniture,Bookshelves,610.66,19,0.0,137.58,32.14,26.1465,-80.3393,2021,10,4,Oct,0.2253
ORD-15719,2020-09-22,2020-09-25,CUST-62597,Consumer,Jacksonville,FL,East,Office Supplies,Binders,69.76,16,0.2,12.32,5.45,30.2795,-81.6295,2020,9,3,Sep,0.1766
ORD-15724,2020-03-26,2020-03-30,CUST-94026,Consumer,Boston,MA,East,Technology,Mice,5149.56,13,0.0,683.23,396.12,42.4595,-71.3741,2020,3,1,Mar,0.1327
ORD-15729,2020-01-17,2020-01-22,CUST-25501,Corporate,Jacksonville,FL,East,Office Supplies,Scissors,382.14,18,0.0,185.55,21.23,30.4872,-81.77,2020,1,1,Jan,0.4856
ORD-15733,2020-02-29,2020-03-02,CUST-58631,Home Office,Los Angeles,CA,West,Office Supplies,Paper Reams,346.79,12,0.05,111.92,30.42,34.0185,-118.0562,2020,2,1,Feb,0.3227
ORD-15737,2020-08-17,2020-08-22,CUST-15635,Consumer,Memphis,TN,South,Office Supplies,Sticky Notes,186.3,6,0.4,14.67,51.75,35.0849,-90.0325,2020,8,3,Aug,0.0787
ORD-15738,2023-09-16,2023-09-19,CUST-51814,Corporate,Denver,CO,West,Furniture,Lamps,7071.66,9,0.0,1907.98,785.74,39.637,-105.6057,2023,9,3,Sep,0.2698
ORD-15739,2023-11-21,2023-11-24,CUST-81830,Corporate,St. Louis,MO,Central,Office Supplies,Envelopes,308.95,11,0.4,39.76,46.81,38.7196,-90.432,2023,11,4,Nov,0.1287
ORD-15744,2021-03-08,2021-03-11,CUST-99892,Home Office,Nashville,TN,South,Office Supplies,Sticky Notes,354.6,10,0.0,175.5,35.46,36.1961,-87.0908,2021,3,1,Mar,0.4949
ORD-15745,2022-10-10,2022-10-11,CUST-65050,Home Office,Dallas,TX,Central,Technology,Headphones,9364.52,11,0.2,963.02,1064.15,32.8994,-96.6816,2022,10,4,Oct,0.1028
ORD-15746,2022-07-05,2022-07-06,CUST-27181,Consumer,Seattle,WA,West,Office Supplies,Scissors,494.64,10,0.2,108.18,61.83,47.7451,-122.4085,2022,7,3,Jul,0.2187
ORD-15748,2022-01-17,2022-01-18,CUST-99049,Home Office,Seattle,WA,West,Technology,Keyboards,1245.24,3,0.3,9.71,592.97,47.0385,-122.4602,2022,1,1,Jan,0.0078
ORD-15751,2022-05-16,2022-05-17,CUST-49612,Corporate,Baltimore,MD,East,Furniture,Desks,5646.0,12,0.0,2179.96,470.5,39.0599,-76.7912,2022,5,2,May,0.3861
ORD-15753,2021-09-21,2021-09-25,CUST-22723,Corporate,Philadelphia,PA,East,Technology,Smartwatches,7021.37,19,0.15,544.87,434.76,39.5856,-75.8225,2021,9,3,Sep,0.0776
ORD-15758,2021-10-15,2021-10-21,CUST-79667,Consumer,St. Louis,MO,Central,Furniture,Wardrobes,6739.65,15,0.4,-212.5,748.85,38.6708,-90.2158,2021,10,4,Oct,-0.0315
ORD-15760,2022-04-08,2022-04-13,CUST-52240,Home Office,Austin,TX,South,Office Supplies,Binders,94.63,7,0.05,33.38,14.23,30.2829,-97.4331,2022,4,2,Apr,0.3527
ORD-15764,2022-03-21,2022-03-26,CUST-72134,Corporate,Nashville,TN,South,Office Supplies,Folders,59.75,1,0.05,20.94,62.9,35.9978,-86.8643,2022,3,1,Mar,0.3505
ORD-15766,2023-08-08,2023-08-09,CUST-38444,Consumer,Charlotte,NC,East,Furniture,Filing Cabinets,660.48,19,0.3,58.76,49.66,35.6536,-81.0284,2023,8,3,Aug,0.089
ORD-15767,2022-09-08,2022-09-10,CUST-34385,Home Office,San Francisco,CA,West,Office Supplies,Envelopes,159.16,5,0.1,51.72,35.37,37.8715,-122.7178,2022,9,3,Sep,0.325
ORD-15771,2022-07-31,2022-08-04,CUST-41032,Corporate,Seattle,WA,West,Technology,Tablets,18147.22,20,0.3,-344.42,1296.23,47.1703,-122.8607,2022,7,3,Jul,-0.019
ORD-15774,2023-08-27,2023-08-29,CUST-10017,Corporate,San Francisco,CA,West,Office Supplies,Folders,13.26,2,0.0,5.55,6.63,37.6548,-122.3593,2023,8,3,Aug,0.4186
ORD-15779,2020-12-24,2020-12-29,CUST-87462,Consumer,Baltimore,MD,East,Office Supplies,Paper Reams,245.43,9,0.0,97.95,27.27,38.9971,-76.6236,2020,12,4,Dec,0.3991
ORD-15780,2021-10-19,2021-10-26,CUST-68007,Corporate,Phoenix,AZ,West,Technology,Headphones,1262.33,3,0.2,-2.09,525.97,33.8673,-112.4768,2021,10,4,Oct,-0.0017
ORD-15783,2020-05-22,2020-05-24,CUST-42224,Home Office,Minneapolis,MN,Central,Office Supplies,Envelopes,76.03,18,0.2,17.5,5.28,44.6673,-93.0989,2020,5,2,May,0.2302
ORD-15785,2023-07-04,2023-07-10,CUST-19887,Corporate,Las Vegas,NV,West,Technology,Tablets,6530.01,5,0.05,1067.19,1374.74,36.0144,-114.884,2023,7,3,Jul,0.1634
ORD-15788,2022-04-02,2022-04-05,CUST-16862,Corporate,Memphis,TN,South,Office Supplies,Pens,50.5,16,0.4,4.11,5.26,35.305,-90.3444,2022,4,2,Apr,0.0814
ORD-15789,2021-10-03,2021-10-05,CUST-93927,Home Office,Denver,CO,West,Technology,Keyboards,15599.2,20,0.0,2336.12,779.96,39.7722,-105.0757,2021,10,4,Oct,0.1498
ORD-15794,2022-10-12,2022-10-15,CUST-31889,Consumer,Memphis,TN,South,Furniture,Office Chairs,593.96,1,0.15,125.52,698.78,35.126,-89.9885,2022,10,4,Oct,0.2113
ORD-15796,2023-03-11,2023-03-12,CUST-76631,Corporate,Austin,TX,South,Furniture,Bookshelves,454.94,14,0.2,26.76,40.62,30.8365,-97.7893,2023,3,1,Mar,0.0588
ORD-15798,2020-05-25,2020-05-28,CUST-23695,Corporate,St. Louis,MO,Central,Furniture,Sofas,2589.7,19,0.5,-168.64,272.6,38.3792,-90.1076,2020,5,2,May,-0.0651
ORD-15799,2022-09-19,2022-09-25,CUST-43775,Home Office,Phoenix,AZ,West,Office Supplies,Envelopes,647.52,19,0.5,-42.18,68.16,33.5856,-112.1768,2022,9,3,Sep,-0.0651
ORD-15803,2021-10-04,2021-10-05,CUST-48875,Corporate,Atlanta,GA,South,Office Supplies,Envelopes,164.56,10,0.2,39.73,20.57,33.9594,-84.7598,2021,10,4,Oct,0.2414
ORD-15804,2021-06-10,2021-06-14,CUST-96577,Home Office,San Francisco,CA,West,Technology,Monitors,575.06,4,0.4,-77.19,239.61,37.9072,-121.7905,2021,6,2,Jun,-0.1342
ORD-15808,2021-11-26,2021-11-28,CUST-31410,Home Office,Boston,MA,East,Office Supplies,Binders,117.68,9,0.3,18.02,18.68,42.5373,-71.0921,2021,11,4,Nov,0.1531
ORD-15812,2021-09-14,2021-09-18,CUST-70436,Home Office,San Francisco,CA,West,Office Supplies,Folders,448.55,10,0.15,169.15,52.77,37.2458,-122.3916,2021,9,3,Sep,0.3771
ORD-15815,2020-10-16,2020-10-18,CUST-96148,Home Office,Atlanta,GA,South,Office Supplies,Folders,375.69,7,0.0,119.74,53.67,32.998,-84.3008,2020,10,4,Oct,0.3187
ORD-15818,2022-02-26,2022-03-04,CUST-62535,Consumer,Chicago,IL,Central,Furniture,Rugs,275.91,3,0.5,-25.67,183.94,41.7645,-87.6819,2022,2,1,Feb,-0.093
ORD-15822,2023-01-03,2023-01-10,CUST-91727,Home Office,Minneapolis,MN,Central,Office Supplies,Envelopes,211.25,9,0.2,83.43,29.34,44.9025,-93.117,2023,1,1,Jan,0.3949
ORD-15826,2023-01-14,2023-01-16,CUST-25640,Home Office,Kansas City,MO,Central,Furniture,Filing Cabinets,656.18,1,0.05,149.3,690.72,39.1886,-94.6515,2023,1,1,Jan,0.2275
ORD-15829,2022-05-04,2022-05-05,CUST-68932,Consumer,Charlotte,NC,East,Technology,Smartwatches,6973.99,13,0.15,554.25,631.13,35.7757,-80.4868,2022,5,2,May,0.0795
ORD-15830,2022-12-06,2022-12-10,CUST-32563,Home Office,Nashville,TN,South,Furniture,Lamps,5742.4,11,0.15,1072.89,614.16,35.4787,-86.8883,2022,12,4,Dec,0.1868
ORD-15835,2020-01-15,2020-01-16,CUST-27405,Consumer,Minneapolis,MN,Central,Furniture,Sofas,3015.38,13,0.2,829.69,289.94,44.9108,-92.939,2020,1,1,Jan,0.2752
ORD-15838,2022-04-29,2022-05-03,CUST-44080,Consumer,St. Louis,MO,Central,Technology,Keyboards,4538.81,12,0.1,962.67,420.26,38.6957,-90.4525,2022,4,2,Apr,0.2121
ORD-15843,2021-08-29,2021-08-30,CUST-65810,Corporate,Charlotte,NC,East,Office Supplies,Envelopes,80.48,5,0.2,9.52,20.12,35.4352,-81.0844,2021,8,3,Aug,0.1183
ORD-15848,2020-03-26,2020-04-01,CUST-49098,Corporate,Charlotte,NC,East,Technology,Keyboards,2118.96,3,0.0,484.83,706.32,34.8551,-80.9196,2020,3,1,Mar,0.2288
ORD-15853,2022-04-22,2022-04-23,CUST-80080,Home Office,Dallas,TX,Central,Technology,Cameras,416.05,6,0.4,-40.9,115.57,32.8606,-97.1344,2022,4,2,Apr,-0.0983
ORD-15858,2020-05-21,2020-05-23,CUST-72341,Home Office,Los Angeles,CA,West,Office Supplies,Binders,564.84,9,0.0,259.74,62.76,33.8709,-118.7423,2020,5,2,May,0.4598
ORD-15863,2021-11-20,2021-11-22,CUST-11727,Corporate,New Orleans,LA,South,Furniture,Bookshelves,3102.3,18,0.1,665.59,191.5,29.9603,-90.0218,2021,11,4,Nov,0.2145
ORD-15868,2021-12-25,2022-01-01,CUST-52187,Consumer,Houston,TX,Central,Technology,Headphones,14821.3,13,0.0,4270.11,1140.1,29.6891,-95.4059,2021,12,4,Dec,0.2881
ORD-15869,2021-05-29,2021-06-04,CUST-28396,Home Office,Memphis,TN,South,Office Supplies,Paper Reams,31.26,1,0.4,0.78,52.1,35.3962,-89.9947,2021,5,2,May,0.025
ORD-15874,2021-07-07,2021-07-09,CUST-28338,Corporate,Atlanta,GA,South,Technology,Smartwatches,1454.48,2,0.4,-175.99,1212.07,33.1786,-83.9567,2021,7,3,Jul,-0.121
ORD-15878,2022-08-17,2022-08-19,CUST-71756,Consumer,Kansas City,MO,Central,Furniture,Wardrobes,1435.49,10,0.3,-1.99,205.07,38.9226,-94.4725,2022,8,3,Aug,-0.0014
ORD-15883,2023-06-02,2023-06-05,CUST-30836,Corporate,Kansas City,MO,Central,Furniture,Lamps,292.86,4,0.1,46.91,81.35,38.6519,-95.2172,2023,6,2,Jun,0.1602
ORD-15886,2020-09-21,2020-09-28,CUST-23896,Home Office,Los Angeles,CA,West,Office Supplies,Folders,846.36,20,0.4,98.22,70.53,33.8864,-117.3618,2020,9,3,Sep,0.116
ORD-15888,2022-05-29,2022-05-30,CUST-70194,Consumer,Miami,FL,South,Technology,Monitors,11855.48,12,0.1,1070.34,1097.73,25.4936,-80.3596,2022,5,2,May,0.0903
ORD-15890,2020-07-21,2020-07-28,CUST-96140,Consumer,Austin,TX,South,Furniture,Rugs,239.4,15,0.5,-21.03,31.92,30.1289,-97.5563,2020,7,3,Jul,-0.0878
ORD-15893,2022-08-17,2022-08-22,CUST-83810,Consumer,Boston,MA,East,Technology,Cameras,3856.56,17,0.15,196.96,266.89,41.9455,-71.5995,2022,8,3,Aug,0.0511
ORD-15894,2020-02-17,2020-02-21,CUST-69023,Home Office,Minneapolis,MN,Central,Office Supplies,Folders,55.41,5,0.3,2.71,15.83,44.8246,-93.3603,2020,2,1,Feb,0.0489
ORD-15897,2023-10-23,2023-10-30,CUST-45747,Corporate,Philadelphia,PA,East,Technology,Monitors,2007.77,19,0.2,57.08,132.09,40.323,-74.7916,2023,10,4,Oct,0.0284
ORD-15901,2022-08-12,2022-08-16,CUST-75064,Corporate,Atlanta,GA,South,Office Supplies,Folders,692.0,19,0.3,99.14,52.03,33.2118,-84.56,2022,8,3,Aug,0.1433
ORD-15905,2020-06-07,2020-06-14,CUST-77395,Home Office,Houston,TX,Central,Technology,Smartwatches,14263.79,18,0.05,2139.7,834.14,29.5629,-95.5793,2020,6,2,Jun,0.15
ORD-15909,2022-10-08,2022-10-13,CUST-31973,Corporate,Boston,MA,East,Office Supplies,Notebooks,43.24,2,0.5,-1.41,43.24,42.244,-71.2507,2022,10,4,Oct,-0.0326
ORD-15913,2023-02-01,2023-02-06,CUST-62244,Corporate,New Orleans,LA,South,Technology,Cameras,9689.85,15,0.0,2232.7,645.99,30.0581,-90.3432,2023,2,1,Feb,0.2304
ORD-15916,2023-10-27,2023-10-28,CUST-21562,Corporate,Philadelphia,PA,East,Technology,Smartwatches,1296.3,6,0.0,367.57,216.05,39.656,-75.6453,2023,10,4,Oct,0.2836
ORD-15917,2023-08-11,2023-08-15,CUST-62663,Home Office,Philadelphia,PA,East,Office Supplies,Folders,183.76,4,0.3,32.9,65.63,39.7048,-75.0636,2023,8,3,Aug,0.179
ORD-15919,2020-04-06,2020-04-10,CUST-60806,Consumer,Memphis,TN,South,Office Supplies,Pens,182.51,19,0.4,-7.33,16.01,35.5677,-89.8483,2020,4,2,Apr,-0.0402
ORD-15920,2022-06-13,2022-06-19,CUST-65145,Home Office,San Francisco,CA,West,Furniture,Rugs,3227.2,10,0.15,338.78,379.67,37.3264,-121.9183,2022,6,2,Jun,0.105
ORD-15923,2022-04-27,2022-05-04,CUST-56440,Home Office,Nashville,TN,South,Furniture,Rugs,11241.53,17,0.05,2508.33,696.07,35.9197,-87.4598,2022,4,2,Apr,0.2231
ORD-15926,2020-07-26,2020-08-02,CUST-53158,Consumer,Atlanta,GA,South,Furniture,Lamps,3220.86,6,0.0,909.77,536.81,33.6817,-84.1754,2020,7,3,Jul,0.2825
ORD-15928,2023-10-16,2023-10-17,CUST-77708,Corporate,St. Louis,MO,Central,Technology,Keyboards,1404.72,12,0.5,-351.12,234.12,38.1739,-90.0647,2023,10,4,Oct,-0.25
ORD-15931,2021-09-29,2021-10-02,CUST-73359,Consumer,St. Louis,MO,Central,Furniture,Sofas,1880.2,17,0.0,658.7,110.6,38.1587,-89.8755,2021,9,3,Sep,0.3503
ORD-15932,2021-04-09,2021-04-15,CUST-52506,Consumer,Jacksonville,FL,East,Office Supplies,Notebooks,347.89,11,0.3,56.32,45.18,30.6575,-81.6711,2021,4,2,Apr,0.1619
ORD-15934,2020-03-17,2020-03-22,CUST-40424,Home Office,New Orleans,LA,South,Office Supplies,Notebooks,577.2,15,0.0,158.09,38.48,29.9044,-89.752,2020,3,1,Mar,0.2739
ORD-15936,2022-11-15,2022-11-18,CUST-65477,Corporate,St. Louis,MO,Central,Furniture,Conference Tables,3548.07,9,0.0,905.87,394.23,38.5136,-90.2528,2022,11,4,Nov,0.2553
ORD-15937,2021-03-22,2021-03-24,CUST-56539,Corporate,Nashville,TN,South,Technology,Smartphones,9746.62,20,0.05,341.37,512.98,36.6714,-87.0504,2021,3,1,Mar,0.035
ORD-15939,2023-12-11,2023-12-17,CUST-14947,Home Office,Nashville,TN,South,Furniture,Bookshelves,629.43,5,0.4,3.33,209.81,36.144,-86.4027,2023,12,4,Dec,0.0053
ORD-15942,2022-01-24,2022-01-30,CUST-21858,Home Office,Phoenix,AZ,West,Technology,Keyboards,9816.7,10,0.0,2358.98,981.67,33.3795,-112.3381,2022,1,1,Jan,0.2403
ORD-15946,2021-12-11,2021-12-17,CUST-37171,Home Office,Memphis,TN,South,Furniture,Desks,4310.73,9,0.0,1465.18,478.97,34.588,-89.8562,2021,12,4,Dec,0.3399
ORD-15951,2021-06-05,2021-06-09,CUST-47150,Home Office,Houston,TX,Central,Furniture,Lamps,1509.29,6,0.15,188.73,295.94,30.1357,-95.3216,2021,6,2,Jun,0.125
ORD-15953,2023-06-02,2023-06-03,CUST-20082,Home Office,Jacksonville,FL,East,Furniture,Sofas,451.64,14,0.0,150.04,32.26,30.3546,-82.1757,2023,6,2,Jun,0.3322
ORD-15956,2023-08-15,2023-08-22,CUST-97509,Consumer,Baltimore,MD,East,Office Supplies,Folders,576.72,10,0.1,159.73,64.08,39.4917,-76.56,2023,8,3,Aug,0.277
ORD-15958,2023-04-24,2023-04-27,CUST-87527,Home Office,Austin,TX,South,Office Supplies,Pens,697.14,18,0.0,320.02,38.73,30.391,-98.03,2023,4,2,Apr,0.459
ORD-15959,2023-07-28,2023-07-30,CUST-85384,Home Office,Phoenix,AZ,West,Furniture,Sofas,309.88,7,0.15,43.44,52.08,33.4809,-112.7642,2023,7,3,Jul,0.1402
ORD-15963,2021-01-21,2021-01-25,CUST-67082,Home Office,Memphis,TN,South,Technology,Smartphones,7342.5,13,0.2,1054.91,706.01,35.2825,-89.6819,2021,1,1,Jan,0.1437
ORD-15965,2022-03-18,2022-03-20,CUST-99135,Home Office,New York,NY,East,Technology,Keyboards,2719.35,9,0.0,383.35,302.15,41.0834,-73.3406,2022,3,1,Mar,0.141
ORD-15969,2020-03-22,2020-03-23,CUST-56934,Home Office,Seattle,WA,West,Office Supplies,Envelopes,260.57,7,0.2,45.33,46.53,47.8414,-122.3297,2020,3,1,Mar,0.174
ORD-15972,2020-05-27,2020-05-30,CUST-13526,Home Office,New York,NY,East,Furniture,Lamps,1091.61,5,0.1,155.86,242.58,40.8579,-73.7599,2020,5,2,May,0.1428
ORD-15973,2022-07-26,2022-07-29,CUST-24423,Consumer,San Francisco,CA,West,Technology,Keyboards,14212.12,13,0.2,425.56,1366.55,38.1198,-122.92,2022,7,3,Jul,0.0299
ORD-15978,2021-03-22,2021-03-23,CUST-93061,Corporate,Miami,FL,South,Furniture,Bookshelves,9239.17,19,0.2,602.97,607.84,25.811,-80.1824,2021,3,1,Mar,0.0653
ORD-15983,2021-01-09,2021-01-13,CUST-15895,Home Office,Houston,TX,Central,Office Supplies,Staplers,889.51,15,0.1,252.77,65.89,30.0029,-95.2107,2021,1,1,Jan,0.2842
ORD-15986,2021-01-01,2021-01-07,CUST-99567,Consumer,Philadelphia,PA,East,Office Supplies,Sticky Notes,776.26,11,0.1,281.71,78.41,39.9131,-74.9792,2021,1,1,Jan,0.3629
ORD-15988,2021-01-04,2021-01-09,CUST-18664,Consumer,Kansas City,MO,Central,Furniture,Lamps,523.43,18,0.05,124.43,30.61,39.7161,-94.8238,2021,1,1,Jan,0.2377
ORD-15991,2023-11-25,2023-11-26,CUST-22162,Home Office,Houston,TX,Central,Furniture,Standing Desks,3061.92,12,0.0,1240.89,255.16,29.7705,-95.7827,2023,11,4,Nov,0.4053
ORD-15994,2022-12-13,2022-12-18,CUST-11830,Corporate,Boston,MA,East,Office Supplies,Envelopes,146.4,15,0.0,68.57,9.76,42.3978,-70.8047,2022,12,4,Dec,0.4684
ORD-15999,2023-08-25,2023-08-29,CUST-16763,Corporate,Houston,TX,Central,Technology,Headphones,2230.06,14,0.15,359.47,187.4,29.8614,-95.5477,2023,8,3,Aug,0.1612
ORD-16002,2021-05-13,2021-05-14,CUST-39994,Corporate,New York,NY,East,Office Supplies,Folders,119.1,10,0.0,53.45,11.91,40.7102,-73.8042,2021,5,2,May,0.4488
ORD-16003,2023-07-16,2023-07-17,CUST-90627,Consumer,Austin,TX,South,Office Supplies,Scissors,46.16,1,0.0,13.49,46.16,30.4041,-97.9316,2023,7,3,Jul,0.2922
ORD-16004,2021-09-08,2021-09-10,CUST-28715,Corporate,Memphis,TN,South,Office Supplies,Sticky Notes,234.23,11,0.4,38.1,35.49,35.3369,-89.978,2021,9,3,Sep,0.1627
ORD-16005,2020-05-27,2020-05-30,CUST-34207,Consumer,New Orleans,LA,South,Office Supplies,Paper Reams,53.28,9,0.0,22.61,5.92,29.6505,-89.583,2020,5,2,May,0.4244
ORD-16007,2021-11-17,2021-11-23,CUST-47788,Corporate,Los Angeles,CA,West,Technology,Cameras,15063.73,11,0.0,4813.89,1369.43,34.1679,-117.7629,2021,11,4,Nov,0.3196
ORD-16012,2022-04-06,2022-04-10,CUST-28568,Consumer,New York,NY,East,Furniture,Bookshelves,2180.64,16,0.5,-280.12,272.58,40.4709,-73.9977,2022,4,2,Apr,-0.1285
ORD-16013,2021-02-25,2021-03-04,CUST-51879,Consumer,New York,NY,East,Furniture,Standing Desks,2286.16,17,0.0,735.57,134.48,40.5918,-73.8487,2021,2,1,Feb,0.3217
ORD-16014,2020-12-26,2020-12-27,CUST-19899,Home Office,Phoenix,AZ,West,Technology,Tablets,3586.68,12,0.5,-590.66,597.78,33.1505,-111.9144,2020,12,4,Dec,-0.1647
ORD-16019,2021-03-04,2021-03-06,CUST-59654,Corporate,Philadelphia,PA,East,Furniture,Rugs,3903.17,19,0.0,1339.48,205.43,40.0014,-74.8142,2021,3,1,Mar,0.3432
ORD-16021,2023-05-09,2023-05-12,CUST-49882,Home Office,Philadelphia,PA,East,Technology,Monitors,13826.89,11,0.0,2200.27,1256.99,40.0904,-75.5111,2023,5,2,May,0.1591
